,TRM,Local Ratio,GHS,RHS,TRHS
0,0.009644,0.565577,20.165096,0.211765,0.188812
