,TRM,Local Ratio,GHS,RHS,TRHS
0,0.035528,4.570422,28.467839,0.754654,0.603281
