,TRM,Local Ratio,GHS,RHS,TRHS
0,0.015009,0.48481,30.543485,0.214848,0.142039
