,TRM,Local Ratio,GHS,RHS,TRHS
0,0.001589,0.029351,16.424526,0.012825,0.013438
