,TRM,Local Ratio,GHS,RHS,TRHS
0,0.108865,28.198338,84.41888,1.953552,1.583227
