,TRM,Local Ratio,GHS,RHS,TRHS
0,0.074343,11.9872,54.4232,1.212146,1.211764
