,TRM,Local Ratio,GHS,RHS,TRHS
0,0.011688,0.768464,23.733939,0.243982,0.15632
