,TRM,Local Ratio,GHS,RHS,TRHS
0,0.06012,7.797164,38.286435,0.812613,0.60539
