,TRM,Local Ratio,GHS,RHS,TRHS
0,0.001636,0.050407,19.556409,0.008187,0.007725
