,TRM,Local Ratio,GHS,RHS,TRHS
0,0.014323,0.584174,23.125506,0.152876,0.123976
