,TRM,Local Ratio,GHS,RHS,TRHS
0,0.007084,0.247749,32.01447,0.115798,0.062419
