,TRM,Local Ratio,GHS,RHS,TRHS
0,0.003848,0.101306,17.064168,0.036362,0.029682
