,TRM,Local Ratio,GHS,RHS,TRHS
0,0.014364,1.21237,19.58694,0.415489,0.222211
