,TRM,Local Ratio,GHS,RHS,TRHS
0,0.004347,0.162269,14.957549,0.068468,0.044732
