,TRM,Local Ratio,GHS,RHS,TRHS
0,0.096085,26.056026,83.445308,1.781329,2.23581
