,TRM,Local Ratio,GHS,RHS,TRHS
0,0.01354,0.814563,23.148207,0.308739,0.168632
