,TRM,Local Ratio,GHS,RHS,TRHS
0,0.012059,0.456608,26.285136,0.12417,0.057194
