,TRM,Local Ratio,GHS,RHS,TRHS
0,0.005262,0.303244,20.708005,0.016704,0.011674
