,TRM,Local Ratio,GHS,RHS,TRHS
0,0.014198,1.437612,26.227613,0.14686,0.131946
