,TRM,Local Ratio,GHS,RHS,TRHS
0,0.00634,0.36549,21.920781,0.10922,0.06594
