,TRM,Local Ratio,GHS,RHS,TRHS
0,0.005278,0.186497,17.999848,0.056335,0.045276
