,TRM,Local Ratio,GHS,RHS,TRHS
0,0.074862,19.674888,73.196547,1.78847,1.847676
