,TRM,Local Ratio,GHS,RHS,TRHS
0,0.061187,11.734307,42.811324,1.209808,0.6534
