,TRM,Local Ratio,GHS,RHS,TRHS
0,131459.46660999686,130730.87810844582,130730.87810844582,130730.87810844582,130730.87810844582
