,TRM,Local Ratio,GHS,RHS,TRHS
0,61971.33550800188,61967.01170052313,61967.01170052313,61967.01170052313,61967.01170052313
