,TRM,Local Ratio,GHS,RHS,TRHS
0,72895.77552093877,67251.34308226134,67519.4138888903,68205.82212093074,67944.75727472092
