,TRM,Local Ratio,GHS,RHS,TRHS
0,267705.9217003837,261697.20550088206,261386.47926585498,262579.82014787337,264717.85425704904
