,TRM,Local Ratio,GHS,RHS,TRHS
0,88885.38017018347,88084.8813027192,88084.8813027192,87189.80642863752,88084.8813027192
