,TRM,Local Ratio,GHS,RHS,TRHS
0,79400.72610806438,79400.72610806438,79400.72610806438,79400.72610806438,79400.72610806438
