,TRM,Local Ratio,GHS,RHS,TRHS
0,45838.70676429079,45838.70676429079,45838.70676429079,45838.70676429079,45838.70676429079
