,TRM,Local Ratio,GHS,RHS,TRHS
0,58047.972864600386,57475.71777474494,57475.71777474494,57475.71777474494,57475.71777474494
