,TRM,Local Ratio,GHS,RHS,TRHS
0,59647.63388831835,59505.9455529143,59505.9455529143,59588.1282532269,59505.9455529143
