,TRM,Local Ratio,GHS,RHS,TRHS
0,63860.35600781445,66377.0758844567,62901.91766454201,63007.74655434298,63106.57227516383
