,TRM,Local Ratio,GHS,RHS,TRHS
0,65938.14850597735,65369.65586079253,65369.65586079253,65369.65586079253,65369.65586079253
