,TRM,Local Ratio,GHS,RHS,TRHS
0,40778.878087013945,40778.878087013945,40778.878087013945,40778.878087013945,40778.878087013945
