,TRM,Local Ratio,GHS,RHS,TRHS
0,45691.83127196482,45691.83127196482,45691.83127196482,45691.83127196482,45691.83127196482
