,TRM,Local Ratio,GHS,RHS,TRHS
0,25201.001532649276,25201.001532649276,25201.001532649276,25201.001532649276,25201.001532649276
