,TRM,Local Ratio,GHS,RHS,TRHS
0,26796.864964160486,25751.736340616902,25751.736340616902,25751.736340616902,25751.736340616902
