,TRM,Local Ratio,GHS,RHS,TRHS
0,142154.02724762773,143256.5943332092,141605.47557964196,141280.6581546953,142053.22165288517
