,TRM,Local Ratio,GHS,RHS,TRHS
0,70692.20093507906,70692.20093507906,70692.20093507906,70692.20093507906,70692.20093507906
