,TRM,Local Ratio,GHS,RHS,TRHS
0,90095.63058903287,89162.77884822244,91196.53194323798,91041.18204218669,89979.5052647295
