,TRM,Local Ratio,GHS,RHS,TRHS
0,147030.29195155145,147030.29195155145,147030.29195155145,147465.84441933047,147030.29195155145
