,TRM,Local Ratio,GHS,RHS,TRHS
0,151660.34655904124,147640.9556641079,146520.20503810683,147968.6779516101,151228.42097375382
