,TRM,Local Ratio,GHS,RHS,TRHS
0,276140.8071030812,273829.3298831801,274992.4224715907,275386.30975061905,275150.523690618
