,TRM,Local Ratio,GHS,RHS,TRHS
0,181471.38346573475,178609.34884289422,180836.94590703645,179551.7081160815,178758.27084090252
