,TRM,Local Ratio,GHS,RHS,TRHS
0,30001.620814507933,28746.564117541056,28746.564117541056,29273.238417506807,28746.564117541056
