,TRM,Local Ratio,GHS,RHS,TRHS
0,344525.6571903684,339552.662056056,338280.75219670945,339625.4772590731,338648.35778431734
