,TRM,Local Ratio,GHS,RHS,TRHS
0,21315.172258604405,21315.172258604405,21315.172258604405,21315.172258604405,21315.172258604405
