,TRM,Local Ratio,GHS,RHS,TRHS
0,226274.3593660996,218198.2050459285,223362.89788341534,217597.09716226542,224353.03077291523
