,TRM,Local Ratio,GHS,RHS,TRHS
0,91173.5416387091,91173.5416387091,91173.5416387091,91173.5416387091,91173.5416387091
