,TRM,Local Ratio,GHS,RHS,TRHS
0,46872.71463155659,46697.48825205595,46872.71463155659,46872.71463155659,46872.71463155659
