,TRM,Local Ratio,GHS,RHS,TRHS
0,149697.19092373346,145878.88393259188,148440.54627404734,148517.26598168848,148440.54627404734
