,TRM,Local Ratio,GHS,RHS,TRHS
0,113137.5286449955,113137.5286449955,113137.5286449955,113240.33913621135,113137.5286449955
