,TRM,Local Ratio,GHS,RHS,TRHS
0,26539.614383609034,26539.614383609034,26539.614383609034,26539.614383609034,26539.614383609034
