,TRM,Local Ratio,GHS,RHS,TRHS
0,282498.45472834195,272597.7652507586,274610.06272691983,274778.13193560904,277843.0842180705
