,TRM,Local Ratio,GHS,RHS,TRHS
0,0.214093,2069.723832,418.024758,5.189727,4.341595
