,TRM,Local Ratio,GHS,RHS,TRHS
0,0.276106,263.064946,275.578861,4.819442,5.05111
