,TRM,Local Ratio,GHS,RHS,TRHS
0,0.130006,69.016267,140.127241,2.141174,2.25353
