,TRM,Local Ratio,GHS,RHS,TRHS
0,0.159041,40.611683,96.424956,1.776357,1.641938
