,TRM,Local Ratio,GHS,RHS,TRHS
0,0.077594,11.720862,39.447494,0.744261,0.5637
