,TRM,Local Ratio,GHS,RHS,TRHS
0,0.060421,7.407683,31.206337,0.570821,0.427633
