,TRM,Local Ratio,GHS,RHS,TRHS
0,0.083786,11.311995,43.223199,0.857425,0.553124
