,TRM,Local Ratio,GHS,RHS,TRHS
0,0.147457,79.034094,168.817299,3.439316,3.049024
