,TRM,Local Ratio,GHS,RHS,TRHS
0,0.140959,22.934062,69.069429,1.813177,0.869545
