,TRM,Local Ratio,GHS,RHS,TRHS
0,0.079651,16.891,55.206295,0.962396,0.557379
