,TRM,Local Ratio,GHS,RHS,TRHS
0,0.16954,78.79212,143.401449,2.945185,2.661646
