,TRM,Local Ratio,GHS,RHS,TRHS
0,0.112719,24.34347,71.222363,1.477932,1.153167
