,TRM,Local Ratio,GHS,RHS,TRHS
0,0.066032,12.481521,40.078451,1.136156,0.76442
