,TRM,Local Ratio,GHS,RHS,TRHS
0,0.08093,21.399324,66.561076,2.266585,0.68974
