,TRM,Local Ratio,GHS,RHS,TRHS
0,0.018679,1.314975,20.08769,0.214471,0.237285
