,TRM,Local Ratio,GHS,RHS,TRHS
0,0.130138,1.083917,16.37019,0.154321,0.110461
