,TRM,Local Ratio,GHS,RHS,TRHS
0,0.099261,12.045324,56.314444,0.941186,0.577464
