,TRM,Local Ratio,GHS,RHS,TRHS
0,0.019547,1.194006,16.400172,0.178407,0.135322
