,TRM,Local Ratio,GHS,RHS,TRHS
0,0.149473,68.888365,129.884577,3.240473,1.740243
