,TRM,Local Ratio,GHS,RHS,TRHS
0,0.138221,53.104032,128.808282,3.334891,1.969397
