,TRM,Local Ratio,GHS,RHS,TRHS
0,0.226818,232.900227,302.291898,4.594692,3.946636
