,TRM,Local Ratio,GHS,RHS,TRHS
0,0.066972,7.741644,34.975276,0.664235,0.517937
