,TRM,Local Ratio,GHS,RHS,TRHS
0,0.268697,220.463864,320.094421,6.518787,3.915299
