,TRM,Local Ratio,GHS,RHS,TRHS
0,0.078395,14.518185,39.489441,0.73842,0.801433
