,TRM,Local Ratio,GHS,RHS,TRHS
0,0.059422,7.54427,26.491194,0.568002,0.433525
