,TRM,Local Ratio,GHS,RHS,TRHS
0,0.178512,140.581511,231.414938,5.060469,3.952349
