,TRM,Local Ratio,GHS,RHS,TRHS
0,0.114954,40.526937,101.18584,2.146497,1.364512
