,TRM,Local Ratio,GHS,RHS,TRHS
0,0.126469,56.143245,104.9152,2.222656,1.330963
