,TRM,Local Ratio,GHS,RHS,TRHS
0,0.166097,81.219002,166.5648,2.906927,1.898406
