,TRM,Local Ratio,GHS,RHS,TRHS
0,0.113047,40.867491,80.144753,2.636348,1.380158
