,TRM,Local Ratio,GHS,RHS,TRHS
0,0.0551,10.575446,37.333594,0.767373,0.561393
