,TRM,Local Ratio,GHS,RHS,TRHS
0,0.004186,0.158403,14.726496,0.019999,0.018094
