,TRM,Local Ratio,GHS,RHS,TRHS
0,0.247697,158.42527,427.332459,5.609489,5.023489
