,TRM,Local Ratio,GHS,RHS,TRHS
0,0.003182,0.097982,13.813901,0.018072,0.015676
