,TRM,Local Ratio,GHS,RHS,TRHS
0,0.261225,173.5274,262.736238,4.288165,3.270306
