,TRM,Local Ratio,GHS,RHS,TRHS
0,0.217372,104.285491,267.653296,4.580847,3.722602
