,TRM,Local Ratio,GHS,RHS,TRHS
0,0.188107,106.257988,209.53086,3.285272,2.87869
