,TRM,Local Ratio,GHS,RHS,TRHS
0,0.299585,401.345844,295.165836,8.902403,4.309225
