,TRM,Local Ratio,GHS,RHS,TRHS
0,30553.785659762958,28213.139210561952,28221.3441765615,28950.077007430504,28633.725519380674
