,TRM,Local Ratio,GHS,RHS,TRHS
0,13776.68673226599,13608.588741208212,13608.588741208212,15411.005511424371,13608.588741208212
