,TRM,Local Ratio,GHS,RHS,TRHS
0,94174.51507530546,102331.31440963778,89761.36335247786,93687.06736958768,90416.1038467296
