,TRM,Local Ratio,GHS,RHS,TRHS
0,111474.09225276919,102584.19918048385,102584.19918048385,104486.32969358654,103008.42315401226
