,TRM,Local Ratio,GHS,RHS,TRHS
0,65008.66572009215,58217.50767191426,58554.66238185886,60568.83495085938,59354.356140042706
