,TRM,Local Ratio,GHS,RHS,TRHS
0,27069.527112404925,25712.82465748792,25712.82465748792,26095.01594755334,25787.053909648534
