,TRM,Local Ratio,GHS,RHS,TRHS
0,53723.46441017898,48857.44827069988,48857.44827069988,49441.02295769865,48857.44827069988
