,TRM,Local Ratio,GHS,RHS,TRHS
0,91259.03923175682,83541.40187941502,83643.20526697766,86609.15560828206,85660.03016903787
