,TRM,Local Ratio,GHS,RHS,TRHS
0,44707.24698395237,38983.80467577865,38983.80467577865,39370.782359891135,39870.26118214388
