,TRM,Local Ratio,GHS,RHS,TRHS
0,105291.33288971799,98973.20509629621,98986.07183824734,101179.35300756886,100619.36970206845
