,TRM,Local Ratio,GHS,RHS,TRHS
0,49750.53231907514,47343.909301561784,47343.909301561784,89619.81493323513,47343.909301561784
