,TRM,Local Ratio,GHS,RHS,TRHS
0,120541.09543822405,116286.70082808615,116790.08740220463,119427.98778802526,116956.8431606004
