,TRM,Local Ratio,GHS,RHS,TRHS
0,69555.34061347443,61976.305729961445,61976.305729961445,65715.41421006565,62366.30385048622
