,TRM,Local Ratio,GHS,RHS,TRHS
0,44804.22395014453,39325.43194489136,39686.31170035612,40052.045560269915,40919.977007748574
