,TRM,Local Ratio,GHS,RHS,TRHS
0,98677.54908133011,90113.94050257708,90353.30196534577,90435.62417826854,90808.52306470531
