,TRM,Local Ratio,GHS,RHS,TRHS
0,43416.48702550109,39431.390157902046,39431.390157902046,39431.390157902046,39746.96334135698
