,TRM,Local Ratio,GHS,RHS,TRHS
0,118594.3280342185,108743.8423554496,109087.1671231749,115713.1980219191,108926.65963481784
