,TRM,Local Ratio,GHS,RHS,TRHS
0,111574.0181531852,101525.32960302604,102045.12704544343,106710.90233022808,102834.5080707485
