,TRM,Local Ratio,GHS,RHS,TRHS
0,97916.57258029861,91987.27282859785,92312.2444503392,96374.92752772043,92357.35689452491
