,TRM,Local Ratio,GHS,RHS,TRHS
0,58622.85001446511,52012.822069550304,52112.75158471676,53157.98511645689,52156.27434016169
