,TRM,Local Ratio,GHS,RHS,TRHS
0,29483.089989747947,24253.39543651951,24253.39543651951,24253.39543651951,24253.39543651951
