,TRM,Local Ratio,GHS,RHS,TRHS
0,51329.05988745192,43953.052605745084,43953.052605745084,46475.329092095,44280.4589904876
