,TRM,Local Ratio,GHS,RHS,TRHS
0,83341.2671014378,75266.34924680956,75266.34924680956,76642.88834288644,75747.4759349913
