,TRM,Local Ratio,GHS,RHS,TRHS
0,73912.30469282986,63250.805453145746,63250.805453145746,64785.86736133215,63401.37952478309
