,TRM,Local Ratio,GHS,RHS,TRHS
0,98337.85746810996,91915.17757816962,91915.17757816962,95998.51600832572,92874.35117602737
