,TRM,Local Ratio,GHS,RHS,TRHS
0,76603.05884699326,65710.78835322085,65810.46967800903,66382.66679459413,66222.68366098306
