,TRM,Local Ratio,GHS,RHS,TRHS
0,111316.3908327444,99996.34108521523,99996.34108521523,100471.81369392127,100021.79275298762
