,TRM,Local Ratio,GHS,RHS,TRHS
0,47897.080471434914,44863.17548108122,44863.17548108122,45209.70610384287,45275.45329632171
