,TRM,Local Ratio,GHS,RHS,TRHS
0,76253.64110102496,72033.66344340639,72033.66344340639,82762.72552469424,73118.99027589566
