,TRM,Local Ratio,GHS,RHS,TRHS
0,21693.001381350874,14383.526204068849,14383.526204068849,14383.526204068849,14383.526204068849
