,TRM,Local Ratio,GHS,RHS,TRHS
0,66054.79276397008,63100.492586292516,63372.84021033929,64168.66830046836,63458.326541746734
