,TRM,Local Ratio,GHS,RHS,TRHS
0,99742.55486985658,94118.44155696343,94473.64388183379,96156.2729033446,94312.82698050851
