,TRM,Local Ratio,GHS,RHS,TRHS
0,8964.595313754045,8590.113237335136,8590.113237335136,8590.113237335136,8629.777973588607
