,TRM,Local Ratio,GHS,RHS,TRHS
0,0.133552,37.081775,78.713572,1.901281,1.462335
