,TRM,Local Ratio,GHS,RHS,TRHS
0,0.554318,119.768658,591.20633,6.953441,9.337163
