,TRM,Local Ratio,GHS,RHS,TRHS
0,0.747137,312.671241,569.463165,12.040694,9.284467
