,TRM,Local Ratio,GHS,RHS,TRHS
0,0.751289,143.192896,606.075185,6.249213,6.905849
