,TRM,Local Ratio,GHS,RHS,TRHS
0,0.11827,8.531984,359.599921,0.842905,0.621692
