,TRM,Local Ratio,GHS,RHS,TRHS
0,0.471036,109.814752,639.744673,8.514289,6.130276
