,TRM,Local Ratio,GHS,RHS,TRHS
0,0.24327,33.968053,504.171494,4.659759,4.174102
