,TRM,Local Ratio,GHS,RHS,TRHS
0,0.696705,258.599992,779.341757,9.40124,6.946791
