,TRM,Local Ratio,GHS,RHS,TRHS
0,0.279039,45.013749,441.800843,2.879629,5.976329
