,TRM,Local Ratio,GHS,RHS,TRHS
0,0.083815,20.535232,64.326653,1.420855,0.971646
