,TRM,Local Ratio,GHS,RHS,TRHS
0,0.165596,6.737537,353.44843,1.048096,0.704679
