,TRM,Local Ratio,GHS,RHS,TRHS
0,0.371841,52.632144,482.397114,3.843375,3.08036
