,TRM,Local Ratio,GHS,RHS,TRHS
0,0.216101,25.260391,406.960312,2.532257,1.659481
