,TRM,Local Ratio,GHS,RHS,TRHS
0,0.16282,15.401152,380.570053,1.556676,1.45832
