,TRM,Local Ratio,GHS,RHS,TRHS
0,0.17126,18.118663,393.022805,1.82968,1.683027
