,TRM,Local Ratio,GHS,RHS,TRHS
0,0.276033,43.262027,459.407007,3.893477,2.584426
