,TRM,Local Ratio,GHS,RHS,TRHS
0,0.060386,2.515962,338.176142,0.369572,0.494053
