,TRM,Local Ratio,GHS,RHS,TRHS
0,0.145497,12.999931,370.570393,1.185753,1.33464
