,TRM,Local Ratio,GHS,RHS,TRHS
0,0.293382,45.504113,409.268333,3.31567,2.99192
