,TRM,Local Ratio,GHS,RHS,TRHS
0,0.309425,52.84117,436.411152,3.669551,2.811792
