,TRM,Local Ratio,GHS,RHS,TRHS
0,0.092369,27.068943,74.268493,1.584979,1.198483
