,TRM,Local Ratio,GHS,RHS,TRHS
0,0.372382,70.964472,553.269996,3.73116,4.270655
