,TRM,Local Ratio,GHS,RHS,TRHS
0,0.670663,151.231651,635.084679,9.016709,5.155486
