,TRM,Local Ratio,GHS,RHS,TRHS
0,0.859492,434.404712,805.255393,15.600723,10.59963
