,TRM,Local Ratio,GHS,RHS,TRHS
0,0.413004,69.952556,533.558344,4.056196,3.678698
