,TRM,Local Ratio,GHS,RHS,TRHS
0,0.644424,162.51647,711.344416,8.901914,7.18304
