,TRM,Local Ratio,GHS,RHS,TRHS
0,0.158652,16.340193,382.179153,1.994375,1.294078
