,TRM,Local Ratio,GHS,RHS,TRHS
0,0.026289,2.414331,19.78016,0.163626,0.187923
