,TRM,Local Ratio,GHS,RHS,TRHS
0,0.08522,16.252136,54.119862,0.94676,0.576524
