,TRM,Local Ratio,GHS,RHS,TRHS
0,0.070883,11.161298,40.677299,0.719526,0.774397
