,TRM,Local Ratio,GHS,RHS,TRHS
0,0.483674,91.857985,582.61627,4.66319,3.503238
