,TRM,Local Ratio,GHS,RHS,TRHS
0,0.995983,656.026442,1118.832145,14.971757,15.994502
