,TRM,Local Ratio,GHS,RHS,TRHS
0,0.011233,0.197082,562.943785,0.042038,0.051637
