,TRM,Local Ratio,GHS,RHS,TRHS
0,0.317204,320.910025,307.5383,5.94985,4.461267
