,TRM,Local Ratio,GHS,RHS,TRHS
0,0.989165,507.402501,1006.402695,12.946325,11.650005
