,TRM,Local Ratio,GHS,RHS,TRHS
0,0.516738,108.47913,609.500886,5.694688,5.099496
