,TRM,Local Ratio,GHS,RHS,TRHS
0,0.166973,16.162337,384.833167,1.543535,1.706502
