,TRM,Local Ratio,GHS,RHS,TRHS
0,0.051639,2.281056,335.250766,0.364174,0.269103
