,TRM,Local Ratio,GHS,RHS,TRHS
0,0.765086,316.770596,685.583045,13.672878,11.024936
