,TRM,Local Ratio,GHS,RHS,TRHS
0,0.45041,80.384108,513.901572,4.344884,4.096294
