,TRM,Local Ratio,GHS,RHS,TRHS
0,0.325819,39.832883,435.505751,3.612243,2.837478
