,TRM,Local Ratio,GHS,RHS,TRHS
0,0.302361,44.437338,433.655023,3.086464,2.360304
