,TRM,Local Ratio,GHS,RHS,TRHS
0,0.262967,33.449519,436.07861,1.712364,3.18405
