,TRM,Local Ratio,GHS,RHS,TRHS
0,0.407048,67.568199,2263.685677,4.483044,15.291902
