,TRM,Local Ratio,GHS,RHS,TRHS
0,0.054483,2.503394,338.999636,0.497075,0.304395
