,TRM,Local Ratio,GHS,RHS,TRHS
0,0.907197,239.247952,623.001082,8.63226,6.471559
