,TRM,Local Ratio,GHS,RHS,TRHS
0,172382.13740759884,170775.85194090175,159516.8781804421,164957.53223148407,160888.52383270845
