,TRM,Local Ratio,GHS,RHS,TRHS
0,32998.290350885334,30240.450842220805,30258.864101358005,30258.864101358005,30629.300483429448
