,TRM,Local Ratio,GHS,RHS,TRHS
0,93669.76884426048,85724.11764625448,85907.69936369835,90315.08468991834,86457.77089867846
