,TRM,Local Ratio,GHS,RHS,TRHS
0,50662.13625268309,45349.709494361305,45882.219653424865,49225.20280259795,45723.898364146604
