,TRM,Local Ratio,GHS,RHS,TRHS
0,111993.05999558864,101303.61729152506,101425.72222275646,108518.83166956666,102669.97373357136
