,TRM,Local Ratio,GHS,RHS,TRHS
0,28990.42082886669,25880.023970315033,25880.023970315033,26979.0427375681,25880.023970315033
