,TRM,Local Ratio,GHS,RHS,TRHS
0,34132.59404529098,30180.713311271913,30180.713311271913,30291.086894150732,31517.418091289623
