,TRM,Local Ratio,GHS,RHS,TRHS
0,45497.6390023722,43529.239538879265,43775.595155966716,43901.096603801154,43900.72645834925
