,TRM,Local Ratio,GHS,RHS,TRHS
0,79554.02129732087,69751.45395849484,70092.60533520447,74707.62611205559,70154.86016667455
