,TRM,Local Ratio,GHS,RHS,TRHS
0,11633.67691165932,10943.379385045693,10943.379385045693,10943.379385045693,10943.379385045693
