,TRM,Local Ratio,GHS,RHS,TRHS
0,91914.33744163741,86730.76513923092,87310.89656553284,89382.17186260503,87124.81769620925
