,TRM,Local Ratio,GHS,RHS,TRHS
0,96149.86977040088,82641.61258888037,83070.44006319092,84808.03973396588,83105.02764128208
