,TRM,Local Ratio,GHS,RHS,TRHS
0,71566.57817801047,62524.830831562744,62719.066598666366,63662.822621259096,63454.85486721919
