,TRM,Local Ratio,GHS,RHS,TRHS
0,85905.77483371053,78690.62969029711,79768.47180191238,79922.53616582124,79182.29414386925
