,TRM,Local Ratio,GHS,RHS,TRHS
0,78568.38002399632,69152.61236856303,69152.61236856303,77669.49860467667,70687.93644280455
