,TRM,Local Ratio,GHS,RHS,TRHS
0,42898.14432666323,40256.41690982089,40256.41690982089,40606.90028310499,40256.41690982089
