,TRM,Local Ratio,GHS,RHS,TRHS
0,46467.01716076512,41845.51688583464,41845.51688583464,42895.18092723166,43631.03594994265
