,TRM,Local Ratio,GHS,RHS,TRHS
0,105348.52811096342,95783.93273155116,96134.96180016622,101001.81682196997,96437.27717083189
