,TRM,Local Ratio,GHS,RHS,TRHS
0,75464.8409749735,68399.00058156483,68441.48807540904,69482.96300618311,68474.97907228119
