,TRM,Local Ratio,GHS,RHS,TRHS
0,76345.92840911621,64967.824629241324,65387.043113837804,65390.03298785413,65524.166939765935
