,TRM,Local Ratio,GHS,RHS,TRHS
0,57328.522317332514,54792.48077423004,54792.728591109866,56885.40059509803,55006.005858985074
