,TRM,Local Ratio,GHS,RHS,TRHS
0,89269.19850298068,82312.6898514159,82597.0184410021,83550.85889276113,82814.81392694224
