,TRM,Local Ratio,GHS,RHS,TRHS
0,111409.69841237568,99181.56043985288,99181.56043985288,101845.42543597825,100546.7274121889
