,TRM,Local Ratio,GHS,RHS,TRHS
0,80126.3612344932,76137.55763696901,76187.09982649083,80193.08183707892,76570.99363064475
