,TRM,Local Ratio,GHS,RHS,TRHS
0,63709.68385970815,58205.33780917526,58205.33780917526,59007.104069454625,59153.44798551996
