,TRM,Local Ratio,GHS,RHS,TRHS
0,38949.371201482805,36248.6505648771,36248.6505648771,36428.617484083785,36478.34397902117
