,TRM,Local Ratio,GHS,RHS,TRHS
0,62793.97436712323,56813.023004675364,57166.948703038885,59208.0451028087,57634.15276566398
