,TRM,Local Ratio,GHS,RHS,TRHS
0,46215.45989498554,40763.20276542278,40763.20276542278,41402.97377357122,40763.20276542278
