,TRM,Local Ratio,GHS,RHS,TRHS
0,44241.87007481339,36620.03260371587,36620.03260371587,37836.971508313036,36620.03260371587
