,TRM,Local Ratio,GHS,RHS,TRHS
0,79283.52652113438,72558.43485060002,73594.3074249215,73640.36291603654,73179.45186052776
