,TRM,Local Ratio,GHS,RHS,TRHS
0,9367.87978200409,9159.846667710926,9159.846667710926,9395.573374147138,9159.846667710926
