,TRM,Local Ratio,GHS,RHS,TRHS
0,114898.69201709176,107030.98073969048,107401.18438451382,119868.1953105559,107921.69035304582
