,TRM,Local Ratio,GHS,RHS,TRHS
0,113610.10818936251,104230.08452607815,104230.08452607815,109327.65819191653,105729.50502860031
