,TRM,Local Ratio,GHS,RHS,TRHS
0,48492.85472148216,45521.81360128849,45521.81360128849,46429.40227533564,45521.81360128849
