,TRM,Local Ratio,GHS,RHS,TRHS
0,44607.49076831518,49944.12383871001,41632.609274137365,47005.89725925863,41692.167206513135
