,TRM,Local Ratio,GHS,RHS,TRHS
0,86343.9739163111,80761.32430073275,80778.85085236233,81615.0421008045,81022.04200144565
