,TRM,Local Ratio,GHS,RHS,TRHS
0,113312.62943605978,103955.25146317788,104107.92875618918,104408.56883378536,105323.7262897537
