,TRM,Local Ratio,GHS,RHS,TRHS
0,37314.26609924006,32928.54085828549,32928.54085828549,38271.981177668706,33820.323743326844
