,TRM,Local Ratio,GHS,RHS,TRHS
0,33352.83439803497,29724.488748895677,29724.488748895677,30356.315180785525,29862.789209150942
