,TRM,Local Ratio,GHS,RHS,TRHS
0,27018.392263694062,25660.87401243448,25789.61821064253,27188.791922087636,26073.709308881305
