,TRM,Local Ratio,GHS,RHS,TRHS
0,80114.21761039557,87770.65551520081,70283.67420278824,72353.93534744151,70081.68295080097
