,TRM,Local Ratio,GHS,RHS,TRHS
0,37676.24337001718,35647.0063481183,35647.0063481183,36642.93101221773,35938.92023495875
