,TRM,Local Ratio,GHS,RHS,TRHS
0,72185.01257343279,64677.180491047264,64684.37162332338,67397.62814992154,64684.37162332338
