,TRM,Local Ratio,GHS,RHS,TRHS
0,28237.903773957376,26409.725655450668,26409.725655450668,27077.736272941867,26409.725655450668
