,TRM,Local Ratio,GHS,RHS,TRHS
0,49303.79836352407,46218.051395544615,46218.051395544615,47368.996004551904,46218.051395544615
