,TRM,Local Ratio,GHS,RHS,TRHS
0,63183.68723038991,49650.15558700531,49657.741499681346,51470.02527222357,50712.68210022994
