,TRM,Local Ratio,GHS,RHS,TRHS
0,111873.18335931933,103077.56278679016,103077.56278679016,109711.25190628419,103206.49642325472
