,TRM,Local Ratio,GHS,RHS,TRHS
0,88450.58584213756,80473.26826323188,80668.79702752185,81387.29045036033,82973.33381762102
