,TRM,Local Ratio,GHS,RHS,TRHS
0,0.645582,215.3116,703.247305,12.392259,7.530385
