,TRM,Local Ratio,GHS,RHS,TRHS
0,1.178766,281.365314,42187.119077,15.15361,15.906057
