,TRM,Local Ratio,GHS,RHS,TRHS
0,0.083844,5.586282,348.502174,0.883467,0.643926
