,TRM,Local Ratio,GHS,RHS,TRHS
0,0.500335,111.861663,668.668775,4.892551,4.455355
