,TRM,Local Ratio,GHS,RHS,TRHS
0,0.480156,109.186953,598.372334,5.546578,5.072238
