,TRM,Local Ratio,GHS,RHS,TRHS
0,0.323592,52.908227,475.812555,2.931217,2.653925
