,TRM,Local Ratio,GHS,RHS,TRHS
0,1.022178,153.146405,577.14422,8.171898,4.643509
