,TRM,Local Ratio,GHS,RHS,TRHS
0,0.090458,6.63615,353.323208,1.234405,0.588996
