,TRM,Local Ratio,GHS,RHS,TRHS
0,0.116487,8.976042,358.173617,1.076489,0.653577
