,TRM,Local Ratio,GHS,RHS,TRHS
0,0.256535,31.572762,428.067163,2.486647,2.710324
