,TRM,Local Ratio,GHS,RHS,TRHS
0,0.267449,40.314275,448.390396,3.182484,2.398699
