,TRM,Local Ratio,GHS,RHS,TRHS
0,0.265637,41.618167,453.797389,3.229536,2.431535
