,TRM,Local Ratio,GHS,RHS,TRHS
0,0.209367,24.46892,404.103241,2.183525,1.670427
