,TRM,Local Ratio,GHS,RHS,TRHS
0,0.012744,0.261589,445.688662,0.0689,0.062563
