,TRM,Local Ratio,GHS,RHS,TRHS
0,0.346509,48.810954,470.195191,3.095561,3.400351
