,TRM,Local Ratio,GHS,RHS,TRHS
0,0.154004,12.367208,359.642775,1.15526,1.521721
