,TRM,Local Ratio,GHS,RHS,TRHS
0,0.307124,48.01793,474.251896,3.317896,2.510063
