,TRM,Local Ratio,GHS,RHS,TRHS
0,0.534278,116.503159,629.172107,6.292719,5.006327
