,TRM,Local Ratio,GHS,RHS,TRHS
0,0.464924,89.706536,530.354725,6.32056,5.085337
