,TRM,Local Ratio,GHS,RHS,TRHS
0,0.578449,23.622383,6136.176529,2.351503,1.375699
