,TRM,Local Ratio,GHS,RHS,TRHS
0,0.45003,102.562307,516.517819,4.481085,4.911769
