,TRM,Local Ratio,GHS,RHS,TRHS
0,0.123869,9.052227,359.728741,1.250794,0.827012
