,TRM,Local Ratio,GHS,RHS,TRHS
0,0.389766,62.976917,482.726114,4.928504,2.989486
