,TRM,Local Ratio,GHS,RHS,TRHS
0,0.070151,3.565945,341.814976,0.47418,0.450233
