,TRM,Local Ratio,GHS,RHS,TRHS
0,0.489237,124.613266,644.048557,7.42507,4.779899
