,TRM,Local Ratio,GHS,RHS,TRHS
0,0.179857,19.681569,396.645596,1.938682,1.131319
