,TRM,Local Ratio,GHS,RHS,TRHS
0,0.104778,6.341223,351.458758,1.054152,1.286773
