,TRM,Local Ratio,GHS,RHS,TRHS
0,0.56701,130.45666,643.102725,5.253947,4.715915
