,TRM,Local Ratio,GHS,RHS,TRHS
0,0.133184,12.223094,373.712362,1.140788,1.265815
