,TRM,Local Ratio,GHS,RHS,TRHS
0,0.148019,13.021203,367.09678,1.593412,1.169273
