,TRM,Local Ratio,GHS,RHS,TRHS
0,0.417233,80.847987,547.803769,6.033011,3.373929
