,TRM,Local Ratio,GHS,RHS,TRHS
0,0.423853,90.209898,501.325513,5.065169,4.583996
