,TRM,Local Ratio,GHS,RHS,TRHS
0,0.570055,170.241406,666.351434,8.62102,7.865819
