,TRM,Local Ratio,GHS,RHS,TRHS
0,0.261213,36.901379,450.341331,2.99171,2.17647
