,TRM,Local Ratio,GHS,RHS,TRHS
0,0.201629,21.447771,400.942784,1.546633,1.434634
