,TRM,Local Ratio,GHS,RHS,TRHS
0,0.105518,7.945812,354.965902,1.49483,0.638464
