,TRM,Local Ratio,GHS,RHS,TRHS
0,0.306587,47.915159,464.095262,3.80903,2.490068
