,TRM,Local Ratio,GHS,RHS,TRHS
0,0.940898,447.985803,969.697578,13.928993,10.82735
