,TRM,Local Ratio,GHS,RHS,TRHS
0,0.572491,118.657464,539.589881,6.24622,5.990272
