,TRM,Local Ratio,GHS,RHS,TRHS
0,0.142517,13.159053,361.761673,1.446681,1.331535
