,TRM,Local Ratio,GHS,RHS,TRHS
0,23988.13763284996,22371.943638714434,22371.943638714434,32108.614301613296,22371.943638714434
