,TRM,Local Ratio,GHS,RHS,TRHS
0,42388.21381169424,48328.52714263213,36781.35983587772,40535.09245997146,37382.86023234202
