,TRM,Local Ratio,GHS,RHS,TRHS
0,54593.02350310537,46517.33165158874,46803.231328478534,47563.98890198699,47215.39692032736
