,TRM,Local Ratio,GHS,RHS,TRHS
0,135924.5193917124,125480.63893113977,125787.81190252311,129040.81932860523,126156.21172236194
