,TRM,Local Ratio,GHS,RHS,TRHS
0,112348.93221013213,103904.40046594865,104128.09803012165,105096.7321568174,104892.00881953325
