,TRM,Local Ratio,GHS,RHS,TRHS
0,133443.2309007874,118044.02612402478,118143.76591486744,124494.17833248894,119274.28951238467
