,TRM,Local Ratio,GHS,RHS,TRHS
0,102619.60014092311,89984.89249607721,90118.02698951682,91341.01880501937,90993.7664850547
