,TRM,Local Ratio,GHS,RHS,TRHS
0,64855.35343008981,58550.39005068392,57896.3113806185,57956.4420644549,58132.85130822134
