,TRM,Local Ratio,GHS,RHS,TRHS
0,68517.3265175342,61931.47069928176,61997.215404148796,63405.17630239305,62302.29352297903
