,TRM,Local Ratio,GHS,RHS,TRHS
0,95544.43156482058,87743.73223665122,87770.45061379409,89802.39904211402,88553.32847374177
