,TRM,Local Ratio,GHS,RHS,TRHS
0,159576.22606477622,150459.22703030243,151070.20606242766,151368.9892557349,151228.63575900198
