,TRM,Local Ratio,GHS,RHS,TRHS
0,42280.24702776247,39575.58555959498,38816.95755587307,39226.15055270634,40134.39291721475
