,TRM,Local Ratio,GHS,RHS,TRHS
0,77277.950972254,67327.94545536982,67630.36412313761,70270.47826969235,67804.39709391212
