,TRM,Local Ratio,GHS,RHS,TRHS
0,76303.8364117418,68869.22668134578,69038.47660116268,70505.29264187907,69937.23193747332
