,TRM,Local Ratio,GHS,RHS,TRHS
0,124439.27824569965,116276.14655185389,116388.71874941766,120405.79131865704,116661.0096536811
