,TRM,Local Ratio,GHS,RHS,TRHS
0,91817.47151862767,82054.1166891113,82202.20950348921,86705.27554695308,83080.01730148582
