,TRM,Local Ratio,GHS,RHS,TRHS
0,70799.94115905167,67036.22183615452,67036.22183615452,71934.05238274614,67795.80290008683
