,TRM,Local Ratio,GHS,RHS,TRHS
0,41606.405155740686,39122.14458674404,39273.15630536348,44058.98772649052,39273.15630536348
