,TRM,Local Ratio,GHS,RHS,TRHS
0,51823.977145366494,44485.19749315256,44797.40327047518,50853.23078557524,45471.17616838247
