,TRM,Local Ratio,GHS,RHS,TRHS
0,85297.57201752144,74784.91245976966,75770.29345822024,75640.50325318082,76450.45420806328
