,TRM,Local Ratio,GHS,RHS,TRHS
0,71534.02209077374,66819.10694507994,66910.38620649946,68083.66314425165,68139.47088606852
