,TRM,Local Ratio,GHS,RHS,TRHS
0,32996.96471185487,29884.02160109116,29884.02160109116,31544.255924964193,29884.02160109116
