,TRM,Local Ratio,GHS,RHS,TRHS
0,63431.766474707314,60561.191894125426,60627.590229121895,61411.265233166785,61199.046331719364
