,TRM,Local Ratio,GHS,RHS,TRHS
0,28779.477671222885,25710.182804301297,25710.182804301297,25710.182804301297,25710.182804301297
