,TRM,Local Ratio,GHS,RHS,TRHS
0,84984.63551244588,77992.3993861242,78199.92437210813,83148.8439075426,79361.67119272552
