,TRM,Local Ratio,GHS,RHS,TRHS
0,162186.56361353543,153550.354294194,153569.6671604925,168879.96304633754,153588.16956391014
