,TRM,Local Ratio,GHS,RHS,TRHS
0,55525.74222655759,58021.28403816015,49499.53629782065,49753.70594986266,50289.40849993899
