,TRM,Local Ratio,GHS,RHS,TRHS
0,85064.44462369914,77650.15389515189,78147.32236071437,80146.5800072993,79699.61820476646
