,TRM,Local Ratio,GHS,RHS,TRHS
0,47849.07926931931,43041.009575180346,43177.07677506717,44091.50825189245,43177.07677506717
