,TRM,Local Ratio,GHS,RHS,TRHS
0,94918.62777517279,84455.4504379761,84455.4504379761,85191.78498858734,85625.24577685082
