,TRM,Local Ratio,GHS,RHS,TRHS
0,76471.33816847243,70889.64755035163,70932.88113241259,71055.58537807263,71055.58537807263
