,TRM,Local Ratio,GHS,RHS,TRHS
0,74263.28383156969,66887.72360955598,66927.45334370599,70524.6624520166,68300.19799765568
