,TRM,Local Ratio,GHS,RHS,TRHS
0,144127.03232919346,144220.9657429956,131625.23662368293,134281.37630743545,132513.20488049593
