,TRM,Local Ratio,GHS,RHS,TRHS
0,94923.60648994322,88257.05536841131,88365.29693637368,90423.9311214231,89505.93535833363
