,TRM,Local Ratio,GHS,RHS,TRHS
0,126632.56520458515,117139.88789455305,117139.88789455305,119047.4672617951,119386.6018728717
