,TRM,Local Ratio,GHS,RHS,TRHS
0,164396.81874720988,163671.13245001223,154378.38177629132,155344.96075639935,155143.7681353861
