,TRM,Local Ratio,GHS,RHS,TRHS
0,72784.7252318874,67383.72662315788,67510.96216256137,67809.74133250206,68248.43685782143
