,TRM,Local Ratio,GHS,RHS,TRHS
0,108021.39291822554,99300.29272262705,99658.45146063184,104793.03161962802,99400.24848366111
