,TRM,Local_Ratio,RLS,UGA_RLS,TRHS
0,16.523321,414.707409,23.940532,255.470725,21.265059
1,11.191064,269.346826,19.35,145.762523,18.092581
2,6.64564,175.328103,13.555033,77.619612,11.263931
3,2.626287,93.1698,6.499396,77.688185,5.879253
4,0.111635,33.156325,2.138577,47.486569,1.353459
