,TRM,Local_Ratio,RLS,UGA_RLS,TRHS
0,7.635054,110.175198,14.252797,114.564132,11.707978
1,5.799778,81.321387,9.095887,87.654651,8.328015
2,3.700918,53.7298,6.391099,54.028541,6.277773
3,1.614139,31.865443,3.446594,38.294524,2.768386
4,0.042627,12.056714,1.611911,22.901803,0.820304
