,TRM,Local_Ratio,RLS,UGA_RLS,TRHS
0,24.394121,1883.109014,36.826434,623.633256,44.372914
1,14.764942,1102.251603,28.264224,408.417219,26.342434
2,5.827844,589.254362,23.436301,350.775206,13.968016
3,0.203116,253.241774,7.796483,232.862868,9.233906
4,0.14062,84.479944,2.687345,88.526609,1.921785
