,TRM,Local_Ratio,RLS,UGA_RLS,TRHS
0,6.843353,137.396571,10.843096,116.52733,9.640047
1,4.624736,95.274402,9.718167,103.916543,7.45269
2,2.203008,66.586332,6.218376,97.73298,5.280933
3,0.07812,36.04472,3.562286,47.372157,2.093617
4,0.046873,13.421069,0.984314,24.607888,0.718718
