,TRM,Local_Ratio,RLS,UGA_RLS,TRHS
0,666924.752829122,664290.9081501645,658692.7351454025,665957.4051930807,665257.0972372325
1,552082.8959759206,544846.1484115667,550313.1538869358,549640.6735807159,548505.2145642523
2,420176.9741465694,414409.3222402931,417176.0143424749,416605.3728354776,418956.3834564544
3,307116.14339248533,301991.25571728713,306068.1198538714,305886.9357498474,301666.94084391935
4,149964.83115362326,140760.46726281918,142956.6397254606,142328.17639130284,141902.9500965524
