,TRM,Local_Ratio,RLS,UGA_RLS,TRHS
0,1245738.0715311796,,1236691.7865552462,1233414.3387905061,1234736.8433770933
1,1007751.1934711443,,1000387.4451849251,995767.0620351676,990610.9998017495
2,802473.2400055984,,780271.4075537673,786745.9329072369,787811.2549068937
3,592867.5228511347,,580262.6265111734,575874.8170747802,566763.6064167618
4,252121.76903552478,238308.48612566144,239772.18924254115,239019.9234544735,238787.46329254578
