,TRM,Local_Ratio,RLS,UGA_RLS,TRHS
0,505304.7086222727,493592.2538209184,493159.5582545423,498249.56901708164,497960.49844063347
1,414566.65976875945,406009.464651425,408051.9390387014,412450.7610025834,410790.75622328004
2,345025.68955255294,339192.30785628915,333595.06866819016,341433.5320286182,341269.6453386969
3,272418.1836592533,257799.82896179156,266694.540028835,267161.49518019625,267809.5017175476
4,94065.41505913851,87707.6761727806,90900.54355579276,88174.21759477268,88845.99520152101
