,TRM,Local_Ratio,RLS,UGA_RLS,TRHS
0,441370.468793244,433909.3314534502,434339.8772982132,437916.4139433939,438252.21403119393
1,360867.2813680049,355640.8870510239,357967.2537117863,358064.6105439903,357695.7897271802
2,286975.53066866595,277253.45216925174,280980.17066462897,281836.5082913231,283009.2815000286
3,227644.76563868,214981.06410337755,221142.7108240431,219841.19301067092,220616.36910082487
4,86068.35694123266,82830.85075397078,83676.81630108246,84330.65114803889,83562.29454960335
