,TRM,Local_Ratio,RLS,UGA_RLS,TRHS
0,630092.6532689434,618989.943546497,617719.1721052328,620707.5990451954,621069.8846173511
1,521399.9846790521,506943.79850119073,511305.7800031985,510060.0526245933,515801.68917506223
2,398123.5777476547,381498.70459508273,384181.98289418116,387446.2184772505,388461.5000596025
3,296746.7204958081,277338.4656209266,285059.378382263,283683.02875832765,285349.3695896332
4,136201.49996409562,130519.14374533265,135540.45425984816,130880.0157637238,131811.53020241635
