,TRM,Local_Ratio,RLS,UGA_RLS,TRHS
0,647127.3988191984,635374.5044428356,637816.9047301682,638385.8012388897,644659.0541516206
1,538694.6364846808,527912.2552838187,527793.9275811885,533602.5323410298,535028.5309934572
2,408045.3383404903,392404.15935388114,395912.49616261554,400780.7310154493,401185.6238772061
3,300168.12172910327,290024.4178375773,292322.1725076265,293007.3233322475,291579.1961518449
4,132743.705699094,123618.55936628653,126652.21750553843,124586.10234797836,124613.9487303387
