,TRM,Local_Ratio,RLS,UGA_RLS,TRHS
0,446758.15814079565,437338.4031952414,441891.4889031689,443424.5400068598,442932.8235490514
1,367847.7428376182,358212.91511084355,361385.10446738196,362765.9142328638,362898.4942815176
2,283818.7437417317,278051.1426665777,278536.43383245857,280552.4876511366,281154.8659269446
3,188683.7872110759,180194.51913511916,182601.70379968558,181961.65489847728,181915.5456750264
4,83583.09743109717,79766.8443873508,80526.20473661162,80117.7672804645,79860.26119874223
