,TRM,Local_Ratio,RLS,UGA_RLS,TRHS
0,852848.4753544013,836153.7883808862,831340.0285763176,831720.2853127056,844539.5180756178
1,703999.3189495519,683565.0839896474,688496.3402015568,685560.6288512957,692402.0375317972
2,545112.1598509641,527668.7279413182,529422.9428826608,532047.8266104803,536661.7661157141
3,422943.7872156435,404458.2622983974,399312.37214354624,403919.0665881633,408828.3568956985
4,189445.11462975424,173359.35228616206,178895.19449861965,174109.5442981091,173891.2524884858
