,TRM,Local_Ratio,RLS,UGA_RLS,TRHS
0,825181.6984560805,810542.6217629198,815804.2345239876,806989.8579823382,818434.7097782049
1,686629.7596684428,672056.1241091604,672967.8980034335,679594.1839253906,679596.1909783855
2,539620.9971876089,522102.178424172,525709.4170261242,527615.0958970664,534437.5344484819
3,390860.53475806204,378152.6182053898,380014.3857969008,381196.82667519816,384091.043439002
4,178361.99542188318,167271.51883659602,169151.4022946718,169219.52904957533,168119.89271773546
