,TRM,Local Ratio,GHS,RHS,TRHS
0,0.005271,0.113339,20.301301,0.036769,0.028931
