,TRM,Local Ratio,GHS,RHS,TRHS
0,0.010308,0.386688,25.284135,0.111434,0.069113
