,TRM,Local Ratio,GHS,RHS,TRHS
0,0.027,2.188702,21.659541,0.511282,0.343806
