,TRM,Local Ratio,GHS,RHS,TRHS
0,0.001183,0.048409,19.698991,0.00582,0.008384
