,TRM,Local Ratio,GHS,RHS,TRHS
0,0.002819,0.12713,22.967589,0.044442,0.022936
