,TRM,Local Ratio,GHS,RHS,TRHS
0,0.00213,0.0736,18.976285,0.019043,0.014913
