,TRM,Local Ratio,GHS,RHS,TRHS
0,0.005084,0.120082,23.199663,0.051547,0.038133
