,TRM,Local Ratio,GHS,RHS,TRHS
0,0.115753,30.817339,114.284842,4.733814,1.89542
