,TRM,Local Ratio,GHS,RHS,TRHS
0,0.209968,79.796861,195.751699,6.38242,5.187635
