,TRM,Local Ratio,GHS,RHS,TRHS
0,0.011426,0.170123,23.4678,0.084754,0.054225
