,TRM,Local Ratio,GHS,RHS,TRHS
0,0.042691,7.002692,37.188552,0.944463,0.948392
