,TRM,Local Ratio,GHS,RHS,TRHS
0,0.076355,25.170317,81.365284,2.509778,1.090947
