,TRM,Local Ratio,GHS,RHS,TRHS
0,0.011145,0.615165,24.790702,0.122928,0.092565
