,TRM,Local Ratio,GHS,RHS,TRHS
0,0.005026,0.194118,27.959426,0.067464,0.058085
