,TRM,Local Ratio,GHS,RHS,TRHS
0,0.004264,0.151588,22.972419,0.057162,0.078654
