,TRM,Local Ratio,GHS,RHS,TRHS
0,0.001249,0.04336,19.350161,0.008512,0.008657
