,TRM,Local Ratio,GHS,RHS,TRHS
0,0.008658,0.279875,23.962347,0.116858,0.120109
