,TRM,Local Ratio,GHS,RHS,TRHS
0,0.005861,0.16319,19.74269,0.078225,0.061447
