,TRM,Local Ratio,GHS,RHS,TRHS
0,0.102986,2.241528,17.313272,0.267994,0.2266
