,TRM,Local Ratio,GHS,RHS,TRHS
0,0.075835,12.860586,49.303186,1.644119,0.93996
