,TRM,Local Ratio,GHS,RHS,TRHS
0,0.003491,0.093056,19.400737,0.040108,0.026938
