,TRM,Local Ratio,GHS,RHS,TRHS
0,0.166326,25.614744,84.157146,2.145476,1.543391
