,TRM,Local Ratio,GHS,RHS,TRHS
0,0.09709,32.753087,102.722415,4.642466,2.703988
