,TRM,Local Ratio,GHS,RHS,TRHS
0,0.002372,0.085127,31.936775,0.030087,0.012964
