,TRM,Local Ratio,GHS,RHS,TRHS
0,0.007498,0.816038,24.541429,0.103592,0.081343
