,TRM,Local Ratio,GHS,RHS,TRHS
0,0.013421,1.123293,18.424063,0.409842,0.26815
