,TRM,Local Ratio,GHS,RHS,TRHS
0,0.033453,4.514593,37.834529,1.226638,0.549824
