,TRM,Local Ratio,GHS,RHS,TRHS
0,0.031688,3.481791,27.488314,0.93958,0.585712
