,TRM,Local Ratio,GHS,RHS,TRHS
0,0.012429,0.723804,18.903069,0.263496,0.220245
