,TRM,Local Ratio,GHS,RHS,TRHS
0,0.004753,0.196447,14.978083,0.086349,0.073318
