,TRM,Local Ratio,GHS,RHS,TRHS
0,0.01207,0.61338,53.185276,0.122411,0.139431
