,TRM,Local Ratio,GHS,RHS,TRHS
0,0.00968,0.881993,23.619518,0.227541,0.171725
