,TRM,Local Ratio,GHS,RHS,TRHS
0,0.005408,0.201991,18.727758,0.092917,0.056669
