,TRM,Local Ratio,GHS,RHS,TRHS
0,0.003588,0.107646,22.663705,0.032688,0.031939
