,TRM,Local Ratio,GHS,RHS,TRHS
0,0.079892,16.088938,56.990524,1.692955,1.10473
