,TRM,Local Ratio,GHS,RHS,TRHS
0,0.051306,6.637241,33.545875,0.753179,0.36367
