,TRM,Local Ratio,GHS,RHS,TRHS
0,15989.067775799751,15989.067775799751,15989.067775799751,15989.067775799751,15989.067775799751
