,TRM,Local Ratio,GHS,RHS,TRHS
0,65391.34081091838,64894.904429426555,64894.904429426555,65520.990305985826,65162.27564234535
