,TRM,Local Ratio,GHS,RHS,TRHS
0,196651.0879991616,196731.60972666027,195845.75916389222,197521.14703059482,195845.75916389222
