,TRM,Local Ratio,GHS,RHS,TRHS
0,62576.95522059389,58606.703011209174,61434.03680149406,61434.03680149406,61434.03680149406
