,TRM,Local Ratio,GHS,RHS,TRHS
0,282924.8044868469,278338.13662210596,278773.73789536883,281511.31317392795,280071.39690966177
