,TRM,Local Ratio,GHS,RHS,TRHS
0,226247.7764661316,218452.235621231,221348.18366259587,217151.02301942228,221496.42832172802
