,TRM,Local Ratio,GHS,RHS,TRHS
0,39974.09450295541,39572.53055694147,39572.53055694147,39572.53055694147,39572.53055694147
