,TRM,Local Ratio,GHS,RHS,TRHS
0,48121.910105155206,48058.15732322478,48058.15732322478,48800.21672089603,48058.15732322478
