,TRM,Local Ratio,GHS,RHS,TRHS
0,242947.17275046432,240359.49984754922,241834.40810223584,238613.7826938786,241834.40810223584
