,TRM,Local Ratio,GHS,RHS,TRHS
0,8530.828340146416,8530.828340146416,8530.828340146416,8530.828340146416,8530.828340146416
