,TRM,Local Ratio,GHS,RHS,TRHS
0,68381.76338909206,68381.76338909206,68381.76338909206,68381.76338909206,68381.76338909206
