,TRM,Local Ratio,GHS,RHS,TRHS
0,129021.50777970008,114674.46277852182,129021.50777970008,129021.50777970008,129021.50777970008
