,TRM,Local Ratio,GHS,RHS,TRHS
0,70024.2691704134,68180.75000405201,68180.75000405201,68180.75000405201,68180.75000405201
