,TRM,Local Ratio,GHS,RHS,TRHS
0,51184.36638301087,44695.386384280515,44760.423619933994,44695.386384280515,44795.84499520954
