,TRM,Local Ratio,GHS,RHS,TRHS
0,79928.93594389992,79375.08699982357,79375.08699982357,79375.08699982357,79375.08699982357
