,TRM,Local Ratio,GHS,RHS,TRHS
0,42046.74653995663,40011.95607678491,42046.74653995663,42046.74653995663,42046.74653995663
