,TRM,Local Ratio,GHS,RHS,TRHS
0,320686.89147215063,314213.8782833142,314056.5261556244,314913.41673561104,319324.68843805016
