,TRM,Local Ratio,GHS,RHS,TRHS
0,54399.52414232437,54243.95021874967,54243.95021874967,54243.95021874967,54243.95021874967
