,TRM,Local Ratio,GHS,RHS,TRHS
0,159040.10032185164,155236.98628235277,157110.48238757407,157233.8365586752,157200.00975302712
