,TRM,Local Ratio,GHS,RHS,TRHS
0,325759.05126278923,321838.0387397289,323916.97259383067,321982.23284476745,323863.6507983524
