,TRM,Local Ratio,GHS,RHS,TRHS
0,57595.883919887274,61327.501197047495,57700.332537967726,57454.3540321916,57454.3540321916
