,TRM,Local Ratio,GHS,RHS,TRHS
0,105685.83694679753,105066.09717202683,105066.09717202683,103754.17296204125,105066.09717202683
