,TRM,Local Ratio,GHS,RHS,TRHS
0,95207.48667221752,93132.97899222752,93132.97899222752,93132.97899222752,93132.97899222752
