,TRM,Local Ratio,GHS,RHS,TRHS
0,50474.18286690839,48677.1299869753,50280.936741662576,50280.936741662576,50280.936741662576
