,TRM,Local Ratio,GHS,RHS,TRHS
0,158015.75097782395,156629.9262954994,157409.2307788032,156796.33781946724,156662.27866441457
