,TRM,Local Ratio,GHS,RHS,TRHS
0,20142.37220229709,20142.37220229709,20142.37220229709,20142.37220229709,20142.37220229709
