,TRM,Local Ratio,GHS,RHS,TRHS
0,40906.09328831575,38731.78819561281,39498.412046114725,38864.64915537569,38975.48948320093
