,TRM,Local Ratio,GHS,RHS,TRHS
0,275409.25630738446,272236.4822616727,272886.51508797985,272380.66436767223,272638.07492730656
