,TRM,Local_Ratio,RLS,UGA_RLS,TRHS
0,88.5636,,145.105311,1846.667797,111.344314
1,59.9185,,108.124063,1808.108106,79.922639
2,32.844099,7476.987796,78.322994,1252.982227,48.310962
3,5.280842,2983.596267,29.432122,813.620655,33.373956
4,0.296869,562.120869,7.692233,205.469099,6.780961
