,TRM,Local_Ratio,RLS,UGA_RLS,TRHS
0,7.824865,224.79735,15.889196,164.893415,12.718719
1,4.693136,163.856343,9.283584,140.223802,9.417045
2,1.337586,105.2934,5.750529,106.016304,5.673993
3,0.101407,56.10245,2.2702,84.805991,2.349525
4,0.070953,22.388292,1.123305,34.58657,1.010829
