,TRM,Local_Ratio,RLS,UGA_RLS,TRHS
0,16.157039,492.16198,23.418007,270.386157,20.096053
1,11.101576,307.912506,22.002231,260.343853,15.627948
2,5.878389,208.608252,12.237643,170.427043,12.365261
3,0.965435,106.530743,5.909589,108.59155,4.642957
4,0.083272,37.647632,2.975986,60.326093,1.337705
