,TRM,Local_Ratio,RLS,UGA_RLS,TRHS
0,24.210751,573.452949,27.186845,389.049453,32.01965
1,13.795624,380.633079,26.377035,262.987508,22.837827
2,7.746122,222.793702,13.917936,145.184086,13.636258
3,2.398422,117.401226,8.847806,150.044104,7.081169
4,0.114074,38.609547,2.336413,27.886853,1.726301
