,TRM,Local_Ratio,RLS,UGA_RLS,TRHS
0,12.936748,268.312445,20.311311,193.095747,15.716123
1,9.186963,182.693153,15.639709,148.465866,12.561769
2,5.671546,120.173126,10.077533,94.509728,9.640045
3,2.031118,75.860221,6.005739,62.265942,5.202807
4,0.078121,24.43026,2.17175,34.091727,1.406162
