,TRM,Local_Ratio,RLS,UGA_RLS,TRHS
0,2.705565,28.444511,4.534171,38.131798,3.860841
1,2.258083,21.402407,3.552646,33.296696,2.812272
2,1.247245,15.160009,2.363902,35.562937,2.022127
3,0.514559,8.953927,1.443174,23.123955,1.114503
4,0.020267,3.658501,0.570974,16.175509,0.304884
