,TRM,Local_Ratio,RLS,UGA_RLS,TRHS
0,6.202996,117.66577,9.376997,66.200868,10.278699
1,4.393736,82.77836,7.446087,91.950622,7.405914
2,2.191776,56.165284,5.386561,54.893607,4.234792
3,0.200926,32.050393,2.377736,49.534992,2.068267
4,0.048633,12.240921,0.922545,23.387565,0.702223
