,TRM,Local_Ratio,RLS,UGA_RLS,TRHS
0,12.374985,287.666602,20.628022,206.671377,21.129462
1,8.936431,203.69337,15.530446,94.201021,13.878723
2,4.891536,126.405287,9.772968,121.878806,9.516561
3,1.21243,77.434802,6.173835,81.695861,3.556971
4,0.072852,26.599436,1.324667,33.528257,1.08596
