,TRM,Local_Ratio,RLS,UGA_RLS,TRHS
0,22.998612,1058.624446,40.391627,409.924891,32.029995
1,15.921,661.519464,24.451997,384.984036,23.389423
2,8.812046,348.966393,18.436504,231.153474,15.092921
3,1.890519,179.128912,9.751451,193.317871,6.905853
4,0.093761,59.540209,3.468548,75.118921,1.812374
