,TRM,Local_Ratio,RLS,UGA_RLS,TRHS
0,1.906131,18.892685,2.921691,28.32634,2.60921
1,1.359289,13.874131,2.390469,24.967176,2.109242
2,0.828059,10.01216,1.557118,22.70449,1.515528
3,0.296857,5.687158,0.828057,16.670835,0.61985
4,0.015625,2.249862,0.296853,13.608517,0.249984
