,TRM,Local_Ratio,RLS,UGA_RLS,TRHS
0,1.299663,10.245631,2.687537,24.743484,1.832478
1,0.978363,8.121101,1.459436,19.211775,1.371013
2,0.659432,5.497091,1.270853,18.341473,1.051269
3,0.306351,3.433671,0.851245,15.455825,0.597757
4,0.018136,1.454398,0.302555,11.447269,0.214895
