,TRM,Local_Ratio,RLS,UGA_RLS,TRHS
0,830616.674653642,,822716.3368695515,826687.5154526227,825738.5031237687
1,662567.025776411,649137.4191711061,650574.928285561,647125.419596546,651028.3692221162
2,547301.2546917269,531039.2721060611,535221.644401297,534912.4372552314,535254.2855875433
3,381509.97815615876,361259.6368673778,365431.9095877112,365845.1964161788,364696.7224494555
4,176328.94141264842,165895.41931586576,169957.87696440873,166880.69303427992,167901.79710921165
