,TRM,Local_Ratio,RLS,UGA_RLS,TRHS
0,646531.2946921522,638388.3858664345,638554.928153525,646276.7316974616,641453.243757011
1,529124.1384514262,515668.06828985974,519221.2810773608,519510.0871572887,521636.1435168419
2,422859.4029612323,416717.8553117606,421166.29371158796,420919.6494765093,418285.9668043655
3,313118.57951590815,299808.7703526054,299914.8523885327,302735.91575203434,303946.76429865457
4,138615.70566525162,129950.47579926164,133987.8895556841,130920.80125156716,130624.82558294116
