,TRM,Local_Ratio,RLS,UGA_RLS,TRHS
0,543959.3479179104,542951.6750913243,542673.2668075663,542101.8428240182,543165.5113081866
1,426996.71808579954,421696.78354439005,425495.72416752885,424898.9831309506,426143.76679622417
2,355646.8058300732,351676.2982924576,352594.94211760245,351779.818631759,354461.5976057432
3,235264.249004482,230263.99470364742,230961.45186849163,232692.62359796398,232978.89467315792
4,125774.07057281536,121460.52559028902,123914.4228934043,121502.74554737766,121797.3574358029
