,TRM,Local_Ratio,RLS,UGA_RLS,TRHS
0,429170.9126795816,426345.71380115265,426581.6506505729,427692.45451333636,427862.9154546961
1,339836.02630894544,331617.48676333425,336190.1581324177,338789.7571084794,337106.52697512193
2,276514.2439497304,271206.8398228138,271355.3590179339,271027.751689156,275481.2248778221
3,166306.5003109621,157160.36765740465,159920.09494713444,157917.39255242675,162705.82542328615
4,82887.77648812247,78398.14199057966,79298.53497654383,78514.51888371794,78703.50179657279
