,TRM,Local_Ratio,RLS,UGA_RLS,TRHS
0,499657.09114773426,494707.1642618092,495357.77050999855,496855.9392482809,497904.3699807487
1,409361.38161056075,401235.98720057774,398323.5830655328,401548.9702388586,403744.45357313973
2,303778.69067021343,293121.3257124029,293691.8250965837,303177.87155710516,299687.7399797902
3,229867.3277967393,222771.93542173042,226253.40368981418,224256.38684516313,225153.91187197375
4,102991.19707383044,95686.71454857338,97850.78955298333,96061.84046654047,96351.7787004203
