,TRM,Local_Ratio,RLS,UGA_RLS,TRHS
0,417642.34716507886,415708.6429373682,416175.9396997203,421025.658264838,416028.8710636074
1,321123.94337966194,318382.29867776297,319917.7602231155,319972.7572112756,320051.105477964
2,251355.95980541914,247405.6380666847,247618.75995748857,247355.6359249691,246340.23084786185
3,207314.29236244314,201874.92723787425,202017.44551867433,202672.48814675104,201986.57959650265
4,86967.12255948939,84209.79850017594,85094.8053242641,84450.84370921343,85133.60940476344
