,TRM,Local_Ratio,RLS,UGA_RLS,TRHS
0,506214.58375221316,504599.8477736495,503593.0613669294,504410.0727857032,505191.75957588886
1,389111.0932065842,388360.81694514235,389294.1719909697,388721.1221477856,388470.2666869625
2,329654.98935109883,322887.7750204529,324456.72541566653,329279.866792004,329279.866792004
3,163786.457650826,161952.70448655312,163505.75068448007,161952.70448655312,161952.70448655312
4,97104.92691120079,89933.72946244926,90016.15937986056,90016.15937986056,90142.99350241397
