,TRM,Local_Ratio,RLS,UGA_RLS,TRHS
0,693480.747757485,692502.3526985038,692962.7673989799,689649.3410166398,690290.8442862672
1,568941.5372922666,562445.8496413423,561580.281331348,563739.9910078123,564882.8791694099
2,451983.33147768304,444936.76122673415,445376.7995394792,447854.13994082785,447914.70205750293
3,327312.8179958686,318598.642779537,315543.9437163057,320653.00934199546,321203.20777838957
4,162127.44086852286,155847.86595226137,158051.95848605613,156318.33566459053,156018.0139779232
