,TRM,Local_Ratio,RLS,UGA_RLS,TRHS
0,1041972.3867965521,,1032127.7013922501,1026720.0221496586,1036954.5194671351
1,857743.9352473223,,844525.8588242925,848954.8164767821,849681.9292999104
2,692048.8197921983,672981.7254388042,673451.9315675575,685422.372173468,681107.9364905098
3,477995.3212340452,461151.97758025397,462253.9010837968,463090.9106305902,463910.7325337042
4,223927.14527562322,212515.7187839038,217795.0053287795,213976.53130289403,213324.8192055935
