,TRM,Local_Ratio,RLS,UGA_RLS,TRHS
0,898947.4612301607,,889150.9955374073,890010.9346513352,893356.6404187677
1,742199.9342193935,720203.2700935298,728994.0550439401,732827.1578453255,731158.0458069684
2,552227.3499983335,533089.7797689863,538027.6432914259,537376.0451048388,543724.9360592952
3,439712.9218009257,414942.22565297486,420097.54287510726,420306.55043931183,421277.8371335515
4,173056.88344248742,161212.00851732568,163929.57921607257,162103.1575221633,162196.97159033632
