,TRM,Local_Ratio,RLS,UGA_RLS,TRHS
0,1025524.3699003535,,1017099.8084595953,1009427.0592555546,1016142.3036649689
1,843300.8392586269,,824446.3227165126,828974.8891832596,833428.0495919734
2,663866.3098973938,640748.547638839,656217.9565875339,654891.7567160553,654197.3144392492
3,488125.39919896587,478303.2436200568,483104.3893020093,474727.5210439435,475637.331748415
4,222729.78611576976,208271.91133760384,212849.62039810675,209516.31844828607,209730.03196660697
