,TRM,Local_Ratio,RLS,UGA_RLS,TRHS
0,0.057077,5.902043,0.998384,21.082398,0.542617
1,0.038821,4.54103,0.762247,16.871899,0.572288
2,0.028365,3.22683,0.563914,15.896943,0.474613
3,0.018418,2.171131,0.343523,14.961591,0.228258
4,0.015107,0.869879,0.178555,11.800693,0.154413
