,TRM,Local_Ratio,RLS,UGA_RLS,TRHS
0,0.275194,104.468797,5.345116,141.861756,2.943535
1,0.211245,74.67321,3.364368,73.561496,2.948634
2,0.145709,50.673413,3.004739,72.10383,2.433711
3,0.090734,28.89746,2.811039,49.424783,1.829017
4,0.048587,11.580555,1.313637,24.674841,1.355262
