,TRM,Local_Ratio,RLS,UGA_RLS,TRHS
0,0.046109,3.890559,0.565536,15.019788,0.511433
1,0.035538,2.941167,0.486899,15.270658,0.272187
2,0.024066,2.355285,0.481975,14.618312,0.301052
3,0.015669,1.547281,0.306377,12.445861,0.188443
4,0.010489,0.604094,0.15452,10.956688,0.124282
