,TRM,Local_Ratio,RLS,UGA_RLS,TRHS
0,533542.6535214249,524360.7538616265,524800.4880294863,527179.5775566597,529871.733585613
1,462455.48504404025,456444.34037940094,452998.4878694427,456071.79820288945,460214.72325299756
2,323276.8841642758,318179.181798104,317657.0471143565,320835.36782769416,318179.181798104
3,229442.66916951005,238030.71783743758,219082.43214698418,219068.3662225914,219174.27088908048
4,156333.64556707733,148962.02812700783,152549.28338451768,149168.09878322334,149374.1929750046
