,TRM,Local_Ratio,RLS,UGA_RLS,TRHS
0,483355.60831775,484664.3307423275,483995.0539590715,484664.3307423275,482158.0898504324
1,400627.4011192016,394420.6702131831,397791.27242082683,398361.8777545805,400793.89487991756
2,298705.98097493977,291464.98054774414,293322.758065852,295888.2886822142,297416.12769926694
3,240273.05468775623,238623.29437483038,238561.40043769157,240797.10464856896,238453.2622928753
4,94428.87100812548,109011.70985685052,88255.08455121073,87981.69010371454,87981.69010371454
