,TRM,Local_Ratio,RLS,UGA_RLS,TRHS
0,320134.33315298666,316686.86247177125,319849.09218414064,319765.0444942079,319398.784863823
1,256762.5072097251,254295.46139550683,256805.1967527801,252578.82266285262,254409.34592881522
2,200253.4907833568,190925.34708860156,193766.78641228913,195681.11081335545,196218.65994033025
3,155913.9259855474,154876.54366748064,155572.19125431628,154876.54366748064,153968.158487164
4,50344.641791505965,46419.88819239493,47122.08994642926,46543.6379048215,46419.88819239493
