,TRM,Local_Ratio,RLS,UGA_RLS,TRHS
0,703775.7771116412,698697.7451338659,701137.7268571755,697559.8409466689,700499.4790602492
1,583360.9241286025,574068.1173864958,577209.3237379014,584463.9858573409,581841.2881754176
2,448462.35300239443,444412.9837968451,447941.86680227984,445573.2542810602,443447.8859615141
3,313188.8933836926,302437.6506787916,315107.6755315118,304939.6466067886,308731.4214836586
4,135256.07238941325,128959.54194485841,132759.74140576244,128959.54194485841,129359.48594025106
