,TRM,Local_Ratio,RLS,UGA_RLS,TRHS
0,0.072457,6.538459,0.807969,19.003721,0.591803
1,0.052331,4.930878,0.596882,20.980734,0.384997
2,0.040085,3.60674,0.486201,17.913559,0.600718
3,0.0248,2.301562,0.412922,13.026499,0.354618
4,0.013612,1.085711,0.171066,11.560864,0.152396
