,TRM,Local_Ratio,RLS,UGA_RLS,TRHS
0,0.057868,4.494965,0.541141,20.051418,0.325054
1,0.045891,3.949616,0.459614,16.002497,0.335055
2,0.037896,2.760213,0.262325,15.784102,0.251785
3,0.021444,1.807937,0.260758,14.192685,0.247298
4,0.011551,0.861164,0.192026,12.79856,0.141597
