,TRM,Local_Ratio,RLS,UGA_RLS,TRHS
0,0.250195,71.73565,3.304876,48.832618,2.893074
1,0.167933,52.583293,3.615941,71.046791,2.820469
2,0.120757,35.607399,2.587549,62.149999,1.936128
3,0.07422,22.552328,2.332546,40.722526,1.57073
4,0.071998,8.556541,1.070007,26.729544,0.811543
