,TRM,Local_Ratio,RLS,UGA_RLS,TRHS
0,0.94804,,24.475201,1028.976146,13.696095
1,0.718538,2116.141768,25.649807,446.731531,10.577444
2,0.444939,1188.760175,17.445783,460.873974,11.054522
3,0.326959,591.941148,16.824785,374.592127,8.695522
4,0.178934,147.97962,6.95092,103.455121,3.874009
