,TRM,Local_Ratio,RLS,UGA_RLS,TRHS
0,0.092784,8.585127,0.960354,24.581272,0.608855
1,0.070541,6.440726,0.803489,23.249892,0.973587
2,0.05095,4.542928,0.543641,17.625915,0.366905
3,0.032697,2.983331,0.662376,14.275769,0.446046
4,0.015367,1.356336,0.290949,12.685584,0.184291
