,TRM,Local_Ratio,RLS,UGA_RLS,TRHS
0,0.106568,16.669977,1.209725,34.294953,1.045428
1,0.071545,12.753303,1.645174,24.495062,0.863958
2,0.051768,9.376427,1.360627,22.42357,0.893793
3,0.031114,5.823401,0.713564,17.550415,0.788582
4,0.021528,2.422593,0.354798,13.806607,0.261681
