,TRM,Local_Ratio,RLS,UGA_RLS,TRHS
0,0.195822,5.159402,0.592178,22.293119,0.516654
1,0.052405,4.016341,0.607965,18.589043,0.347681
2,0.040432,4.35214,0.489299,14.740044,0.457232
3,0.025214,1.881398,0.441085,14.067957,0.404395
4,0.013942,0.974883,0.276584,13.410399,0.23367
