,TRM,Local_Ratio,RLS,UGA_RLS,TRHS
0,0.044896,4.284542,0.703563,16.37838,0.327022
1,0.033906,3.227316,0.505056,13.244928,0.309294
2,0.026936,2.282324,0.383241,12.490647,0.287729
3,0.018386,1.797792,0.253268,12.689725,0.222929
4,0.011455,0.71982,0.11199,11.001027,0.136068
