,TRM,Local_Ratio,RLS,UGA_RLS,TRHS
0,284046.7708474657,275476.02905624354,277975.38357759814,283357.30599601514,277342.0497141053
1,244005.74618387234,233543.44107702715,235141.77672516648,233123.40147565937,232052.09353774405
2,201018.0868958774,185111.0849875322,195090.67632059442,185111.0849875322,186997.82768446094
3,118128.02908131122,112514.35343108674,112608.6880255187,112608.6880255187,113011.27780122925
4,58192.05554837319,53712.19211371937,54130.52118005896,53712.19211371937,53725.7078515903
