,TRM,Local_Ratio,RLS,UGA_RLS,TRHS
0,541336.8806377767,532182.7279029553,534558.4995190155,531456.4835549908,540783.3432112414
1,432546.36651166796,423315.24810606433,431720.59427647985,433274.07987526426,428554.54561186134
2,353899.7171299783,347857.8210821879,354268.4933221845,350230.55042869376,353062.5755156331
3,247178.01981674728,245946.32793641224,241309.87749365735,240938.49372682782,242771.5722446143
4,104581.44824856387,100760.01848479535,101932.9295681777,101746.1762700073,102420.73014082223
