,TRM,Local_Ratio,RLS,UGA_RLS,TRHS
0,578057.8376587683,576243.4829356862,579192.8656539472,578235.2142947388,576220.4052163718
1,473411.4753295737,468787.139728987,469791.95776837156,468502.1961447586,469657.21900759765
2,352731.42954023124,353365.8403607605,361528.90200927685,355802.46184103284,351843.2144493164
3,227871.74258936776,226924.70654007225,225919.4805679601,225953.04963965924,227302.31335250256
4,118886.47725419118,115451.99993240814,115451.99993240814,115451.99993240814,116851.15937824467
