,TRM,Local_Ratio,RLS,UGA_RLS,TRHS
0,482340.7252778008,474770.04087013577,476770.23358434334,478917.6943553996,477087.431716027
1,365893.96481883904,358390.19745886564,356727.4408500277,363252.16564332787,361365.7181810864
2,333072.1144673623,322030.85978734004,332058.2472978729,331054.0360810637,328985.1222238693
3,211842.3717314637,206460.13786276843,207638.7032208602,206460.13786276843,206460.13786276843
4,91254.43289460275,83672.10631941649,84587.16907953419,83672.10631941649,83672.10631941649
