,TRM,Local_Ratio,RLS,UGA_RLS,TRHS
0,692346.2851856861,685250.3006848904,687213.3502818262,689755.6634798567,691124.5891395754
1,569231.1372505231,563855.507563888,560947.7627871324,566514.7243686683,567728.3341198438
2,433748.61437178135,429050.6265769619,433081.0101808818,426347.4437534927,429624.61313657055
3,323371.9436050636,313739.9185514769,310963.2966978262,318778.23600794416,316892.5493087703
4,170811.86783151104,164782.54814891517,168224.66366738555,165611.06600450096,165557.2771620333
