,TRM,Local_Ratio,RLS,UGA_RLS,TRHS
0,582546.0028026148,578130.1627328701,585413.701883961,578467.5702061241,581511.9840243678
1,463336.59075098665,465226.1997595487,459257.3773995321,466324.9803514342,464955.9464080858
2,375352.7693288088,378852.6597963178,389026.6574663425,379275.9625069741,379055.0489297719
3,258359.0263257356,251507.7515954509,251984.75419242523,252188.8162175692,253066.05813144834
4,110419.67429619608,105644.54460001999,109369.80671970418,107698.43651315964,105925.26981327163
