,TRM,Local_Ratio,RLS,UGA_RLS,TRHS
0,900399.559680288,892060.5168913921,900241.0940513958,899377.1536408693,897258.9828007291
1,690553.8989506728,678012.116719163,676404.2009364296,683005.4782923675,683929.8270610541
2,587047.9230667799,568361.6420697782,578883.7137105267,575768.9807632782,577988.8015544015
3,431718.9634804668,416402.66789964394,425496.48961530055,419201.40817163535,417032.20029179484
4,184139.0138765474,171081.61734601134,172011.66686074113,171199.23479646165,171880.7411842459
