,TRM,Local_Ratio,RLS,UGA_RLS,TRHS
0,738916.0273620362,733378.0799091826,741119.8874145185,737331.7467049647,735697.85127992
1,594114.8700981335,593482.4304656105,593624.0577539954,595488.2059416041,593938.5912650883
2,459923.1545815363,457977.58805742464,459099.3579438014,460061.5168325405,456287.2862129083
3,382247.69887741323,394914.38717633346,400791.4724662694,392594.9442336883,411069.2909134428
4,167983.54818499,177191.35636042428,165065.93142253722,160605.98605836876,160479.78162076377
