,TRM,Local Ratio,GHS,RHS,TRHS
0,0.013348,0.819984,15.222061,0.114631,0.080585
