,TRM,Local Ratio,GHS,RHS,TRHS
0,0.062481,13.161332,37.543536,1.357251,0.665629
