,TRM,Local Ratio,GHS,RHS,TRHS
0,0.127811,48.829724,92.548956,1.711424,2.206873
