,TRM,Local Ratio,GHS,RHS,TRHS
0,0.074243,9.667814,36.576745,0.564449,0.507911
