,TRM,Local Ratio,GHS,RHS,TRHS
0,0.064465,8.997121,32.52155,0.630247,0.375651
