,TRM,Local Ratio,GHS,RHS,TRHS
0,0.105236,7.072518,29.230022,0.545262,0.40756
