,TRM,Local Ratio,GHS,RHS,TRHS
0,0.11739,26.814206,74.395881,1.267801,1.171481
