,TRM,Local Ratio,GHS,RHS,TRHS
0,0.248924,131.212548,194.947943,3.25957,2.903853
