,TRM,Local Ratio,GHS,RHS,TRHS
0,0.030365,3.273435,30.074918,0.417786,0.329286
