,TRM,Local Ratio,GHS,RHS,TRHS
0,0.093702,24.526374,70.100665,1.836444,0.849484
