,TRM,Local Ratio,GHS,RHS,TRHS
0,0.203061,139.424005,202.83351,3.915184,3.911157
