,TRM,Local Ratio,GHS,RHS,TRHS
0,0.15331,90.484176,202.650951,3.354296,3.667586
