,TRM,Local Ratio,GHS,RHS,TRHS
0,0.2339,153.35543,242.167706,3.702657,3.894932
