,TRM,Local Ratio,GHS,RHS,TRHS
0,0.12587,32.574872,79.869944,1.564549,1.360685
