,TRM,Local Ratio,GHS,RHS,TRHS
0,0.164391,53.474148,103.628853,2.335116,1.494636
