,TRM,Local Ratio,GHS,RHS,TRHS
0,0.094199,23.798407,63.89041,1.614509,0.883686
