,TRM,Local Ratio,GHS,RHS,TRHS
0,0.008155,0.338023,15.330944,0.065861,0.073652
