,TRM,Local Ratio,GHS,RHS,TRHS
0,0.375207,17530.889435,7206.98368,8.265898,3.95238
