,TRM,Local Ratio,GHS,RHS,TRHS
0,0.082745,20.412105,61.839721,1.12841,0.827946
