,TRM,Local Ratio,GHS,RHS,TRHS
0,0.016761,0.964014,15.777374,0.170395,0.091695
