,TRM,Local Ratio,GHS,RHS,TRHS
0,0.068244,11.093916,57.887786,0.847818,0.727524
