,TRM,Local Ratio,GHS,RHS,TRHS
0,0.019793,1.536305,17.570911,0.178877,0.127208
