,TRM,Local Ratio,GHS,RHS,TRHS
0,0.133116,43.736756,70.906591,3.650675,1.616423
