,TRM,Local Ratio,GHS,RHS,TRHS
0,0.123351,37.725297,67.095691,1.650739,1.20625
