,TRM,Local Ratio,GHS,RHS,TRHS
0,0.073876,10.633429,39.657787,0.588301,0.41142
