,TRM,Local Ratio,GHS,RHS,TRHS
0,0.103118,26.337071,68.203301,2.105465,0.921762
