,TRM,Local Ratio,GHS,RHS,TRHS
0,0.054728,8.815211,31.920089,0.649374,0.704391
