,TRM,Local Ratio,GHS,RHS,TRHS
0,0.15577,100.87549,155.672467,4.184889,2.822946
