,TRM,Local Ratio,GHS,RHS,TRHS
0,0.083884,23.518158,96.294722,1.924245,1.330925
