,TRM,Local Ratio,GHS,RHS,TRHS
0,0.208748,173.807422,279.854023,5.296445,3.548005
