,TRM,Local Ratio,GHS,RHS,TRHS
0,0.018779,1.105148,19.760512,0.268738,0.174832
