,TRM,Local Ratio,GHS,RHS,TRHS
0,0.036988,4.516936,23.492004,0.424766,0.327024
