,TRM,Local Ratio,GHS,RHS,TRHS
0,0.080072,10.925522,40.957802,0.724652,0.551422
