,TRM,Local Ratio,GHS,RHS,TRHS
0,0.028283,2.915544,20.648709,0.381118,0.183042
