,TRM,Local Ratio,GHS,RHS,TRHS
0,0.014195,0.683203,14.660186,0.165722,0.074461
