,TRM,Local Ratio,GHS,RHS,TRHS
0,0.156487,70.030294,112.258186,2.38572,1.752426
