,TRM,Local Ratio,GHS,RHS,TRHS
0,0.034081,3.679915,22.774644,0.464439,0.217998
