,TRM,Local Ratio,GHS,RHS,TRHS
0,0.149962,38.945129,96.916397,1.91249,1.177104
