,TRM,Local Ratio,GHS,RHS,TRHS
0,0.14345,55.195548,108.973818,1.990213,1.45079
