,TRM,Local Ratio,GHS,RHS,TRHS
0,0.003762,0.108437,14.692352,0.022608,0.023059
