,TRM,Local Ratio,GHS,RHS,TRHS
0,0.25363,162.326654,222.365492,5.527384,3.347461
