,TRM,Local Ratio,GHS,RHS,TRHS
0,0.131458,31.628448,88.310773,1.729189,1.089722
