,TRM,Local Ratio,GHS,RHS,TRHS
0,0.121565,50.828862,118.988249,2.497677,1.563864
