,TRM,Local Ratio,GHS,RHS,TRHS
0,0.227968,115.481808,210.560846,4.439139,3.71678
