,TRM,Local Ratio,GHS,RHS,TRHS
0,0.075772,16.645548,54.316609,0.988829,0.740801
