,TRM,Local Ratio,GHS,RHS,TRHS
0,0.116667,36.160386,93.826707,1.543088,1.131657
