,TRM,Local Ratio,GHS,RHS,TRHS
0,0.135,53.198119,105.499028,2.094291,2.172249
