,TRM,Local Ratio,GHS,RHS,TRHS
0,0.103329,20.412267,47.704995,1.466144,1.03303
