,TRM,Local Ratio,GHS,RHS,TRHS
0,78350.47251603902,72252.30270102105,72591.68763775377,76861.16449363588,72668.3944850383
