,TRM,Local Ratio,GHS,RHS,TRHS
0,9467.372849718466,9399.241548278636,9399.241548278636,10574.20422356715,9399.241548278636
