,TRM,Local Ratio,GHS,RHS,TRHS
0,115655.90240671096,105043.17675519428,105172.19365679083,107287.95246025914,105873.32778769323
