,TRM,Local Ratio,GHS,RHS,TRHS
0,45381.740193457,42355.79721415933,42355.79721415933,43263.57515709218,43263.57515709218
