,TRM,Local Ratio,GHS,RHS,TRHS
0,36477.800664846814,31884.687451325473,31884.687451325473,31884.687451325473,31884.687451325473
