,TRM,Local Ratio,GHS,RHS,TRHS
0,63759.649929496285,59748.613297984666,59765.06586484692,59956.48869420869,60838.49390841496
