,TRM,Local Ratio,GHS,RHS,TRHS
0,112256.1328009648,104397.18616704644,104839.39352057823,109911.90071179144,105664.0699730222
