,TRM,Local Ratio,GHS,RHS,TRHS
0,132598.37551591717,124446.84037741563,125358.20370159557,127527.8786435248,125761.53278378258
