,TRM,Local Ratio,GHS,RHS,TRHS
0,44716.51873115926,41349.03218703989,41414.81298208682,41986.30670303402,41799.5251999831
