,TRM,Local Ratio,GHS,RHS,TRHS
0,70948.13483458385,67978.26295985871,67978.26295985871,70069.30415658653,68366.6650506673
