,TRM,Local Ratio,GHS,RHS,TRHS
0,140399.9837891986,127948.60596553443,128961.51886267972,131241.83006095275,128289.89641544025
