,TRM,Local Ratio,GHS,RHS,TRHS
0,120404.84286390456,111619.1294887417,111974.01590427037,112887.15881770772,112829.65029680204
