,TRM,Local Ratio,GHS,RHS,TRHS
0,151500.84460833887,143201.46491758674,143688.54802305115,147895.61172929447,143391.64095713277
