,TRM,Local Ratio,GHS,RHS,TRHS
0,66087.9275365809,59333.730539031545,59546.99250063167,61050.797842530395,59376.025397401114
