,TRM,Local Ratio,GHS,RHS,TRHS
0,32746.36481265485,30745.292565589836,30979.67618998253,31099.711686590443,31184.620912594044
