,TRM,Local Ratio,GHS,RHS,TRHS
0,49401.709869658785,46158.84749723856,46158.84749723856,47965.245744179476,46316.97478853664
