,TRM,Local Ratio,GHS,RHS,TRHS
0,47156.452542833555,44175.63894806921,44175.63894806921,44971.2797969775,44555.2876269756
