,TRM,Local Ratio,GHS,RHS,TRHS
0,67619.80714831353,62692.81883671638,62950.51449692724,66321.19247408136,63117.580275893364
