,TRM,Local Ratio,GHS,RHS,TRHS
0,37666.90592412046,30565.83196435876,30565.83196435876,31303.173147515256,30847.403971015054
