,TRM,Local Ratio,GHS,RHS,TRHS
0,147674.69457075934,134350.72845986392,135528.91090986956,135553.0974980562,135762.0400694047
