,TRM,Local Ratio,GHS,RHS,TRHS
0,43039.830256836576,38460.03915532728,38460.03915532728,40124.19847558975,38460.03915532728
