,TRM,Local Ratio,GHS,RHS,TRHS
0,161716.64065331517,162372.2721409207,151223.45755953295,151932.20368462888,152353.90079097907
