,TRM,Local Ratio,GHS,RHS,TRHS
0,90939.20036718973,84211.43034896067,84512.24121828919,88495.30344332628,84757.0388265642
