,TRM,Local Ratio,GHS,RHS,TRHS
0,41403.41609283364,39563.857014856214,39563.857014856214,39600.719110759936,40480.9752135353
