,TRM,Local Ratio,GHS,RHS,TRHS
0,148088.57636718987,137655.60000818636,139095.73726524875,140126.28374076742,138654.058620795
