,TRM,Local Ratio,GHS,RHS,TRHS
0,28111.394429656568,26582.9510758175,26582.9510758175,26635.263127369944,26582.9510758175
