,TRM,Local Ratio,GHS,RHS,TRHS
0,45612.35734789268,44380.277510684806,44400.64637620584,45344.65404140435,44380.277510684806
