,TRM,Local Ratio,GHS,RHS,TRHS
0,71166.62735767623,66586.88545794607,67265.98439722334,69147.43631352535,67141.30639713297
