,TRM,Local Ratio,GHS,RHS,TRHS
0,96469.45314493004,86700.42648545651,86756.66401791685,90743.27210203547,87627.15201240528
