,TRM,Local Ratio,GHS,RHS,TRHS
0,66826.47668098402,59115.43594765398,59131.296719042366,59967.55370241594,59566.20820815986
