,TRM,Local Ratio,GHS,RHS,TRHS
0,98377.0521939502,91549.0365242958,91549.0365242958,92146.05941855293,92406.61369447538
