,TRM,Local Ratio,GHS,RHS,TRHS
0,143270.59544291793,139274.91183490006,139366.10662435545,154152.70078560585,140216.88682618787
