,TRM,Local Ratio,GHS,RHS,TRHS
0,58685.984484111614,55284.644567414536,55464.58466002691,55497.092402112605,55317.152309500234
