,TRM,Local Ratio,GHS,RHS,TRHS
0,49183.39208150033,44295.51734116607,44297.30750397379,46513.366642925226,44297.30750397379
