,TRM,Local Ratio,GHS,RHS,TRHS
0,127972.70508331766,115418.34005318381,115559.26148603731,121337.99407362446,116781.15927131657
