,TRM,Local Ratio,GHS,RHS,TRHS
0,76455.0900148263,71471.47252856792,72094.99628376965,72865.017192009,71768.00778709158
