,TRM,Local Ratio,GHS,RHS,TRHS
0,69087.19751743988,61036.30747748433,61790.71421738962,62976.2334645904,61831.961064029965
