,TRM,Local Ratio,GHS,RHS,TRHS
0,175191.1929254875,177792.1223248195,167669.96481620107,173025.7362283042,168255.0667818839
