,TRM,Local Ratio,GHS,RHS,TRHS
0,57854.9862653218,53580.19332711334,53381.50535478863,56223.85824718513,54981.49987574636
