,TRM,Local Ratio,GHS,RHS,TRHS
0,132235.47824364167,116550.8846840921,117315.38816836473,120715.86138314632,119151.9161774893
