,TRM,Local Ratio,GHS,RHS,TRHS
0,181784.9749464963,172399.66647390384,173827.65178824248,177674.19864024493,172973.92350554842
