,TRM,Local Ratio,GHS,RHS,TRHS
0,99441.67313294766,89106.41224449758,89121.52193734985,93455.48161269241,90958.2372593967
