,TRM,Local Ratio,GHS,RHS,TRHS
0,138505.8032697629,126813.79204070508,127431.51184846464,129229.75975623593,127599.25384877896
