,TRM,Local Ratio,GHS,RHS,TRHS
0,114881.57723869508,110143.8800104201,110143.8800104201,110302.98618724839,110663.02404035025
