,TRM,Local Ratio,GHS,RHS,TRHS
0,106898.68780859148,100194.12182826042,100363.86989918219,101403.67631233316,101412.28207967409
