,TRM,Local Ratio,GHS,RHS,TRHS
0,23027.890742228275,21302.539948868587,21302.539948868587,27959.689869684524,21302.539948868587
