,TRM,Local Ratio,GHS,RHS,TRHS
0,76379.01064374924,70348.39298822929,70418.99069718551,73758.28834044491,70951.65235805794
