,TRM,Local Ratio,GHS,RHS,TRHS
0,103243.33347863102,88196.55352891427,88502.32416003644,90335.61505694242,89416.67178169343
