,TRM,Local Ratio,GHS,RHS,TRHS
0,51770.52088843424,46357.14059953154,46559.24954339857,55438.96083985042,47123.44477545562
