,TRM,Local Ratio,GHS,RHS,TRHS
0,0.046874,6.843549,29.159583,0.656243,0.437488
