,TRM,Local Ratio,GHS,RHS,TRHS
0,0.046875,8.421653,35.124034,0.64062,0.703093
