,TRM,Local Ratio,GHS,RHS,TRHS
0,0.078124,23.124436,42.061437,1.140608,1.437463
