,TRM,Local Ratio,GHS,RHS,TRHS
0,0.062497,20.783301,53.882866,1.640597,0.968731
