,TRM,Local Ratio,GHS,RHS,TRHS
0,0.015639,0.015608,11.159833,0.015627,0.0
