,TRM,Local Ratio,GHS,RHS,TRHS
0,0.0,0.015625,11.093635,0.015625,0.0
