,TRM,Local Ratio,GHS,RHS,TRHS
0,0.031249,5.171737,23.202427,0.609354,0.437488
