,TRM,Local Ratio,GHS,RHS,TRHS
0,0.078122,41.795626,70.017161,3.031171,1.062469
