,TRM,Local Ratio,GHS,RHS,TRHS
0,0.109359,66.821734,127.847824,2.729579,2.359992
