,TRM,Local Ratio,GHS,RHS,TRHS
0,0.183905,173.606979,212.078705,3.890528,4.843589
