,TRM,Local Ratio,GHS,RHS,TRHS
0,0.038974,7.901708,31.934621,0.877435,0.66808
