,TRM,Local Ratio,GHS,RHS,TRHS
0,0.078124,19.171537,44.762028,1.35935,1.203116
