,TRM,Local Ratio,GHS,RHS,TRHS
0,0.078119,17.202764,46.998995,1.140612,0.828108
