,TRM,Local Ratio,GHS,RHS,TRHS
0,0.046874,8.999699,29.249061,0.7656,0.562495
