,TRM,Local Ratio,GHS,RHS,TRHS
0,0.046887,12.468382,40.842498,1.546845,0.749971
