,TRM,Local Ratio,GHS,RHS,TRHS
0,0.046874,8.468467,29.889666,0.968732,0.609342
