,TRM,Local Ratio,GHS,RHS,TRHS
0,0.109377,60.17125,72.217848,3.03993,2.113922
