,TRM,Local Ratio,GHS,RHS,TRHS
0,0.187497,227.305082,258.98937,4.937431,6.658404
