,TRM,Local Ratio,GHS,RHS,TRHS
0,0.124996,87.154527,151.982557,4.234285,3.265569
