,TRM,Local Ratio,GHS,RHS,TRHS
0,0.015619,1.687462,16.608828,0.328126,0.312476
