,TRM,Local Ratio,GHS,RHS,TRHS
0,0.046875,13.671735,39.848847,1.098438,0.66166
