,TRM,Local Ratio,GHS,RHS,TRHS
0,0.124996,44.482109,86.121113,2.874921,2.265551
