,TRM,Local Ratio,GHS,RHS,TRHS
0,0.171872,114.862207,189.360416,4.921755,2.59368
