,TRM,Local Ratio,GHS,RHS,TRHS
0,0.031244,5.03109,25.7461,0.515608,0.28124
