,TRM,Local Ratio,GHS,RHS,TRHS
0,0.031245,3.843712,24.109111,0.562492,0.703118
