,TRM,Local Ratio,GHS,RHS,TRHS
0,0.078118,19.436901,52.124718,1.468704,0.937485
