,TRM,Local Ratio,GHS,RHS,TRHS
0,83289.43385281629,87959.2766327238,81213.04170881829,82452.7470334367,80795.50099643796
