,TRM,Local Ratio,GHS,RHS,TRHS
0,126166.75361624846,120162.12654557452,120531.52983885066,123167.66569594751,121377.91205459001
