,TRM,Local Ratio,GHS,RHS,TRHS
0,93950.72109149542,97905.60797273988,90285.44487085177,90620.56640172805,90752.5711280294
