,TRM,Local Ratio,GHS,RHS,TRHS
0,87207.63491547912,83260.36352374805,83629.83109610411,84978.60008620354,83308.3019223521
