,TRM,Local Ratio,GHS,RHS,TRHS
0,105107.47292450609,98302.23696429718,99236.41397766746,100542.273613994,99212.58205777963
