,TRM,Local Ratio,GHS,RHS,TRHS
0,124223.46089542042,104369.04171650353,104614.78237818452,105895.4883700822,105446.60321679083
