,TRM,Local Ratio,GHS,RHS,TRHS
0,87304.95499760247,83796.47521768573,83949.1047276766,85466.9864831685,83927.75276573813
