,TRM,Local Ratio,GHS,RHS,TRHS
0,132935.2685825787,131060.60585666439,127595.6267378247,129524.0869543404,127171.31541766954
