,TRM,Local Ratio,GHS,RHS,TRHS
0,89302.40192815996,84930.6089006681,85928.83214128666,85710.02617493004,85480.85659396341
