,TRM,Local Ratio,GHS,RHS,TRHS
0,130432.35550971578,121374.64007944246,122435.26346732544,124179.08740614502,122246.21451296662
