,TRM,Local Ratio,GHS,RHS,TRHS
0,86751.86799359425,82259.17806995162,82734.376404479,83043.98019918446,82518.12804015056
