,TRM,Local Ratio,GHS,RHS,TRHS
0,108313.78580374592,108583.42384427664,99868.49421829195,101637.92348547459,99424.8840813495
