,TRM,Local Ratio,GHS,RHS,TRHS
0,21814.009098486567,25986.12940062934,25986.12940062934,21814.009098486567,21814.009098486567
