,TRM,Local Ratio,GHS,RHS,TRHS
0,64342.560460890614,59559.39665064325,59744.55751764352,61518.00688315477,59766.936208504776
