,TRM,Local Ratio,GHS,RHS,TRHS
0,183699.43406541907,161898.67706004306,162360.68649791597,163062.73801942117,162786.48381972723
