,TRM,Local Ratio,GHS,RHS,TRHS
0,96797.60926023829,95693.03526941962,95914.8776541024,96797.60926023829,96797.60926023829
