,TRM,Local Ratio,GHS,RHS,TRHS
0,140484.4985821498,135359.4934471829,132631.84746776748,137272.62276734645,133022.9174693284
