,TRM,Local Ratio,GHS,RHS,TRHS
0,75159.17326815352,69802.7131188347,69802.7131188347,70968.71223741573,70725.66256811675
