,TRM,Local Ratio,GHS,RHS,TRHS
0,48985.61890930281,45321.532512787235,45321.532512787235,45559.36375104279,45559.36375104279
