,TRM,Local Ratio,GHS,RHS,TRHS
0,33485.71869863533,31465.063087448438,31465.063087448438,31802.716198051854,31597.986708795008
