,TRM,Local Ratio,GHS,RHS,TRHS
0,58316.73820719764,53970.47339435095,54239.94483624289,54377.24443541699,53970.47339435095
