,TRM,Local Ratio,GHS,RHS,TRHS
0,76743.75832614835,74174.4738270373,74174.4738270373,74359.4067241745,74174.4738270373
