,TRM,Local Ratio,GHS,RHS,TRHS
0,155653.6010422635,150820.91287049715,152112.34342258706,154885.28207454254,152124.1085641247
