,TRM,Local Ratio,GHS,RHS,TRHS
0,61002.270533435665,60390.593538818204,56976.56118121885,57084.96539966188,56976.56118121885
