,TRM,Local Ratio,GHS,RHS,TRHS
0,99401.88465746139,100569.41075563141,91571.24212413123,91179.5679117804,91741.35506113441
