,TRM,Local Ratio,GHS,RHS,TRHS
0,53957.067299681796,50487.23671941683,50624.537674051164,52942.539895288544,50729.19553961334
