,TRM,Local Ratio,GHS,RHS,TRHS
0,123593.37019742618,127048.85226844694,117278.11375314688,120285.52851370136,117422.66876068799
