,TRM,Local Ratio,GHS,RHS,TRHS
0,55451.2197101458,57303.06819385413,50214.03294217402,50258.9913554418,50931.75623081098
