,TRM,Local Ratio,GHS,RHS,TRHS
0,60806.69714570895,55954.19434686072,56249.376554248025,56272.27372386319,55954.19434686072
