,TRM,Local Ratio,GHS,RHS,TRHS
0,79371.38242949307,74373.13507572151,72685.60740669223,73345.45562392219,72793.87427389287
