,TRM,Local Ratio,GHS,RHS,TRHS
0,110580.99594703606,108967.12696883373,103786.86305221141,105684.97886011556,105820.27980516646
