,TRM,Local Ratio,GHS,RHS,TRHS
0,136474.25060102405,133458.80822044273,133748.95284298516,135295.9993296003,133708.2160204766
