,TRM,Local Ratio,GHS,RHS,TRHS
0,49864.02177861912,50313.060111372004,48306.32808940692,48306.32808940692,47776.60980775817
