,TRM,Local Ratio,GHS,RHS,TRHS
0,96185.98158904239,93556.2453193804,92818.39609808977,93636.94955128926,93020.90191147687
