,TRM,Local Ratio,GHS,RHS,TRHS
0,0.015625,3.953086,20.90602,0.343762,0.265606
