,TRM,Local Ratio,GHS,RHS,TRHS
0,0.03125,8.781084,34.186816,0.859371,0.59374
