,TRM,Local Ratio,GHS,RHS,TRHS
0,0.031249,7.905995,38.061279,0.71874,0.703089
