,TRM,Local Ratio,GHS,RHS,TRHS
0,0.0,0.046877,11.296676,0.015626,0.015623
