,TRM,Local Ratio,GHS,RHS,TRHS
0,0.015625,1.718693,18.007541,0.28126,0.218741
