,TRM,Local Ratio,GHS,RHS,TRHS
0,0.124993,72.529496,139.236902,2.281207,1.984313
