,TRM,Local Ratio,GHS,RHS,TRHS
0,0.031249,4.87484,25.702259,0.515607,0.437484
