,TRM,Local Ratio,GHS,RHS,TRHS
0,0.078123,31.530167,72.575617,1.953068,1.390578
