,TRM,Local Ratio,GHS,RHS,TRHS
0,0.031249,3.624879,22.808738,0.453127,0.43748
