,TRM,Local Ratio,GHS,RHS,TRHS
0,0.093752,39.671323,80.622824,1.656217,1.734329
