,TRM,Local Ratio,GHS,RHS,TRHS
0,0.03125,4.265499,23.811783,0.515621,0.515598
