,TRM,Local Ratio,GHS,RHS,TRHS
0,0.109372,54.953488,119.816682,3.459036,1.761325
