,TRM,Local Ratio,GHS,RHS,TRHS
0,0.03125,4.906175,25.830584,0.671875,0.609365
