,TRM,Local Ratio,GHS,RHS,TRHS
0,0.0,0.843709,14.921382,0.17188,0.171869
