,TRM,Local Ratio,GHS,RHS,TRHS
0,0.0,0.046868,11.43721,0.015644,0.031248
