,TRM,Local Ratio,GHS,RHS,TRHS
0,0.015639,1.42185,16.530956,0.26562,0.203121
