,TRM,Local Ratio,GHS,RHS,TRHS
0,0.015625,1.171844,15.358947,0.234369,0.124995
