,TRM,Local Ratio,GHS,RHS,TRHS
0,69865.58575781016,79101.83391428988,65915.86462461045,66066.84519998806,66021.16717628101
