,TRM,Local Ratio,GHS,RHS,TRHS
0,110685.0601713122,104129.57304860083,104493.84068942828,105674.13504491061,104838.75546625954
