,TRM,Local Ratio,GHS,RHS,TRHS
0,40175.95174841431,39006.35712958862,39006.35712958862,39062.25401702871,39006.35712958862
