,TRM,Local Ratio,GHS,RHS,TRHS
0,79921.03607169165,74952.73850419994,75395.98756691915,76911.37176625224,75295.64204692896
