,TRM,Local Ratio,GHS,RHS,TRHS
0,88254.56370692514,81028.81949398147,81028.81949398147,84020.98076741904,81137.86522557682
