,TRM,Local Ratio,GHS,RHS,TRHS
0,108080.65708714984,114057.6362847142,101485.6089140835,101528.4843960778,101877.3162477101
