,TRM,Local Ratio,GHS,RHS,TRHS
0,18121.30915477549,17096.289818644953,17096.289818644953,17096.289818644953,17096.289818644953
