,TRM,Local Ratio,GHS,RHS,TRHS
0,200073.23190149438,193581.13957400472,193921.4085881332,195394.22361728462,194099.81510244103
