,TRM,Local Ratio,GHS,RHS,TRHS
0,167154.7322727584,155272.10563603535,155805.24851982069,160072.1673197648,156925.0240237477
