,TRM,Local Ratio,GHS,RHS,TRHS
0,82875.50449476292,84785.14312614672,77526.0055904719,77674.99596780565,77526.0055904719
