,TRM,Local Ratio,GHS,RHS,TRHS
0,154733.92270647644,142824.93503200638,143350.6198598052,144940.33231890065,143901.74015811077
