,TRM,Local Ratio,GHS,RHS,TRHS
0,99071.87664051686,93059.13192047477,94236.92017711837,96080.76365159261,94272.18095674415
