,TRM,Local_Ratio,RLS,UGA_RLS,TRHS
0,0.593743,679.576908,8.811988,306.452644,7.687805
1,0.40627,411.566723,9.718519,178.149194,7.655872
2,0.281236,242.031566,5.874649,135.613296,3.228326
3,0.171847,129.322303,4.546135,122.209324,5.483775
4,0.109366,46.276543,2.812195,72.040803,2.515367
