,TRM,Local_Ratio,RLS,UGA_RLS,TRHS
0,0.352034,349.56706,10.884332,228.290305,7.843551
1,0.28443,245.280496,8.252694,137.69964,4.416681
2,0.192044,157.813685,6.942383,174.770162,5.519802
3,0.131677,88.646191,4.356941,119.511998,3.865768
4,0.130857,30.215726,1.567115,35.260356,1.371422
