,TRM,Local_Ratio,RLS,UGA_RLS,TRHS
0,0.605688,1652.530197,15.104694,353.119295,9.263434
1,0.476528,1045.287655,16.92084,281.551246,7.892546
2,0.314198,545.709432,10.639728,281.559994,8.01068
3,0.230979,280.390794,8.214642,140.853314,4.963454
4,0.131828,81.276114,2.736499,86.573819,2.905474
