,TRM,Local_Ratio,RLS,UGA_RLS,TRHS
0,0.203102,32.920423,2.249887,51.24773,1.453047
1,0.109358,24.67079,1.65618,33.025539,1.484289
2,0.093732,17.483597,1.984305,37.482234,1.593698
3,0.062499,11.374491,1.312455,28.623727,0.796839
4,0.062487,4.359182,0.578114,17.405461,0.531223
