,TRM,Local_Ratio,RLS,UGA_RLS,TRHS
0,0.406218,621.971675,12.233792,296.471777,8.015233
1,0.328108,406.075604,9.140202,295.425406,6.921534
2,0.218726,264.294976,10.202645,141.973016,4.765394
3,0.187479,125.384438,5.299157,117.892274,3.234215
4,0.156231,43.747838,1.953027,69.107735,1.351523
