,TRM,Local_Ratio,RLS,UGA_RLS,TRHS
0,381628.77939552994,377506.89862678485,378206.49732450204,381564.21455622057,380315.981331081
1,319536.7865232532,317326.86306721997,315329.1884520797,317628.66761732654,318179.71703912626
2,243082.56273881,240346.45942255983,242126.72813786502,241435.09547515053,240918.7159162221
3,168680.7067052134,167170.7272029429,165232.21577823558,164146.9446679128,164598.82425113776
4,84466.62631699542,83422.68996602077,79939.814302297,79055.09494164858,78850.51367651913
