,TRM,Local_Ratio,RLS,UGA_RLS,TRHS
0,671273.4123123338,659128.0967914396,664286.4823455826,661569.2521315414,677517.944125161
1,547433.66446502,538309.9765657162,540993.6234440157,540968.1109928912,543048.2561429086
2,443413.58121299493,433017.2456349052,441492.20910267375,432434.93730827974,437194.75855145254
3,264718.70923147356,315859.5123052197,247467.46544245107,246936.04412859448,246731.52428433244
4,114335.73190813059,111106.66549871476,106771.76573818481,106922.9985189121,107107.63630569154
