,TRM,Local_Ratio,RLS,UGA_RLS,TRHS
0,577033.5336910058,571842.6746854446,571542.3699239212,569679.4283043123,572048.779006613
1,469282.7023874028,458250.18856578675,466367.36587258504,468593.53813340305,465070.3133035219
2,354477.2233129498,346264.95706673537,348453.6864003228,348325.7296021184,349924.3361030282
3,258050.329180331,254939.04149429014,264598.03937312437,252206.57992016632,255658.5511657242
4,113147.91566521063,100730.27755504788,102119.91663429841,100730.27755504788,101068.69718030107
