,TRM,Local_Ratio,RLS,UGA_RLS,TRHS
0,828283.0499212036,824180.0215529018,820669.3850212301,825820.7847899819,825275.9021080148
1,673813.130977591,662834.3034198736,669609.7742792103,664478.636465385,665615.316585249
2,519768.1530099655,522725.9901961494,525642.0400152742,523958.73747366347,521524.5409855089
3,383595.94005335297,397239.08155532106,392798.4140727981,398036.20954744524,396975.74447535106
4,171862.03241237914,171245.581522624,164873.4852915276,163532.76058306178,163344.222848184
