,TRM,Local_Ratio,RLS,UGA_RLS,TRHS
0,770630.8846366731,769231.1643682845,772388.5272819693,770169.6416644256,770324.4043267277
1,677663.1368642324,673177.6651972935,670692.7929963572,674847.2901344527,676164.632213073
2,457706.184567966,447544.57981838443,453851.13812629617,449564.40155961236,457349.78427504783
3,338695.78032553307,333547.07554515114,335725.562445253,334557.57215982105,335984.5522173753
4,155154.43576761568,181258.58021846943,152861.45373209874,152481.75917181897,152146.16809636581
