,TRM,Local_Ratio,RLS,UGA_RLS,TRHS
0,692396.6123836688,686934.4794572094,683999.5750001989,690853.5867391618,686997.0514171299
1,587380.9051200656,578582.8866365489,583026.7559734908,583438.7308337502,584837.5735513025
2,445982.65470829903,439278.4738999527,440898.55747479567,439685.61519252526,441240.58083095506
3,378018.58734023955,361197.729532462,347890.0876022254,362150.3261893794,361143.5420080387
4,133694.03191479365,126767.6290424956,127027.4940259144,126879.61222271645,127004.11001320617
