,TRM,RLS,TRHS,GHS,LR
0,0.050985,0.157911,0.180909,12.632286,5.15697
1,0.050984,0.156927,0.175913,12.440597,6.407765
2,0.055989,0.25287,0.222886,15.016694,9.548869
3,0.062978,0.322829,0.319806,18.103385,16.369482
4,0.082968,0.966453,0.942478,24.179417,43.943763
5,2.870387,4.24958,4.094698,51.345963,123.412524
6,8.156391,9.843411,9.44966,74.779193,233.134273
7,13.441385,15.972484,14.557861,94.447852,394.719429
8,19.513935,23.313803,21.373898,118.769624,655.308997
