,TRM,RLS,TRHS,GHS,LR
0,0.003001,0.065977,0.046966,7.788128,0.026942
1,0.010623,0.051198,0.04138,7.8219,0.033998
2,0.002988,0.103958,0.053957,8.173212,0.035206
3,0.015924,0.099319,0.072286,8.265021,0.072682
4,0.005018,0.238879,0.153903,9.398341,0.1742
5,0.034213,0.9653,0.511717,17.630406,0.340348
6,0.065447,0.94094,0.654933,25.35942,0.489598
7,0.107952,1.491843,1.009883,33.161768,0.5854
8,0.144936,2.490981,1.359535,45.876011,0.778194
