,TRM,Local Ratio,GHS,RHS,TRHS
0,0.18115,101.096298,195.548431,3.803767,3.478588
