,TRM,RLS,TRHS,GHS,LR
0,0.065588,0.194774,0.175218,16417.563436,4.027937
1,0.053866,0.233025,0.160486,125.767683,5.050996
2,0.054609,0.261657,0.205044,9.893142,7.164746
3,0.066249,0.310291,0.371342,11.844086,11.916254
4,0.09239,1.085989,0.62663,16.296239,30.189872
5,3.93254,28.08206,15.959464,585.4281,84.833981
6,8.747318,88.243877,35.268972,1078.012294,163.658339
7,13.494525,109.157636,54.29911,1689.178097,275.274531
8,18.378636,91.892782,129.617166,2170.149313,390.321246
