,TRM,RLS,TRHS,GHS,LR
0,0.018513,0.057024,0.080617,14.795533,1.701367
1,0.032523,0.089889,0.109398,15.148956,2.378154
2,0.025082,0.107914,0.120272,15.809555,3.322588
3,0.021801,0.234773,0.145101,16.125305,5.574018
4,0.049855,0.363845,0.330639,18.823619,14.826286
5,0.802937,5.902071,3.274645,125.806896,33.837599
6,1.570644,11.22627,6.392565,247.019214,58.215714
7,2.296531,21.684545,9.438865,344.791678,86.412571
8,3.014042,15.606642,15.47377,426.545595,120.718604
