,TRM,RLS,TRHS,GHS,LR
0,0.03597,0.070978,0.061981,14.749715,1.988616
1,0.030884,0.090805,0.08669,14.783905,2.424613
2,0.030998,0.080965,0.107942,15.266772,3.389295
3,0.035968,0.200917,0.154926,15.983617,6.05122
4,0.048992,0.361822,0.404819,18.610526,16.00158
5,0.819612,9.020544,4.209926,131.82275,39.554158
6,1.589225,11.702217,9.930092,239.128606,64.676444
7,2.385825,16.96751,14.677706,349.662557,97.856639
8,3.119446,23.37024,12.764598,475.585296,142.012929
