,TRM,RLS,TRHS,GHS,LR
0,0.046977,0.09695,0.081956,15.53022,3.013443
1,0.038,0.160888,0.117951,15.541171,4.061856
2,0.040978,0.177901,0.182902,16.494417,5.850146
3,0.046987,0.266858,0.256746,17.135651,9.763138
4,0.080333,0.777494,0.493738,21.387321,27.570549
5,1.322097,6.551347,5.238518,197.644986,67.094147
6,2.505607,13.005434,16.081858,361.958288,120.178645
7,3.769341,28.558251,27.455991,571.269869,187.12504
8,4.979095,35.663804,25.929548,721.335476,269.288685
