,TRM,Local Ratio,GHS,RHS,TRHS
0,0.048622,6.826659,35.014299,0.588003,0.515119
