,TRM,RLS,TRHS,GHS,LR
0,0.020374,0.056011,0.049751,13.559899,1.591751
1,0.018412,0.105724,0.069533,15.518223,2.256136
2,0.022082,0.139764,0.068072,14.832058,3.162145
3,0.018379,0.23538,0.158497,15.96413,5.251605
4,0.033939,0.343935,0.217025,18.920504,13.508697
5,0.742633,4.542255,3.028573,130.940276,32.372796
6,1.435632,10.362951,8.91591,210.794366,56.974263
7,2.192481,10.899509,13.283404,306.738899,81.746184
8,2.854413,20.635891,14.719208,424.348411,114.310014
