,TRM,Local_Ratio,RLS,UGA_RLS,TRHS
0,0.064809,6.251761,0.60295,20.339876,1.021243
1,0.046659,4.644601,0.7289,20.932787,0.611235
2,0.032037,3.361037,0.424134,17.91788,0.673797
3,0.022352,2.286907,0.397865,17.88725,0.486931
4,0.017256,1.081823,0.219805,14.933443,0.187408
