,TRM,RLS,TRHS,GHS,LR
0,0.029987,0.069979,0.063963,11.898863,1.770729
1,0.030985,0.128932,0.115241,14.994576,2.505986
2,0.032161,0.137917,0.113942,15.491116,3.630678
3,0.036964,0.208416,0.169027,16.221431,5.924646
4,0.051991,0.557537,0.459294,19.165341,15.222498
5,0.867976,4.564318,4.509198,131.866126,35.762033
6,1.761126,10.465878,8.907021,259.84258,62.700518
7,2.394741,20.921773,12.938061,347.401383,94.599359
8,3.166324,19.98148,13.341583,476.277212,128.932606
