,TRM,Local Ratio,GHS,RHS,TRHS
0,0.124998,79.372962,102.216982,2.562465,3.843681
