,TRM,RLS,TRHS,GHS,LR
0,0.018413,0.108573,0.094472,15.167241,2.608604
1,0.033992,0.074956,0.107931,15.476008,3.254149
2,0.034204,0.101495,0.139139,16.200477,4.868358
3,0.034127,0.245923,0.18413,16.618396,8.136927
4,0.058988,0.438787,0.493758,19.363957,22.08699
5,1.14998,8.296733,4.457957,184.763306,53.807816
6,2.147475,15.523823,15.752964,326.764529,93.464186
7,3.269915,22.992777,13.102257,469.664975,145.550813
8,4.239127,25.967951,30.952795,612.523915,201.444571
