,TRM,RLS,TRHS,GHS,LR
0,0.040989,0.122949,0.236865,13.133555,4.009143
1,0.040996,0.20288,0.156914,12.983649,5.013273
2,0.04499,0.268859,0.273852,15.078866,7.447992
3,0.053975,0.369766,0.329813,17.491051,13.462099
4,0.075948,0.837544,0.781551,22.670126,32.643193
5,2.943344,4.382529,3.937754,37.8109,85.686689
6,7.372834,8.919931,9.822444,67.07472,169.40233
7,11.733361,14.132988,13.367423,94.740041,263.371074
8,15.734288,17.741217,16.796565,80.119708,375.03276
