,TRM,RLS,TRHS,GHS,LR
0,0.037885,0.075437,0.116439,69.123335,2.168019
1,0.038785,0.085553,0.09489,767.425607,3.128295
2,0.041122,0.104675,0.145225,44.255634,3.795083
3,0.050247,0.205678,0.203787,11.963528,6.504221
4,0.068327,0.468575,0.422403,13.665323,17.155418
5,1.923627,11.712718,7.801894,278.261642,48.019865
6,4.912011,35.068129,19.770932,651.368235,79.103612
7,8.098799,48.543221,40.942226,988.373051,117.638512
8,10.863326,76.995965,66.496619,1427.319224,172.953485
