,TRM,RLS,TRHS,GHS,LR
0,0.034098,0.086871,0.13339,11.590686,2.519358
1,0.034158,0.09836,0.114979,10.976248,2.974957
2,0.049767,0.131595,0.154315,11.555427,4.431982
3,0.042563,0.342743,0.304956,14.636319,7.985201
4,0.067,0.879598,0.399826,19.768685,19.391075
5,0.609479,1.892387,1.816628,33.909954,55.248389
6,3.708942,5.079858,5.166554,42.79604,92.436372
7,6.78984,8.300802,7.783122,66.373357,138.755163
8,9.700914,11.263133,11.563002,44.965444,215.799305
