,TRM,RLS,TRHS,GHS,LR
0,0.002008,0.021987,0.012988,7.590933,0.023282
1,0.002999,0.021999,0.022974,1.463186,0.020988
2,0.00202,0.025981,0.026985,7.287781,0.024002
3,0.00202,0.044989,0.045974,7.257865,0.033981
4,0.002999,0.050987,0.04166,7.343919,0.058427
5,0.016007,0.199889,0.144934,9.314739,0.114328
6,0.030117,0.339679,0.258468,11.371554,0.180932
7,0.043967,0.513234,0.402892,13.816727,0.256765
8,0.057392,0.898711,0.533829,15.758406,0.299311
