,TRM,RLS,TRHS
0,0.009204,0.027413,0.024935
1,0.00976,0.031035,0.05939
2,0.01321,0.052308,0.041081
3,0.013548,0.083602,0.065429
4,0.033371,0.299227,0.346059
5,0.643882,1.116104,0.936126
6,1.327175,1.545439,1.248373
7,1.285252,1.688455,1.408191
8,1.647758,1.999324,1.95907
