,TRM,Local Ratio,GHS,RHS,TRHS
0,0.171873,87.951491,128.555251,2.999953,2.078084
