,TRM,RLS,TRHS,GHS,LR
0,0.018324,0.062784,0.071907,10.254991,1.403462
1,0.01842,0.08924,0.084651,10.608886,1.946524
2,0.026819,0.137015,0.168498,11.634924,2.779524
3,0.018581,0.218043,0.252241,12.685252,4.92512
4,0.04346,0.432239,0.403121,16.257172,11.258316
5,0.941474,1.686046,1.489805,26.24214,28.584237
6,2.764827,3.968872,3.995487,33.875084,48.08006
7,4.40664,5.58382,4.912093,39.376709,66.148236
8,6.712997,8.441449,7.666208,49.146268,103.6606
