,TRM,RLS,TRHS,GHS,LR
0,0.018493,0.108877,0.117535,11.192408,2.302713
1,0.034417,0.144992,0.128748,10.348508,3.168719
2,0.044982,0.16585,0.166252,13.111807,4.312141
3,0.037729,0.168066,0.221528,12.70239,7.128894
4,0.05211,0.44774,0.419463,22.406226,18.595035
5,1.073553,2.041436,1.977371,27.935867,52.031364
6,3.81525,5.393977,5.392812,29.373445,88.45826
7,6.668812,8.248572,7.686801,55.958293,140.467295
8,9.502411,11.074618,12.574694,67.420286,190.246323
