,TRM,RLS,TRHS
0,0.020087,0.068391,0.067996
1,0.040735,0.125891,0.114432
2,0.048473,0.156528,0.240523
3,0.05815,0.212486,0.219079
4,0.07734,0.531184,0.466223
5,0.648741,1.420082,1.294634
6,2.115332,3.152188,3.028846
7,3.60305,4.318438,4.288258
8,4.745206,5.576659,5.48204
