,TRM,RLS,TRHS,GHS,LR
0,0.061757,0.114876,0.144832,18.5246,2.192228
1,0.0328,0.067443,0.080209,17.780303,2.653836
2,0.031282,0.116663,0.118535,16.619605,3.73488
3,0.036119,0.253493,0.225571,17.932203,5.923529
4,0.05129,0.394794,0.379207,19.889408,15.558958
5,0.830024,5.080018,4.278405,142.500463,37.712949
6,1.610983,13.183069,8.253243,256.713466,66.373985
7,2.389408,22.195568,12.182223,384.949894,98.095056
8,3.156016,26.047699,16.17928,475.69596,143.612705
