,TRM,RLS,TRHS,GHS,LR
0,0.08726,0.130854,0.118494,16.009441,3.403785
1,0.045989,0.170851,0.13198,16.431713,4.633143
2,0.059303,0.226194,0.132241,16.976993,6.863811
3,0.066943,0.340388,0.243678,18.018526,11.622493
4,0.079569,0.634067,0.583357,21.827073,29.587718
5,1.287676,6.430488,6.65652,202.366388,80.054871
6,2.625002,21.782966,16.281101,389.399501,142.418789
7,4.018951,33.150226,20.646927,601.278659,234.422507
8,5.378308,33.136464,22.092566,781.669597,320.703162
