,TRM,RLS,TRHS,GHS,LR
0,0.018789,0.076363,0.06537,9.84427,1.450832
1,0.019442,0.088672,0.0861,10.032662,2.02131
2,0.019149,0.121929,0.082864,11.392569,2.714678
3,0.032001,0.189906,0.156912,11.814639,4.354758
4,0.042988,0.341809,0.313825,17.851917,10.104542
5,0.862533,2.012883,1.512157,27.179861,30.851807
6,2.951358,3.617996,3.91483,26.728853,54.448399
7,4.546465,5.526918,5.313049,42.489805,74.232593
8,5.951697,6.776236,6.948139,53.66713,85.786455
