,TRM,RLS,TRHS,GHS,LR
0,0.024001,0.062966,0.071961,14.561377,1.482062
1,0.024989,0.054983,0.074959,14.6468,1.928986
2,0.028002,0.116951,0.11894,15.064654,2.7617
3,0.031982,0.141937,0.169918,15.708825,4.847937
4,0.043975,0.503737,0.279859,17.713277,12.452333
5,0.683639,4.994273,4.339627,121.636371,29.026946
6,1.329283,9.637698,7.057838,207.21089,49.833781
7,1.968938,12.121327,8.040593,292.390301,73.656113
8,2.607576,22.34268,11.328771,374.100255,103.007753
