,TRM,RLS,TRHS,GHS,LR
0,0.036001,0.091945,0.132898,15.662449,2.929831
1,0.036998,0.110939,0.091965,15.723382,4.017267
2,0.040977,0.31584,0.32481,16.453659,6.184747
3,0.046979,0.311824,0.201906,17.325223,9.600016
4,0.063946,0.486734,0.42478,19.874959,26.541168
5,1.44921,9.911592,7.800062,200.544419,64.729978
6,2.424685,14.908825,14.938829,364.091255,121.55399
7,3.669557,29.75768,14.573996,549.089239,181.13442
8,4.906318,29.898547,24.792539,719.296882,256.763122
