,TRM,RLS,TRHS,GHS,LR
0,0.034203,0.189149,0.146414,12.356252,4.800861
1,0.036042,0.157805,0.190026,14.071989,5.638184
2,0.063123,0.194433,0.172496,14.986476,9.089527
3,0.062055,0.307131,0.318248,17.173892,13.990037
4,0.090561,0.80587,1.058441,23.577329,44.996378
5,2.10877,3.544524,3.760999,57.445668,121.14123
6,7.04702,9.078161,8.515311,72.932416,248.636117
7,11.911184,15.21043,14.713486,70.735034,315.263917
8,16.068782,18.959454,18.11839,81.403844,433.124255
