,TRM,RLS,TRHS,GHS,LR
0,0.050983,0.280848,0.194881,10.402401,0.1303
1,0.007014,0.629669,0.323805,2.738174,0.157985
2,0.002377,0.495517,0.259325,10.778642,0.184927
3,0.001406,0.482669,0.327774,14.162431,0.334402
4,0.021971,0.886203,1.401796,18.681582,0.697971
5,0.204474,3.532977,1.98013,64.452425,1.614028
6,0.370781,4.975795,3.494811,104.690127,2.557914
7,0.54272,7.495098,5.405536,161.454152,3.609843
8,0.734284,10.381197,8.124877,222.286817,4.675133
