,TRM,RLS,TRHS,GHS,LR
0,0.018412,0.088621,0.075911,14.931672,1.74326
1,0.020483,0.121489,0.070559,14.960801,2.392058
2,0.041967,0.160587,0.112179,15.61647,3.477186
3,0.020577,0.281786,0.19411,16.141862,5.742414
4,0.05304,0.479968,0.345704,18.979807,14.282635
5,0.870544,7.150208,4.423235,125.910078,33.684216
6,1.643427,11.885078,6.728826,248.827814,60.573764
7,2.448098,15.239583,17.927872,337.756118,90.616273
8,3.221148,23.55817,16.751667,466.471776,120.680463
