,TRM,RLS,TRHS,GHS,LR
0,0.018597,0.128394,0.128633,15.475876,3.036318
1,0.03417,0.114751,0.122628,15.745488,4.012195
2,0.03862,0.135678,0.159082,16.3831,5.682622
3,0.036398,0.294592,0.326261,17.686962,9.996001
4,0.077383,0.656226,0.720311,20.082418,26.056879
5,1.25534,7.761487,7.904836,200.111601,64.600563
6,2.514027,17.59319,12.88636,364.90741,112.108093
7,3.693459,26.559946,15.060753,522.578006,170.19496
8,4.852769,29.835912,30.723961,724.725431,252.470568
