,TRM,Local_Ratio,RLS,UGA_RLS,TRHS
0,14.735064,411.57766,24.999122,251.912706,21.139293
1,10.317644,298.775393,17.876397,156.46267,16.173545
2,5.507123,178.941163,11.355263,146.739255,9.837612
3,0.995762,100.932517,5.74046,86.823044,5.82126
4,0.081109,34.467386,2.05452,57.062112,1.811731
