,TRM,RLS,TRHS,GHS,LR
0,0.034694,0.105336,0.16246,10.397054,3.137831
1,0.034194,0.11998,0.134595,12.61991,4.016321
2,0.037837,0.218826,0.206705,11.491035,6.006827
3,0.054885,0.223854,0.262748,16.015088,8.945759
4,0.086799,0.600244,0.500787,18.884199,26.360665
5,0.466872,2.221647,1.347312,26.033399,71.915573
6,4.078652,5.860333,5.474043,42.705519,125.507133
7,7.497446,9.73057,8.420637,54.276845,192.783026
8,10.888563,14.294833,12.355662,96.736254,254.768353
