,TRM,RLS,TRHS,GHS,LR
0,0.051984,0.152902,0.17092,13.045855,6.007658
1,0.057964,0.193904,0.205885,15.357,8.106333
2,0.059966,0.258863,0.214889,16.333076,12.089857
3,0.065963,0.608662,0.480747,14.714379,20.276977
4,0.095957,1.386236,0.787565,26.823228,52.863569
5,4.497487,6.338464,5.976672,68.126089,150.027573
6,10.741983,13.821281,12.682898,71.475139,307.490808
7,17.14141,21.300085,19.379146,88.520788,548.046083
8,23.267969,25.685812,25.601816,161.960272,789.430966
