,TRM,RLS,TRHS,GHS,LR
0,0.021006,0.069942,0.078956,9.814846,1.076525
1,0.020003,0.090964,0.058972,10.145332,1.178648
2,0.022998,0.073961,0.09596,10.814811,1.932884
3,0.026006,0.135939,0.160911,9.625769,2.957516
4,0.035993,0.41477,0.390798,15.266558,7.639876
5,0.747601,1.6481,1.199348,15.791861,19.532375
6,2.104834,2.746466,2.812615,25.57462,29.725273
7,3.443098,4.228645,4.136893,31.44321,50.356685
8,4.690401,5.828768,5.308058,42.934588,58.555408
