,TRM,RLS,TRHS,GHS,LR
0,0.018491,0.06818,0.054075,9.972642,1.090847
1,0.021015,0.068843,0.067417,10.306446,1.47259
2,0.018551,0.114466,0.11627,11.259746,2.246088
3,0.022049,0.153888,0.129952,11.905452,3.696753
4,0.035136,0.447024,0.440364,14.131812,10.107254
5,0.665381,1.364474,1.554036,20.799729,26.221786
6,2.446471,2.91306,3.010834,34.196534,42.458816
7,3.722315,4.654997,4.404849,41.765771,61.182501
8,5.520774,6.692409,6.092051,50.921756,84.656259
