,TRM,RLS,TRHS,GHS,LR
0,0.033227,0.078462,0.091044,6.198212,2.338465
1,0.034242,0.14548,0.106433,15.932785,3.108415
2,0.036318,0.160142,0.164388,16.379538,4.537783
3,0.041729,0.244845,0.231921,17.74995,7.428401
4,0.056633,0.546761,0.379881,20.520436,19.246032
5,0.96717,7.019147,6.077935,190.289145,47.562224
6,1.887613,17.758684,7.769897,376.384245,90.860549
7,2.885343,20.978117,15.323141,455.936111,130.521222
8,3.809551,26.94957,19.201462,599.22523,197.005561
