,TRM,RLS,TRHS,GHS,LR
0,0.03998,0.074954,0.092959,11.963045,2.640483
1,0.038984,0.134921,0.104939,12.413787,3.437014
2,0.041969,0.149929,0.202882,12.162926,4.962639
3,0.049983,0.275835,0.229878,13.812666,9.126746
4,0.063949,0.677611,0.447755,21.25193,23.25726
5,1.401185,2.431598,2.601473,34.909718,63.85824
6,4.536377,6.192414,5.218969,50.958746,112.68897
7,7.681555,9.139704,8.569036,51.259436,157.737821
8,11.307453,12.995444,12.386813,76.914058,253.516993
