,TRM,RLS,TRHS,GHS,LR
0,0.033188,0.115537,0.107787,23.886649,2.177125
1,0.031466,0.095038,0.076784,15.998698,2.751828
2,0.033368,0.113184,0.118664,16.113119,3.831384
3,0.037858,0.201237,0.168402,16.833835,6.629095
4,0.052095,0.396709,0.443575,18.928605,16.301472
5,0.851574,7.092702,4.401494,144.643936,39.581836
6,1.650595,13.798462,10.292308,270.700769,69.798535
7,2.450063,20.425642,12.705522,452.856476,113.39056
8,3.507676,35.398776,24.701713,508.763113,149.127861
