,TRM,RLS,TRHS,GHS,LR
0,0.026004,0.082957,0.072976,14.876938,1.616258
1,0.026978,0.061981,0.112936,14.96254,2.225551
2,0.029985,0.130939,0.104873,15.71189,3.413764
3,0.033963,0.194881,0.147839,16.288832,5.331323
4,0.047968,0.342825,0.214819,18.36393,13.8438
5,0.743523,6.165915,3.88141,122.857939,32.94602
6,1.734735,8.866896,6.094087,216.468988,56.358703
7,2.172168,15.904649,9.031439,329.403862,88.576351
8,2.966675,23.736793,11.722012,434.82477,116.306244
