,TRM,RLS,TRHS,GHS,LR
0,0.021003,0.066979,0.073973,9.787915,1.279106
1,0.023987,0.117937,0.072972,10.602082,1.871452
2,0.025985,0.141916,0.120949,11.330663,3.028856
3,0.032995,0.185883,0.200904,13.615233,4.63682
4,0.040979,0.496737,0.353813,17.751119,10.157285
5,1.417223,2.119836,2.158807,24.627869,28.82491
6,3.227206,5.115132,3.698948,38.329082,50.196262
7,4.790339,5.754789,6.118578,33.030106,63.35628
8,6.877162,8.668169,7.488825,26.361521,100.800766
