,TRM,RLS,TRHS,GHS,LR
0,0.007008,0.392785,0.266446,14.562271,0.162794
1,0.008008,0.419783,0.28784,14.359638,0.213753
2,0.002233,0.621268,0.311826,18.333132,0.247751
3,0.00998,0.802569,0.621873,14.23285,0.425408
4,0.014,2.136753,0.713624,17.991542,0.871627
5,0.22787,5.333173,3.485466,65.405827,2.26526
6,0.454744,7.939736,4.265166,143.65927,3.685427
7,0.715676,11.878087,6.56464,203.360607,5.078722
8,0.955261,16.337847,8.955849,256.707388,6.328599
