,TRM,Local_Ratio,RLS,UGA_RLS,TRHS
0,0.323009,18.314771,1.91796,38.564007,0.881693
1,0.082882,26.125836,1.569133,43.134104,0.982338
2,0.055972,10.155372,1.074068,26.494878,0.738054
3,0.032453,6.488205,0.74057,18.956063,0.469526
4,0.021409,2.536963,0.395035,13.109269,0.219628
