,TRM,RLS,TRHS,GHS,LR
0,0.018478,0.088003,0.080869,10.261653,1.377029
1,0.018395,0.074434,0.136088,10.737711,2.041791
2,0.028755,0.125793,0.094952,11.868911,3.01753
3,0.019477,0.186849,0.163772,12.374599,4.808762
4,0.040935,0.404249,0.535605,18.244989,11.166324
5,0.785124,1.832016,1.768216,24.820942,30.428637
6,2.751269,3.658422,3.728017,38.058117,54.093232
7,4.248036,5.831535,5.017677,45.440975,69.118767
8,6.7838,8.186827,7.637998,59.162266,116.005873
