,TRM,RLS,TRHS,GHS,LR
0,0.034792,0.09224,0.1037,22.289635,2.773291
1,0.034709,0.128486,0.08663,15.667787,3.602061
2,0.03667,0.162987,0.133928,16.252148,4.814065
3,0.04309,0.250203,0.240577,17.543126,8.489011
4,0.058914,0.566635,0.53049,20.746165,22.834785
5,1.054016,7.6542,5.450355,175.720555,58.703394
6,2.048877,12.565339,10.545247,318.047971,97.114016
7,3.072906,25.41372,15.700924,465.82016,159.851819
8,4.025105,29.297996,20.883277,627.424611,232.740168
