,TRM,RLS,TRHS,GHS,LR
0,0.028996,0.089933,0.084954,14.747011,2.021825
1,0.030004,0.06398,0.071957,14.954225,2.562678
2,0.032003,0.166906,0.114936,15.419295,4.03897
3,0.048972,0.17192,0.157925,16.434241,6.734449
4,0.049985,0.478731,0.353815,18.819619,16.992426
5,0.873509,4.389528,3.520254,147.27636,41.046711
6,1.681066,10.511074,9.354672,264.549943,71.932389
7,3.100223,18.035067,13.184602,350.907635,107.708692
8,3.328143,20.701353,17.117362,479.42404,150.463669
