,TRM,RLS,TRHS,GHS,LR
0,0.033985,0.080973,0.056973,15.363214,1.634693
1,0.026985,0.102958,0.086953,16.164711,2.256309
2,0.029975,0.104959,0.079956,15.458855,3.223288
3,0.034,0.245847,0.143014,16.198504,5.243027
4,0.046957,0.353807,0.215882,18.466878,13.74514
5,0.751541,5.463839,3.046484,126.883997,32.487566
6,1.468685,10.46242,7.458302,221.711041,55.295517
7,2.153908,10.876679,8.732625,311.488948,83.75496
8,2.848912,17.937291,14.71017,424.968195,119.840098
