,TRM,RLS,TRHS,GHS,LR
0,0.001012,0.012993,0.007008,7.372454,0.014993
1,0.000999,0.009995,0.006996,1.462415,0.015992
2,0.000999,0.009994,0.010992,1.475204,0.016991
3,0.00099,0.025004,0.008997,7.378788,0.01899
4,0.001999,0.030002,0.042996,7.364647,0.022988
5,0.005014,0.043972,0.024983,7.880177,0.039409
6,0.008997,0.067979,0.038394,8.436096,0.05099
7,0.012001,0.135925,0.052983,8.950147,0.064966
8,0.015005,0.126944,0.142427,10.126512,0.076988
