,TRM,RLS,TRHS,GHS,LR
0,0.048975,0.129482,0.105566,15.090947,2.412306
1,0.018622,0.108267,0.088866,15.25415,3.192059
2,0.029148,0.172844,0.168531,15.586276,4.420384
3,0.036716,0.244096,0.172364,16.749594,7.535315
4,0.068727,0.427187,0.372878,19.266837,19.634611
5,1.065848,6.225926,5.252993,166.583255,51.138091
6,1.958358,16.590981,10.036798,293.626331,81.603485
7,2.953526,24.314446,15.163525,427.102767,129.317366
8,3.921265,24.389105,20.46768,570.945809,176.681521
