,TRM,RLS,TRHS,GHS,LR
0,0.02899,0.091967,0.13593,11.208766,1.845953
1,0.030002,0.096961,0.104944,11.219873,2.45345
2,0.031999,0.187913,0.138925,11.981564,3.896239
3,0.034982,0.272858,0.149899,13.575903,5.521776
4,0.050978,0.533695,0.49175,18.564023,15.968698
5,1.687109,2.600609,2.250794,29.659883,41.04033
6,4.052843,5.22821,5.381116,47.308261,71.891534
7,6.555479,8.060685,7.255104,56.624588,110.963584
8,8.878234,11.35009,10.353445,61.903107,145.948438
