,TRM,RLS,TRHS,GHS,LR
0,0.029993,0.07884,0.083086,14.974334,2.409835
1,0.031992,0.093952,0.101891,15.280588,3.038682
2,0.03406,0.113077,0.157473,15.717091,4.184653
3,0.036111,0.195614,0.23096,16.76716,7.27811
4,0.054987,0.508728,0.460697,19.954731,18.857774
5,0.994692,6.111687,6.339472,154.269101,45.448809
6,1.908982,11.870659,11.973065,290.979399,78.760128
7,2.832186,20.918666,14.7191,420.218353,119.174456
8,3.819436,31.673535,19.530369,569.879771,167.277472
