,TRM,RLS,TRHS,GHS,LR
0,0.024992,0.125935,0.094955,14.760824,1.619117
1,0.026996,0.101968,0.087842,15.034086,2.269657
2,0.037969,0.108943,0.085974,15.214942,3.364283
3,0.034,0.152752,0.185888,16.342551,5.50299
4,0.04599,0.467619,0.3848,18.2697,14.607482
5,0.748611,3.862796,4.061476,118.804793,34.733231
6,1.470077,7.793819,6.515761,223.264873,57.147401
7,2.154636,15.833898,11.077105,327.770212,84.392614
8,2.842172,18.246541,11.605546,403.245424,118.299588
