,TRM,RLS,TRHS,GHS,LR
0,0.036006,0.111057,0.23282,12.5919,4.897664
1,0.061776,0.190631,0.200437,12.919081,8.146409
2,0.054617,0.23531,0.267382,16.156594,11.707131
3,0.071437,0.350264,0.413773,19.360765,19.880233
4,0.128835,0.935574,0.903606,26.006444,48.56167
5,2.939055,4.688271,5.175217,52.026687,143.790289
6,8.64321,11.881989,10.277302,77.148638,278.594636
7,14.183901,16.813999,15.785406,80.064773,453.88731
8,20.689207,22.839923,22.560837,130.976058,808.486551
