,TRM,RLS,TRHS,GHS,LR
0,0.049881,0.126923,0.116616,16.87872,4.003652
1,0.055449,0.141538,0.133745,16.392891,4.965723
2,0.053984,0.179856,0.165884,17.300175,7.227474
3,0.070033,0.260902,0.235086,18.724703,12.716889
4,0.087211,0.58511,0.459337,21.259043,33.888686
5,1.041113,8.783494,4.278563,175.287478,95.800575
6,2.46978,15.170821,10.074864,405.846441,168.3209
7,3.96538,24.121106,20.161323,577.992095,261.537926
8,5.405657,27.437929,27.612797,813.754445,389.548314
