,TRM,RLS,TRHS,GHS,LR
0,0.029003,0.074975,0.086954,14.862898,2.109808
1,0.019527,0.108942,0.066148,15.090407,2.607208
2,0.020449,0.093336,0.184505,15.473854,4.129894
3,0.034291,0.16523,0.206306,16.757125,6.448226
4,0.05399,0.49174,0.348796,19.739293,17.661528
5,0.938619,6.875973,5.867372,142.24919,41.181922
6,1.843719,13.000586,13.265918,273.202018,74.518431
7,2.728233,13.628776,16.910487,399.535983,120.352158
8,3.605097,29.831304,22.107375,505.039444,155.385079
