,TRM,Local Ratio,GHS,RHS,TRHS
0,0.0,0.359364,13.671442,0.078133,0.156251
