,TRM,Local Ratio,GHS,RHS,TRHS
0,0.362029,511.866264,414.293221,6.967885,5.701944
