,TRM,RLS,TRHS,GHS,LR
0,0.093402,0.08296,0.083232,15.366588,2.797636
1,0.050526,0.1103,0.100304,15.728463,3.614627
2,0.060583,0.182382,0.13941,16.321087,5.435786
3,0.063729,0.176161,0.181328,16.53973,9.104046
4,0.0827,0.63086,0.350719,20.53294,22.693515
5,0.588945,4.318887,3.12279,104.513874,70.392249
6,1.691167,10.509925,6.955026,290.082456,110.115605
7,2.788075,23.046146,11.392113,418.453836,174.944605
8,3.888323,28.005818,24.086493,584.636608,245.651149
