,TRM,RLS,TRHS,GHS,LR
0,0.034161,0.145362,0.081111,11.920478,2.979705
1,0.034196,0.129736,0.118721,11.30301,3.932932
2,0.049096,0.214811,0.241382,13.004999,5.508183
3,0.040643,0.31625,0.41862,15.637767,9.956589
4,0.072968,0.946462,0.550425,26.766109,27.497626
5,2.429145,3.760566,3.533627,38.661541,69.050234
6,6.022804,7.126503,7.330925,37.278694,129.481725
7,9.675654,11.172875,11.73547,71.343242,196.222752
8,13.069265,14.925491,14.345784,84.825847,278.329678
