,TRM,RLS,TRHS,GHS,LR
0,0.025,0.039407,0.091366,14.712628,1.620623
1,0.01839,0.079001,0.077727,14.762754,1.942417
2,0.027998,0.122911,0.076957,15.430171,2.91958
3,0.032986,0.254867,0.14193,15.8579,4.926838
4,0.044975,0.338824,0.291849,18.655101,12.52635
5,0.7376,6.847856,4.920577,116.773629,30.411876
6,1.425193,8.728776,7.295735,229.072085,50.843043
7,2.168115,13.171746,8.654306,307.486383,79.159453
8,2.83524,17.456496,11.491494,398.447276,107.497517
