,TRM,Local_Ratio,RLS,UGA_RLS,TRHS
0,20.686987,891.724192,34.936499,287.679102,30.545958
1,14.452695,526.158583,27.655359,219.789727,21.108672
2,7.78099,304.054032,16.546305,202.352359,12.249579
3,1.218706,162.19736,6.452897,139.854331,5.781053
4,0.109372,53.669902,2.328052,50.670015,2.031184
