,TRM,Local Ratio,GHS,RHS,TRHS
0,0.254659,164.574165,243.228205,5.090657,3.388396
