,TRM,RLS,TRHS,GHS,LR
0,0.041195,0.083965,0.074811,12.105091,1.600598
1,0.035795,0.060983,0.087974,15.266062,2.110959
2,0.028991,0.131104,0.100295,15.501917,3.01071
3,0.04194,0.21999,0.24807,15.744346,5.179466
4,0.069758,0.338032,0.317848,18.733749,13.179745
5,0.778587,6.64378,4.050128,124.893059,30.560674
6,1.555082,10.810356,6.129774,227.072234,58.062161
7,2.249999,16.319019,9.049365,316.44611,78.926659
8,3.03404,18.131009,12.009726,437.647946,110.026794
