,TRM,RLS,TRHS,GHS,LR
0,0.018392,0.068274,0.056921,10.501376,1.372413
1,0.018501,0.115855,0.09324,10.497415,1.68382
2,0.018609,0.150112,0.140816,11.493347,2.42268
3,0.032615,0.215756,0.231427,12.267701,4.041294
4,0.034359,0.573206,0.348862,16.331916,9.852829
5,1.451231,2.105629,1.934932,22.001668,26.334564
6,3.087203,4.028985,3.634944,26.612608,42.533971
7,4.847726,6.131539,5.602907,33.498075,67.468003
8,6.545073,7.672482,8.047424,39.827971,90.366816
