,TRM,Local Ratio,GHS,RHS,TRHS
0,0.078904,18.743563,49.152181,1.285387,0.801417
