,TRM,RLS,TRHS,GHS,LR
0,0.03,0.074952,0.065976,15.049594,2.060053
1,0.029983,0.106954,0.073976,15.071748,2.595641
2,0.033999,0.117936,0.118946,15.583024,3.968534
3,0.036033,0.256561,0.187476,16.486239,6.687856
4,0.05176,0.688153,0.34681,19.620503,18.696302
5,0.938889,6.710672,4.863839,151.510413,41.41111
6,1.913662,9.245883,9.352343,271.245932,77.631693
7,3.020918,19.49284,16.958722,396.790183,112.971869
8,3.562289,26.187826,18.375568,547.521578,158.217913
