,TRM,Local Ratio,GHS,RHS,TRHS
0,0.0625,22.517556,62.889598,2.40621,1.406242
