,TRM,RLS,TRHS,GHS,LR
0,0.040981,0.076969,0.089949,15.417823,2.275602
1,0.019458,0.124136,0.124197,15.465265,3.102889
2,0.03498,0.177917,0.121808,15.630264,4.766577
3,0.053864,0.269861,0.218872,16.662712,7.973737
4,0.05594,0.417783,0.562308,19.420655,20.313164
5,0.993414,6.081976,5.100819,163.62449,48.426728
6,1.949704,16.157276,9.944476,286.935214,87.687587
7,2.897169,24.933953,18.317344,427.010381,129.999907
8,4.133371,19.648321,19.779401,571.177386,189.510515
