,TRM,Local Ratio,GHS,RHS,TRHS
0,0.062499,19.140286,50.321565,1.463233,0.924518
