,TRM,RLS,TRHS,GHS,LR
0,0.018584,0.071141,0.067175,14.8506,1.493733
1,0.018654,0.073014,0.060983,14.87904,1.955075
2,0.020215,0.10466,0.119955,15.478039,2.863817
3,0.018553,0.233994,0.156207,16.034055,4.724724
4,0.036429,0.249979,0.314389,18.367248,12.428547
5,0.709147,5.153586,4.450059,111.594347,28.228676
6,1.410182,10.169239,7.351739,203.213651,49.579997
7,2.053286,14.82285,8.380914,307.826257,73.68875
8,2.760296,22.387705,13.952735,405.248544,102.029081
