,TRM,RLS,TRHS,GHS,LR
0,0.034999,0.110933,0.099957,15.216089,2.968469
1,0.034154,0.10017,0.127384,15.958454,4.36909
2,0.05071,0.132696,0.102714,16.085431,5.31517
3,0.04599,0.260867,0.149915,16.788995,9.43636
4,0.062982,0.713516,0.442338,20.640284,25.642396
5,1.221669,10.203508,6.4595,194.240405,62.173264
6,2.426567,17.200757,12.296178,373.141505,108.938547
7,3.66426,25.940519,14.545026,523.214514,172.554891
8,5.340436,35.792576,24.648885,663.010272,251.541261
