,TRM,RLS,TRHS,GHS,LR
0,0.027997,0.055967,0.07797,15.239381,1.580456
1,0.027982,0.064966,0.090965,15.037228,2.220714
2,0.031998,0.082965,0.116954,15.349641,3.4868
3,0.036992,0.197409,0.151706,16.209361,5.422342
4,0.050977,0.346819,0.306829,18.932666,13.774483
5,0.773573,4.085733,4.26863,127.508691,33.939167
6,1.472191,12.319127,9.105933,230.446717,57.06189
7,2.193771,15.660238,11.649511,320.294081,88.232557
8,2.892393,21.397059,12.047842,413.266416,126.051844
