,TRM,RLS,TRHS,GHS,LR
0,0.018412,0.124231,0.087963,14.971399,2.35694
1,0.018385,0.128728,0.097196,15.879312,3.217456
2,0.04163,0.130214,0.097747,16.1398,4.837431
3,0.033987,0.231287,0.175184,17.115347,8.078214
4,0.062886,0.539976,0.383085,19.590663,21.100682
5,1.03998,7.516291,5.357967,166.966524,53.275775
6,2.042779,14.612596,10.414145,294.77533,90.930193
7,3.022871,25.078108,12.296336,451.629658,139.209839
8,3.99178,33.042978,20.708463,573.38183,201.317047
