,TRM,RLS,TRHS,GHS,LR
0,0.029951,0.081829,0.092907,24.423992,2.031324
1,0.030043,0.086024,0.071826,17.347154,2.404864
2,0.02937,0.079543,0.107762,15.607674,3.262726
3,0.034975,0.201368,0.160026,16.666397,5.508462
4,0.048991,0.361806,0.409334,19.316072,16.597824
5,0.761335,5.519063,4.768463,127.348645,33.466197
6,1.4791,9.072804,6.025222,238.69141,62.237523
7,2.213057,11.155787,8.933528,327.685039,89.24868
8,2.898223,17.918081,15.037166,436.791191,122.783196
