,TRM,RLS,TRHS,GHS,LR
0,0.077962,0.127934,0.119936,9.176963,2.323049
1,0.043929,0.145229,0.084952,15.95467,3.276881
2,0.055354,0.174923,0.144921,16.835714,4.682164
3,0.044991,0.305812,0.177919,16.883714,7.82764
4,0.060978,0.484739,0.50872,19.286042,19.667842
5,0.887502,5.614931,4.650192,142.601712,50.743137
6,1.890321,11.592085,11.738254,286.680587,88.061652
7,2.845195,17.699155,11.659519,447.499419,135.451482
8,3.830076,23.788001,23.85985,563.266728,189.043693
