,TRM,RLS,TRHS,GHS,LR
0,0.050694,0.10153,0.127109,36.583593,4.263967
1,0.050813,0.185174,0.150788,23.445096,5.798707
2,0.048193,0.167257,0.2144,25.617465,7.065692
3,0.047591,0.279358,0.268217,17.971454,8.651143
4,0.060117,0.474559,0.437509,21.233748,22.330859
5,1.10606,7.934598,4.403799,179.51743,56.411026
6,2.107036,15.307505,10.863172,315.59592,98.612738
7,3.156068,19.328861,16.173036,484.124445,162.604697
8,4.135343,25.697006,16.936663,626.171445,239.898537
