,TRM,RLS,TRHS,GHS,LR
0,0.033998,0.082831,0.074838,14.713597,2.99751
1,0.034259,0.131316,0.086914,15.455235,3.977286
2,0.050676,0.190176,0.099432,16.542695,5.894372
3,0.038384,0.312068,0.152385,17.724563,9.624808
4,0.055712,0.517233,0.43528,21.246642,27.559402
5,1.213607,7.487674,2.547362,191.323522,65.727443
6,2.388865,17.161516,12.293301,370.208261,123.127797
7,3.521153,25.388615,18.088503,516.631913,184.550312
8,4.700532,38.876666,19.141839,695.251749,271.9092
