,TRM,RLS,TRHS,GHS,LR
0,0.033151,0.060324,0.073543,15.134205,2.189067
1,0.018524,0.107853,0.106435,15.286871,2.680604
2,0.03165,0.171953,0.153789,15.91886,4.099397
3,0.034183,0.225995,0.175678,16.586152,6.685611
4,0.050167,0.52567,0.360541,19.746966,17.467491
5,0.961518,7.894169,7.112834,157.598566,46.280192
6,1.878355,13.268577,9.55735,270.698007,73.888617
7,2.777186,13.999626,14.329792,420.383276,112.094085
8,3.645402,30.271514,19.325484,536.142436,155.77852
