,TRM,RLS,TRHS,GHS,LR
0,0.025989,0.080961,0.074892,14.768808,1.590748
1,0.027995,0.080973,0.089965,15.00146,2.282097
2,0.028981,0.128944,0.105943,16.182587,3.228482
3,0.032995,0.1919,0.14692,16.245118,5.795964
4,0.046995,0.423669,0.297839,18.923946,13.913565
5,0.742479,4.559833,3.030106,122.603731,33.862647
6,1.656855,12.381043,6.112186,218.927688,56.337582
7,2.142452,18.625561,8.720855,312.619913,89.972662
8,3.096948,20.751543,14.578109,405.577152,120.61661
