,TRM,Local Ratio,GHS,RHS,TRHS
0,0.252636,223.644524,402.987539,7.058806,3.272496
