,TRM,Local_Ratio,RLS,UGA_RLS,TRHS
0,0.124985,25.669774,1.749857,50.655151,0.984293
1,0.09373,19.701664,2.248384,25.224435,1.062417
2,0.0625,13.858341,1.031186,33.247549,0.671838
3,0.046877,9.546172,0.9843,23.668403,1.015563
4,0.046872,3.468496,0.39061,16.253676,0.343725
