,TRM,RLS,TRHS,GHS,LR
0,0.034183,0.150707,0.102936,15.397664,2.432838
1,0.019513,0.13988,0.089394,15.673034,3.541852
2,0.038978,0.188615,0.146642,16.11889,5.098656
3,0.038814,0.263623,0.291041,17.120087,8.525119
4,0.06134,0.464858,0.405461,19.948162,22.066828
5,1.114581,5.766093,4.55574,167.427244,54.275185
6,2.240085,15.868218,9.033498,313.117092,95.631794
7,3.272706,16.568003,13.458858,472.207931,145.742889
8,4.391165,26.681918,17.715521,605.273681,203.489659
