,TRM,RLS,TRHS,GHS,LR
0,0.062978,0.19488,0.156916,13.988202,7.719617
1,0.064979,0.188899,0.212882,14.604997,9.469688
2,0.06998,0.347792,0.366814,14.675989,13.701133
3,0.073966,0.453764,0.601686,17.847338,22.734253
4,0.113938,1.076413,0.966486,43.002748,69.575286
5,2.682532,5.227152,4.803381,65.428677,196.145377
6,10.132606,13.169789,11.767722,113.654111,401.087465
7,17.678303,20.287869,20.525697,150.338545,799.788521
8,24.798321,28.630217,26.942133,119.152328,1206.818431
