,TRM,RLS,TRHS,GHS,LR
0,0.018578,0.093161,0.079557,15.752841,2.305579
1,0.018458,0.124584,0.073951,15.203343,3.188151
2,0.018476,0.113123,0.119827,15.735582,4.323328
3,0.039228,0.227492,0.116066,16.489987,7.362001
4,0.058927,0.6186,0.261343,20.450785,19.645639
5,0.974874,8.174368,5.084114,165.886636,52.789696
6,1.922495,9.721599,7.829584,298.976214,83.441354
7,2.849413,23.622909,11.8448,425.223728,130.466954
8,3.783422,35.335108,19.3885,543.811542,177.83214
