,TRM,RLS,TRHS,GHS,LR
0,0.028238,0.048488,0.063115,18.742728,0.977175
1,0.026892,0.059414,0.055762,11.886053,1.323472
2,0.028705,0.051473,0.07907,14.948829,1.6934
3,0.030186,0.096805,0.076566,15.765676,3.004447
4,0.038275,0.193843,0.232493,17.581041,7.411748
5,0.172775,2.005732,0.954601,42.764519,19.37773
6,0.61309,3.827622,3.904299,108.693038,31.565549
7,1.069241,5.384569,5.480271,182.061597,45.07613
8,1.51925,9.216432,9.335511,241.966309,63.955371
