,TRM,Local Ratio,GHS,RHS,TRHS
0,0.107453,15.042031,52.839314,1.583779,1.204653
