,TRM,RLS,TRHS,GHS,LR
0,0.020669,0.075627,0.113561,15.120539,2.173879
1,0.034013,0.124798,0.099217,15.326685,3.096289
2,0.018442,0.141505,0.1328,15.650615,4.403914
3,0.034301,0.276192,0.228422,16.702285,7.747298
4,0.059447,0.433523,0.391786,18.489973,20.488295
5,1.018526,5.210522,6.253376,156.950629,49.793656
6,2.033354,14.4424,10.38345,290.299533,84.024834
7,3.00068,24.783919,15.338574,416.736502,132.530444
8,3.942956,24.258271,16.076014,565.297566,179.691607
