,TRM,RLS,TRHS,GHS,LR
0,0.019339,0.074448,0.12166,14.647975,2.021485
1,0.01857,0.091967,0.085197,14.774823,2.509629
2,0.01846,0.109674,0.108443,15.55329,3.449694
3,0.046862,0.200542,0.174679,16.019108,6.106485
4,0.049682,0.456669,0.412208,18.762431,15.974866
5,0.842543,6.019081,5.222759,138.682355,38.420369
6,1.619479,13.37813,8.322605,260.688979,67.448808
7,2.399206,20.02869,15.073179,376.301882,100.388906
8,3.207407,29.929451,13.040312,447.691192,138.468564
