,TRM,RLS,TRHS,GHS,LR
0,0.035063,0.115134,0.104913,22.636038,2.354066
1,0.033154,0.076888,0.109696,16.087458,2.983657
2,0.034892,0.128518,0.127282,15.861883,4.352285
3,0.039724,0.187893,0.13131,16.414809,7.847224
4,0.054838,0.631086,0.478824,20.463566,20.139025
5,0.946755,6.939027,4.908583,158.413605,48.293176
6,1.851043,13.690425,13.489836,335.349485,85.463164
7,2.754348,23.013579,11.33662,533.002984,126.908828
8,3.633151,26.718828,18.875586,571.121541,190.412594
