,TRM,Local_Ratio,RLS,UGA_RLS,TRHS
0,0.349987,297.389372,13.778521,149.842896,4.415096
1,0.26969,189.964568,8.079852,198.438753,4.550815
2,0.213617,126.820028,6.425427,137.301828,2.936863
3,0.118603,73.752679,3.472496,52.361042,4.460582
4,0.09232,22.884527,1.880939,42.312367,1.145722
