,TRM,RLS,TRHS,GHS,LR
0,0.05268,0.127885,0.117197,10.813619,3.862028
1,0.053427,0.173803,0.150941,16.972867,5.252128
2,0.050149,0.199139,0.168766,16.620033,7.03996
3,0.062984,0.354935,0.24125,17.825628,11.911778
4,0.085037,0.775061,0.486773,21.457152,31.547034
5,1.278993,9.332339,5.214921,204.7174,87.15684
6,2.697565,19.348953,16.622066,390.752581,155.280507
7,4.15987,27.908261,18.033138,637.390602,247.863008
8,5.601957,40.324833,28.696991,804.045865,356.427654
