,TRM,RLS,TRHS,GHS,LR
0,0.034124,0.201487,0.151157,12.639256,4.927786
1,0.043338,0.172361,0.20182,11.302822,6.296262
2,0.050816,0.339258,0.240521,16.704588,9.568594
3,0.056067,0.511312,0.55337,20.377487,15.988813
4,0.081097,1.350065,1.108118,28.472046,43.589041
5,4.502784,6.09769,5.484503,53.384621,121.40771
6,9.815006,11.837149,11.146899,61.91866,227.383541
7,15.175828,18.323744,18.13248,97.336359,389.2489
8,20.58257,23.872176,22.772018,121.859341,606.409587
