,TRM,RLS,TRHS,GHS,LR
0,0.018382,0.109187,0.103719,10.118707,1.892328
1,0.028199,0.121362,0.101716,10.165931,2.381142
2,0.023867,0.138942,0.101976,12.653569,3.487983
3,0.042647,0.286955,0.226066,13.893013,5.844784
4,0.052817,0.820658,0.597452,20.28786,14.940917
5,1.640841,2.583888,2.217072,28.623788,35.884725
6,3.947132,4.740542,5.037613,39.380928,65.620813
7,6.339878,7.505271,7.213961,42.75283,102.264139
8,8.739807,10.341393,10.31208,60.276136,143.616063
