,TRM,RLS,TRHS,GHS,LR
0,0.104597,0.113485,0.078296,9.60131,1.887207
1,0.032162,0.142591,0.119515,10.602622,2.515785
2,0.035559,0.187935,0.114133,11.989557,3.457931
3,0.042306,0.282439,0.154181,14.057871,6.007726
4,0.061295,0.642231,0.444895,14.524195,16.475973
5,2.66962,16.183721,13.480937,365.849215,44.017526
6,5.388093,38.201572,24.824019,671.89551,61.525558
7,7.829083,55.51843,32.444331,921.118221,97.783991
8,10.582991,64.553245,53.383762,1259.473331,138.5021
