,TRM,RLS,TRHS,GHS,LR
0,0.024221,0.069042,0.059373,21.939369,1.528675
1,0.026577,0.093074,0.061325,15.426657,1.856328
2,0.026831,0.069637,0.071015,15.878387,2.568293
3,0.031743,0.144119,0.1364,16.268802,4.250189
4,0.04293,0.419253,0.274203,18.809486,13.571683
5,0.617197,3.128678,2.533429,100.887045,25.459451
6,1.177489,5.991604,4.849371,192.41156,42.655477
7,1.752159,8.878189,7.126703,271.156504,62.912573
8,2.333597,14.430809,4.822551,351.155787,90.24309
