,TRM,RLS,TRHS,GHS,LR
0,0.074122,0.164234,0.168162,14.860135,8.720883
1,0.067308,0.357362,0.341148,16.625903,13.071613
2,0.078975,0.386799,0.3528,18.658688,17.98292
3,0.091961,0.596671,0.465743,24.895743,31.394544
4,0.125944,1.311258,1.079406,40.033156,89.233302
5,2.438667,4.301638,6.611081,62.962315,329.308297
6,11.452668,15.764301,13.905314,97.303782,604.5139
7,20.207823,25.360116,23.531963,122.240758,1142.647915
8,29.985359,35.521265,33.308514,145.296144,1896.624458
