,TRM,RLS,TRHS,GHS,LR
0,0.059967,0.136936,0.155912,12.90138,5.169706
1,0.049991,0.195891,0.142934,13.908243,6.614733
2,0.051935,0.329818,0.285845,13.700404,9.291007
3,0.061979,0.398795,0.494725,18.428588,17.134664
4,0.113924,1.17835,0.831543,25.612881,43.560266
5,3.151263,5.157142,4.8753,52.288747,132.025867
6,8.37835,10.425228,10.631098,72.814642,234.654926
7,14.656863,18.210902,18.11794,99.905298,379.509009
8,19.296266,22.149686,20.708488,120.657376,575.160855
