,TRM,RLS,TRHS,GHS,LR
0,0.034001,0.108939,0.07796,15.474904,2.884379
1,0.034339,0.11533,0.115726,15.736566,3.996321
2,0.034029,0.181744,0.131296,16.329775,5.308026
3,0.034081,0.280034,0.207371,17.391693,9.447534
4,0.063832,0.595187,0.577093,20.962989,25.444096
5,1.238996,10.359402,6.281737,184.216882,62.682425
6,2.410335,17.062855,14.715018,378.745703,111.197547
7,3.612319,19.057176,22.503939,515.153077,170.908349
8,4.771337,39.383779,19.659868,691.933973,251.335492
