,TRM,RLS,TRHS,GHS,LR
0,0.066816,0.17419,0.282609,14.655717,8.141332
1,0.109593,0.210539,0.236179,15.954601,10.950187
2,0.089938,0.428763,0.284857,20.246192,15.246895
3,0.080959,0.884493,0.502735,16.207272,27.22563
4,0.111951,1.112376,1.032423,37.892936,73.898818
5,4.096726,6.75024,5.850744,57.343935,233.819737
6,11.955576,14.201164,15.079365,105.449151,481.39521
7,20.168713,23.525836,27.181824,141.146394,829.659391
8,27.251001,31.000907,30.280111,205.048696,1270.389083
