,TRM,RLS,TRHS,GHS,LR
0,0.036001,0.111941,0.078971,15.519801,3.009958
1,0.03698,0.110943,0.09486,15.401389,4.249551
2,0.039992,0.105956,0.145922,16.196149,6.006616
3,0.045997,0.260857,0.192884,16.98079,10.012077
4,0.064864,0.619664,0.565663,20.48114,28.797907
5,1.381155,10.624604,5.143461,190.956463,70.090263
6,2.378373,17.404713,12.313424,383.924032,118.517179
7,3.549611,33.86216,15.279683,520.44035,190.988576
8,4.719827,35.323492,20.073851,679.146786,275.504542
