,TRM,RLS,TRHS,GHS,LR
0,0.009999,0.560694,0.673735,14.596642,0.210262
1,0.010486,0.616407,0.43787,16.300977,0.288172
2,0.009993,0.876642,0.461622,15.43487,0.377173
3,0.011993,0.854076,0.910315,34.222517,0.578705
4,0.019011,1.534263,1.576956,25.435236,1.360582
5,0.333821,6.451645,4.909515,107.01728,3.640619
6,0.673928,8.890127,8.961955,199.893892,5.500659
7,1.054138,17.790342,9.705632,302.016707,7.794893
8,1.392008,24.150961,6.731942,454.06791,10.142292
