,TRM,RLS,TRHS,GHS,LR
0,0.018876,0.052182,0.055231,14.374467,2.048037
1,0.028923,0.108159,0.088668,14.921078,2.605753
2,0.018385,0.14095,0.133594,15.963528,3.471218
3,0.044122,0.193066,0.157694,16.743446,6.100779
4,0.064051,0.363435,0.323083,20.102797,15.686793
5,0.83759,6.930041,3.401145,138.63205,39.671456
6,1.636196,8.241847,8.336316,241.571684,66.187666
7,2.46918,14.907893,9.930613,358.380551,102.817157
8,3.218371,23.050044,16.398839,466.544886,139.66069
