,TRM,RLS,TRHS,GHS,LR
0,0.03198,0.058979,0.086952,15.150816,2.322603
1,0.031996,0.071962,0.134913,15.168022,3.141527
2,0.034481,0.192677,0.128995,15.857266,4.592127
3,0.039997,0.182879,0.16991,16.790523,7.846092
4,0.055982,0.534546,0.473737,19.822783,21.209171
5,1.088268,7.185244,4.142459,175.522176,51.19761
6,1.952738,14.164658,10.792745,288.130592,91.289447
7,2.886053,14.777255,11.836755,413.746794,129.78776
8,3.79758,24.221238,20.90361,545.761431,191.298583
