,TRM,RLS,TRHS,GHS,LR
0,0.035988,0.138929,0.085971,11.259056,2.48996
1,0.037001,0.086957,0.133939,11.259524,3.35419
2,0.039986,0.149941,0.126938,12.74779,4.776676
3,0.045994,0.300854,0.215902,13.288452,8.485534
4,0.063985,0.58273,0.429799,15.519447,21.145639
5,0.756648,1.614214,1.959059,40.87481,57.139059
6,3.789147,5.319442,5.1657,55.161581,104.156545
7,6.820652,8.657778,7.953104,62.643394,157.32286
8,9.77119,12.959637,11.311432,73.912525,215.30041
