,TRM,RLS,TRHS,GHS,LR
0,0.044953,0.120937,0.093967,15.901445,3.877945
1,0.074975,0.142922,0.131837,16.190982,4.838214
2,0.035088,0.222665,0.147777,16.941477,7.456713
3,0.05699,0.163911,0.213899,17.63625,12.566972
4,0.106006,0.588682,0.573553,21.932953,33.079703
5,1.069349,7.817026,6.156052,166.331251,93.9135
6,2.500479,16.255852,12.908293,398.251477,163.549285
7,3.952429,29.024856,25.963674,586.619914,259.233463
8,5.577399,47.553855,40.649744,783.985303,391.319085
