,TRM,RLS,TRHS,GHS,LR
0,0.036998,0.084957,0.070982,15.337992,2.166672
1,0.036974,0.080963,0.076956,15.407053,2.754692
2,0.039997,0.100961,0.142915,15.989454,3.943312
3,0.043151,0.145926,0.148937,16.213115,6.460363
4,0.070883,0.360816,0.269879,18.257443,16.543509
5,0.351821,2.276705,2.343723,71.774154,46.469979
6,1.475187,7.379417,8.832769,197.060067,78.503741
7,2.073746,15.831337,10.807315,315.906027,120.115993
8,3.584682,14.805486,15.237759,440.173159,163.230637
