,TRM,RLS,TRHS,GHS,LR
0,0.024992,0.063968,0.056988,14.608663,1.537359
1,0.026991,0.075952,0.080955,14.973554,2.046152
2,0.029003,0.097961,0.130927,15.426041,2.85022
3,0.020404,0.15668,0.155926,16.015014,4.915081
4,0.044988,0.35979,0.375786,17.681795,12.917317
5,0.736006,4.670251,3.012922,115.973241,30.315429
6,1.424213,13.637909,7.391008,224.560332,53.535818
7,2.298737,15.239922,11.11056,306.783735,81.421302
8,2.813172,20.612107,14.85744,405.251752,108.412569
