,TRM,RLS,TRHS,GHS,LR
0,0.018887,0.075666,0.064823,15.040628,2.049712
1,0.033252,0.092266,0.096559,9.152176,2.65136
2,0.018374,0.109259,0.097231,15.712284,3.666979
3,0.0496,0.24054,0.166298,16.383945,6.421139
4,0.051985,0.427775,0.536429,18.916275,17.548128
5,0.915684,5.61746,4.667347,128.848438,38.891139
6,1.768522,12.638712,7.275516,258.418554,70.847211
7,2.663508,18.704135,10.724858,374.9301,107.139948
8,3.448328,24.97963,14.253617,499.852469,149.068923
