,TRM,RLS,TRHS,GHS,LR
0,0.027984,0.108953,0.081967,14.807274,1.972346
1,0.029983,0.127944,0.071947,15.007221,2.755476
2,0.031986,0.13492,0.138922,15.389157,3.867631
3,0.035993,0.207878,0.160911,16.495853,6.433435
4,0.051985,0.467734,0.352816,18.240412,15.964357
5,0.865531,5.206095,4.37857,132.142985,40.18384
6,1.70604,13.622414,10.842949,231.060417,71.448726
7,2.463096,20.209733,15.077566,344.952179,104.045078
8,3.244199,16.992509,13.202624,473.276173,139.293
