,TRM,RLS,TRHS,GHS,LR
0,0.067967,0.066956,0.088947,5.919291,1.474935
1,0.026997,0.095928,0.109938,15.117131,1.98856
2,0.029995,0.074953,0.123943,15.325586,2.727224
3,0.033,0.176793,0.183911,15.970306,4.760891
4,0.047992,0.324833,0.283842,18.243267,11.489939
5,0.671628,4.915441,3.440099,108.947606,26.987383
6,1.341267,9.367789,5.286056,193.949313,46.74944
7,2.064861,9.764573,9.86955,275.270759,71.322746
8,2.536599,18.794523,10.601104,385.535023,96.831721
