,TRM,RLS,TRHS,GHS,LR
0,0.026048,0.075666,0.059679,14.351217,2.071065
1,0.024931,0.091427,0.07062,14.112093,2.596737
2,0.018429,0.125478,0.148813,15.261074,3.924108
3,0.040338,0.162567,0.122016,16.357307,6.345265
4,0.051771,0.474142,0.429676,20.031745,17.327341
5,0.882623,8.322714,4.576549,147.945603,39.92027
6,1.731706,15.992748,6.945444,261.24753,70.298097
7,2.573528,15.689485,10.39733,370.010523,107.366705
8,3.390894,20.78276,13.81589,506.312644,154.282664
