,TRM,RLS,TRHS,GHS,LR
0,0.028002,0.089869,0.063977,15.024715,1.983635
1,0.029001,0.125937,0.09095,15.097531,2.568517
2,0.031998,0.139914,0.084969,15.61444,3.656935
3,0.035088,0.345813,0.119934,16.366379,6.115419
4,0.050992,0.562296,0.346783,18.67951,16.163975
5,0.837415,6.127096,4.584582,150.981256,40.124935
6,1.63545,15.296823,10.40297,265.260687,67.464325
7,2.642348,17.604292,10.016324,351.68287,101.488308
8,3.719366,27.460162,13.902685,492.474263,145.999082
