,TRM,RLS,TRHS,GHS,LR
0,0.018348,0.058614,0.066122,14.807314,1.692122
1,0.022398,0.059465,0.109758,14.752971,2.361499
2,0.01832,0.14047,0.103949,15.654775,3.469019
3,0.032652,0.190951,0.178456,16.261299,5.528503
4,0.049111,0.533058,0.218142,19.069924,15.037803
5,0.793613,5.711407,4.080269,130.508791,34.87821
6,1.564385,12.656524,7.847772,238.272799,60.604504
7,2.282339,13.953777,9.269211,326.775471,89.424813
8,3.012804,18.563264,12.334372,440.614071,129.729301
