,TRM,RLS,TRHS,GHS,LR
0,0.023999,0.08097,0.055971,14.679452,1.477558
1,0.049991,0.091942,0.079966,14.909644,1.884068
2,0.051982,0.096941,0.096958,15.280325,2.716041
3,0.032067,0.144538,0.107308,16.275281,4.69084
4,0.048494,0.479745,0.22688,18.462657,11.940362
5,0.689531,5.311371,3.630364,110.574326,27.660868
6,1.347745,9.919932,6.998239,209.727361,46.342847
7,1.991549,14.422174,8.083634,309.909964,70.022227
8,2.687241,19.281739,13.733867,379.274294,95.761993
