,TRM,RLS,TRHS,GHS,LR
0,0.018429,0.156935,0.084882,15.211269,2.725797
1,0.033981,0.098959,0.109952,15.432048,3.394322
2,0.038001,0.132926,0.13394,15.833135,5.200997
3,0.035108,0.277984,0.178216,17.086563,8.781397
4,0.061985,0.561704,0.50672,19.768344,22.975915
5,1.120398,8.696186,7.040504,178.159057,56.823232
6,2.401671,13.488779,15.77727,322.41545,102.444631
7,3.268198,23.421274,20.411279,509.38612,162.480846
8,4.345606,27.210934,17.595236,610.555898,228.784159
