,TRM,RLS,TRHS,GHS,LR
0,0.025008,0.057984,0.080958,10.552459,1.565234
1,0.026002,0.107945,0.095964,11.094067,2.094058
2,0.026998,0.117952,0.097934,11.138979,2.987867
3,0.031002,0.170903,0.233873,11.913261,4.376462
4,0.044975,0.707622,0.387803,17.739985,12.739482
5,1.251339,2.16085,2.044882,25.595497,33.494985
6,3.199262,4.39864,4.332672,40.265454,52.724529
7,5.184212,6.184673,6.043735,49.972055,83.082855
8,7.177136,8.659336,8.58735,60.309762,109.003808
