,TRM,RLS,TRHS,GHS,LR
0,0.026985,0.081953,0.087964,14.641923,1.866442
1,0.027997,0.09996,0.08595,14.837994,2.376794
2,0.019487,0.107112,0.111557,15.210292,3.262384
3,0.033997,0.190891,0.145918,15.817592,5.543921
4,0.047971,0.432771,0.304846,17.973595,15.081934
5,0.771578,3.910813,3.964971,130.244961,34.27165
6,1.495162,15.755129,7.820603,240.218046,59.014861
7,2.223924,18.630738,9.001936,320.480562,89.435473
8,2.941354,18.675476,15.17945,436.732038,126.655306
