,TRM,RLS,TRHS,GHS,LR
0,0.03599,0.11294,0.102947,16.175167,3.111482
1,0.033987,0.121198,0.120159,15.890068,3.99208
2,0.040994,0.178919,0.165927,16.24765,5.94434
3,0.03624,0.284347,0.215031,17.236358,9.988973
4,0.064966,0.489758,0.543709,20.84009,27.157019
5,1.299096,9.373469,7.999817,186.223754,71.173478
6,2.553156,18.25203,13.05703,364.0892,122.140599
7,3.750985,31.458485,19.596645,526.937279,187.059605
8,4.949583,36.032415,20.36002,727.733661,281.148312
