,TRM,RLS,TRHS,GHS,LR
0,0.043986,0.183899,0.148928,12.058646,4.941521
1,0.045997,0.131943,0.148928,12.73653,6.393768
2,0.050973,0.302862,0.26585,15.369409,9.366118
3,0.05797,0.337827,0.324829,16.012566,15.454857
4,0.087912,0.809649,0.918095,24.05079,46.559311
5,3.551137,4.879429,4.56559,59.492593,125.167457
6,9.888765,10.315554,10.807286,73.214571,215.315178
7,14.006696,16.185952,15.701676,113.608023,363.400571
8,19.090858,22.09124,21.982844,118.436312,538.007894
