,TRM,RLS,TRHS,GHS,LR
0,0.018489,0.123728,0.067613,10.346438,2.262882
1,0.018594,0.137948,0.131352,10.743341,2.76559
2,0.018396,0.187786,0.141091,12.27953,4.264847
3,0.036108,0.22696,0.236485,13.948771,7.288019
4,0.065112,0.972799,0.516902,23.111932,17.493678
5,2.361017,3.962096,3.008279,37.690521,50.075704
6,5.193293,6.474047,6.296453,53.381492,87.709186
7,8.175899,9.55238,8.921938,58.749264,136.007999
8,10.394816,13.518539,11.596433,66.351011,172.078786
