,TRM,RLS,TRHS,GHS,LR
0,0.027006,0.064958,0.073948,14.874275,1.8028
1,0.027002,0.082967,0.115923,15.060202,2.447759
2,0.031001,0.207879,0.107937,15.597263,3.400297
3,0.022137,0.237753,0.147666,16.428801,5.731216
4,0.04999,0.439615,0.222874,18.895959,14.86604
5,0.809857,4.909697,4.378046,129.300112,36.039051
6,1.53899,14.343254,7.868088,245.422715,61.586116
7,2.628116,14.059341,9.392968,344.511332,91.558221
8,3.009975,22.282852,15.717558,434.654739,126.630245
