,TRM,RLS,TRHS,GHS,LR
0,0.035011,0.103398,0.117294,12.880021,3.983948
1,0.041,0.275852,0.162915,12.493711,5.136034
2,0.047992,0.28885,0.25388,14.366033,8.107907
3,0.068963,0.377815,0.302829,15.428329,13.959318
4,0.074976,1.318316,1.584165,27.660641,36.385995
5,4.444691,5.451183,5.275249,49.61777,113.669977
6,8.106773,10.21368,9.520029,71.237899,187.9785
7,12.537464,14.661341,16.097759,88.664035,282.487267
8,17.495833,20.456299,21.3528,107.663601,457.401362
