,TRM,RLS,TRHS,GHS,LR
0,0.068919,0.249543,0.238443,17.016455,10.583264
1,0.117602,0.233125,0.281728,17.9146,15.190829
2,0.091735,0.393022,0.281015,20.369448,23.300878
3,0.096765,0.777463,0.530659,22.173059,42.274465
4,0.14652,1.028488,1.175541,52.271113,109.305188
5,1.612241,4.743885,4.041894,89.058565,401.817378
6,12.285183,15.516439,16.348181,133.095291,942.554694
7,23.190789,27.733222,26.319191,169.868938,1788.087862
8,34.135186,41.280746,39.542631,173.799759,3081.924039
