,TRM,RLS,TRHS,GHS,LR
0,0.050972,0.181013,0.114846,6.644138,4.99566
1,0.075361,0.114746,0.12544,16.830949,6.354769
2,0.056994,0.260464,0.180371,17.422043,9.051989
3,0.072285,0.347325,0.247862,18.591837,16.378638
4,0.082441,0.665135,0.779002,22.729667,42.02688
5,1.112221,8.955743,6.846543,176.131191,124.905711
6,2.785214,20.523014,17.836715,458.040752,230.233569
7,4.639563,28.260501,18.893905,721.990556,373.908059
8,6.449933,46.053407,32.930308,917.361459,540.875023
