,TRM,RLS,TRHS,GHS,LR
0,0.018393,0.125818,0.131559,11.288669,2.859418
1,0.020385,0.188667,0.162288,11.963901,3.734338
2,0.044784,0.163684,0.169224,12.187137,5.479854
3,0.036605,0.26388,0.252189,13.654677,9.296024
4,0.067345,0.713575,0.667024,21.764605,24.292247
5,2.475412,3.551587,3.243255,33.096322,65.479731
6,5.659054,7.11837,6.810438,43.052944,107.280379
7,9.345045,11.614167,10.480816,67.115011,179.130357
8,12.463261,14.546514,13.803073,64.092486,248.937902
