,TRM,RLS,TRHS,GHS,LR
0,0.041998,0.116935,0.170887,11.149753,3.092797
1,0.044985,0.121931,0.149918,13.133887,4.323534
2,0.045993,0.188887,0.203902,14.660692,6.079479
3,0.054985,0.283844,0.237879,14.219953,10.031612
4,0.068964,0.507728,0.887501,13.434466,28.928939
5,0.954478,2.333694,2.047864,47.431413,76.758677
6,4.55446,5.68781,6.543316,65.786547,141.421966
7,8.726115,11.011822,10.207272,73.973471,220.345044
8,12.691891,14.749737,14.717742,69.88556,341.249864
