,TRM,RLS,TRHS,GHS,LR
0,0.034683,0.165796,0.143164,12.648396,4.489683
1,0.058545,0.167446,0.236869,13.692815,6.7669
2,0.054337,0.302842,0.266849,14.030374,9.288809
3,0.065291,0.425179,0.390178,20.477583,16.035885
4,0.082557,0.977348,0.864453,29.616073,43.666352
5,3.920035,5.523224,4.918162,62.73522,111.037795
6,8.928415,10.795924,10.690322,58.970292,213.963585
7,14.095902,16.444204,16.347151,108.317968,355.797243
8,19.637597,22.76437,20.993053,91.800356,547.179352
