,TRM,RLS,TRHS,GHS,LR
0,0.050989,0.110957,0.158896,12.786898,5.263781
1,0.054971,0.327814,0.162916,15.075735,7.87487
2,0.056946,0.294859,0.251854,17.321892,11.27009
3,0.061984,0.506723,0.422775,21.247793,18.038409
4,0.09395,0.9665,0.764606,25.489776,49.163621
5,4.235767,6.178709,5.307186,52.531089,134.324509
6,10.040657,12.170524,11.420939,94.119542,260.426672
7,16.208567,18.901922,18.823976,106.831374,506.614809
8,21.010742,23.559556,23.218534,149.519737,623.535587
