,TRM,RLS,TRHS,GHS,LR
0,0.018335,0.074434,0.065263,10.429712,1.740648
1,0.018495,0.107683,0.081662,10.442128,2.364541
2,0.032424,0.171253,0.112435,10.869051,3.293937
3,0.034063,0.219497,0.158952,13.131389,5.599078
4,0.03948,0.64386,0.543977,17.681221,13.33629
5,1.081734,2.228443,1.833199,27.304291,36.791848
6,3.252787,4.039315,3.842419,24.35772,51.185044
7,5.515909,7.088706,6.511117,50.106074,94.269228
8,7.591427,9.654204,8.589524,64.965614,128.1862
