,TRM,RLS,TRHS,GHS,LR
0,0.029984,0.07495,0.084946,15.091322,2.264244
1,0.031993,0.093948,0.129925,15.437125,3.014252
2,0.034987,0.117919,0.156922,15.619787,4.158799
3,0.038837,0.134931,0.195914,16.639685,7.386582
4,0.054957,0.42679,0.449696,19.123034,19.417898
5,0.963851,4.844707,5.867308,156.827577,45.456671
6,1.827761,11.304441,7.546057,283.850683,79.708943
7,2.705259,22.922847,11.199638,403.97678,121.114545
8,3.643554,26.2152,18.459509,533.004798,171.235792
