,TRM,Local_Ratio,RLS,UGA_RLS,TRHS
0,1.115685,6.62255,0.757161,23.772727,0.552413
1,0.052084,5.681884,0.448551,22.84725,0.456992
2,0.038034,4.084356,0.600512,26.235159,0.432966
3,0.026395,3.070088,0.516859,22.944528,0.474841
4,0.018999,1.44963,0.365085,15.562275,0.444199
