,TRM,RLS,TRHS,GHS,LR
0,0.033812,0.070316,0.069816,20.287635,1.558976
1,0.025613,0.074752,0.060536,15.614794,1.87675
2,0.027225,0.097105,0.079782,16.059571,2.742271
3,0.030812,0.14359,0.142641,16.882682,4.418559
4,0.044188,0.406827,0.29367,20.516255,11.804362
5,0.650432,4.750486,3.351572,114.96873,26.800747
6,1.270956,9.059966,5.161777,205.747612,45.427066
7,1.872883,15.610627,9.652177,296.884621,67.467732
8,2.506004,20.756395,10.171285,388.999507,95.874286
