,TRM,RLS,TRHS,GHS,LR
0,0.047973,0.091943,0.183879,12.84383,4.743127
1,0.051986,0.183897,0.171919,14.489837,6.505945
2,0.069949,0.22789,0.165923,15.946885,8.338792
3,0.093964,0.539713,0.390782,18.177246,15.328321
4,0.084968,0.776583,0.599681,28.960999,40.648206
5,1.721056,3.416106,3.079256,43.565384,123.246968
6,6.750241,8.513243,8.730135,80.689567,220.380866
7,12.007508,14.301294,13.825751,93.254845,360.156835
8,16.476794,19.456102,18.583475,111.681102,514.559614
