,TRM,RLS,TRHS,GHS,LR
0,0.053988,0.197903,0.214891,12.85298,6.995041
1,0.053986,0.321838,0.214899,16.40095,9.098867
2,0.060979,0.435781,0.420776,19.274484,14.976701
3,0.069964,0.698635,0.527711,24.232037,22.64525
4,0.136938,1.755034,1.094416,42.394359,63.016781
5,5.636906,7.116128,7.891694,77.671212,194.95286
6,12.652492,15.847331,15.733398,91.878684,354.636231
7,19.341418,23.720009,21.391585,126.187074,672.576766
8,26.162291,31.60064,28.946094,148.754176,1003.178123
