,TRM,RLS,TRHS,GHS,LR
0,0.040879,0.09477,0.099469,21.271978,2.431054
1,0.03417,0.225907,0.107792,16.573368,3.142319
2,0.035715,0.128208,0.101318,16.754178,4.646014
3,0.041764,0.202368,0.182722,18.010534,7.898095
4,0.055695,0.872269,0.494822,20.823273,20.349902
5,0.975523,8.066723,3.955335,160.143147,48.971703
6,1.952267,13.569411,9.812297,311.579467,87.101265
7,2.807158,14.247291,11.500085,520.093685,143.279834
8,3.870709,32.968349,20.130796,642.503318,201.248966
