,TRM,RLS,TRHS,GHS,LR
0,0.050989,0.139916,0.2089,14.231564,5.627009
1,0.051452,0.307307,0.169514,14.522798,7.82207
2,0.063409,0.246782,0.192069,15.7475,11.096436
3,0.074164,0.429563,0.35337,21.856469,19.566099
4,0.081127,1.673241,0.747478,28.63892,53.758384
5,3.205819,4.870873,5.269877,54.632282,143.429481
6,9.091471,11.907862,10.923488,95.100876,264.901691
7,15.424005,17.960594,17.045358,85.58449,473.271403
8,21.841685,25.949865,25.365737,152.712097,797.437836
