,TRM,Local_Ratio,RLS,UGA_RLS,TRHS
0,1.520769,13.022872,2.69812,28.453133,2.563669
1,1.269295,10.388368,2.004993,25.341868,1.834937
2,0.729636,7.06549,1.731034,16.821207,1.558507
3,0.333915,4.230937,0.758412,16.507629,0.693621
4,0.016974,1.757713,0.442957,13.944005,0.189892
