,TRM,RLS,TRHS,GHS,LR
0,0.018611,0.072218,0.072815,14.79131,1.548574
1,0.018434,0.089041,0.098463,15.078933,2.080598
2,0.02121,0.122132,0.065761,15.516483,3.08779
3,0.018513,0.219217,0.214305,16.181595,5.008436
4,0.037741,0.562334,0.322921,19.410213,13.871295
5,0.806333,4.682154,4.022482,125.653852,33.169824
6,1.518296,10.709386,9.353811,215.261816,58.097635
7,2.225246,13.541324,9.129663,323.781566,81.264287
8,3.125742,22.217906,19.143557,430.968191,112.139265
