,TRM,RLS,TRHS,GHS,LR
0,0.018668,0.101167,0.072141,10.143455,1.456497
1,0.018558,0.100839,0.092509,10.794837,1.876356
2,0.026373,0.137365,0.12704,10.780428,2.664565
3,0.0186,0.247958,0.188241,11.510061,4.483715
4,0.042873,0.718997,0.498081,16.831118,10.949647
5,1.837622,3.062733,2.5052,27.238413,25.779459
6,3.493067,4.502952,4.088299,28.021028,44.707819
7,5.450369,6.544015,6.209312,34.050028,69.831281
8,7.259142,8.381675,7.895827,35.20122,91.942133
