,TRM,RLS,TRHS,GHS,LR
0,0.033979,0.066962,0.075974,14.771645,1.770384
1,0.027977,0.083955,0.089966,15.038266,2.48725
2,0.029978,0.134931,0.112923,15.371553,3.333662
3,0.035268,0.157932,0.150911,16.22644,5.714603
4,0.049971,0.361793,0.40476,19.090814,18.33148
5,0.802552,5.917702,4.163657,122.793688,35.650933
6,1.558145,9.591653,6.323485,223.878742,61.541368
7,2.316896,16.609706,11.894358,313.0843,95.825107
8,3.13878,19.438099,12.628741,429.939671,130.703371
