,TRM,RLS,TRHS,GHS,LR
0,0.019393,0.054955,0.078216,13.908332,1.47755
1,0.020322,0.05615,0.055378,14.282368,1.915946
2,0.025319,0.105498,0.066498,14.819883,2.710827
3,0.02292,0.187562,0.130501,15.534054,4.475045
4,0.037106,0.574468,0.27158,19.517484,11.541147
5,0.672814,4.779149,4.094941,112.808765,26.547744
6,1.271438,9.297445,5.213939,187.782422,47.013845
7,1.907315,13.618457,7.724136,290.260464,69.241115
8,2.518252,15.536472,12.985617,335.232452,97.120579
