,TRM,RLS,TRHS,GHS,LR
0,0.018286,0.043324,0.045279,14.074845,0.801838
1,0.030738,0.077035,0.060268,13.767967,1.236732
2,0.018364,0.047961,0.079785,13.813516,1.766322
3,0.022751,0.091556,0.078244,15.527294,2.791577
4,0.034164,0.212499,0.115869,16.296302,7.339255
5,0.079851,0.374014,0.322134,18.962497,20.985447
6,0.386865,2.454647,3.001861,67.983269,37.468052
7,0.826995,5.020567,4.246605,137.134885,52.859291
8,1.267096,7.574112,5.043856,193.397385,74.949512
