,TRM,RLS,TRHS,GHS,LR
0,0.025881,0.068469,0.112448,20.959336,1.576807
1,0.028993,0.094177,0.064294,15.921099,1.98535
2,0.026566,0.122311,0.099805,16.279599,2.715457
3,0.031582,0.144704,0.138966,17.250912,4.43745
4,0.045539,0.358214,0.366652,19.344735,12.852587
5,0.649667,5.440034,3.374145,115.665824,27.514004
6,1.264747,7.743321,6.48052,203.580665,46.104064
7,1.888757,11.569546,7.678724,281.450608,69.180244
8,2.493169,22.241869,13.446554,400.182232,97.819054
