,TRM,RLS,TRHS,GHS,LR
0,0.043657,0.083013,0.082559,10.832958,2.261186
1,0.045515,0.146737,0.104983,11.365662,2.946856
2,0.052958,0.183767,0.213428,12.199509,4.62608
3,0.050924,0.21504,0.248307,14.092077,7.384693
4,0.058977,0.955086,0.637172,18.413591,20.058612
5,1.858221,3.286683,2.891449,37.397544,51.174328
6,4.723095,5.888555,5.757485,51.807021,97.330421
7,7.464987,8.623858,8.521116,62.103403,127.029843
8,10.758684,12.216604,11.605326,81.234022,209.8159
