,TRM,RLS,TRHS,GHS,LR
0,0.031994,0.124917,0.093963,15.076911,2.695453
1,0.033997,0.071969,0.102941,15.393509,3.296705
2,0.036979,0.151898,0.170891,15.789342,4.960538
3,0.041975,0.23588,0.181897,16.839689,8.283974
4,0.05893,0.544708,0.38279,20.295951,26.196771
5,1.094197,7.753571,4.371529,176.886879,60.564352
6,2.102887,15.29488,11.298519,323.746793,102.011487
7,3.11536,24.454001,13.128952,473.871995,152.617713
8,4.615534,30.987456,17.399871,635.193077,211.920895
