,TRM,RLS,TRHS,GHS,LR
0,0.031982,0.100958,0.071959,14.847418,2.383297
1,0.032992,0.187888,0.137928,15.288769,3.344682
2,0.03696,0.130943,0.14292,15.705392,4.89033
3,0.040974,0.308833,0.300836,16.920095,8.764357
4,0.062959,0.557704,0.389769,19.650354,21.794934
5,1.059412,8.157468,6.949309,180.318744,52.658648
6,2.210785,12.683969,10.671067,305.646538,99.794426
7,3.071304,19.170499,16.005106,435.881019,142.547197
8,4.053744,29.897343,16.854624,587.910658,209.086948
