,TRM,RLS,TRHS,GHS,LR
0,0.024003,0.077852,0.052402,14.825491,1.479469
1,0.018469,0.077616,0.092386,15.113079,1.892331
2,0.01952,0.153061,0.07095,15.230275,2.704287
3,0.031987,0.180714,0.098777,16.07418,4.476153
4,0.036239,0.435764,0.29473,18.516928,11.404952
5,0.688549,5.198585,3.531118,113.038908,28.99469
6,1.361198,11.10783,5.437658,197.608522,46.934536
7,2.012208,14.342784,10.172612,298.388946,72.104657
8,2.660251,22.628051,13.668431,402.701119,97.024302
