,TRM,RLS,TRHS,GHS,LR
0,0.071768,0.149166,0.071353,17.19835,2.326884
1,0.029948,0.114667,0.076976,16.681401,2.859575
2,0.034332,0.117994,0.151431,17.16104,3.952291
3,0.036508,0.270793,0.168426,17.846299,6.752669
4,0.05333,0.505487,0.353025,20.985361,16.897715
5,0.873203,4.45821,3.55134,141.163046,40.184241
6,1.700996,14.083146,8.77123,278.896596,69.873217
7,2.508087,15.471905,13.027461,391.68436,108.717624
8,3.335683,24.05386,17.136445,530.514534,162.81571
