,TRM,Local Ratio,GHS,RHS,TRHS
0,0.149426,71.953474,132.851853,3.003471,1.863876
