,TRM,Local Ratio,GHS,RHS,TRHS
0,0.033982,5.985914,28.182914,0.531256,0.468744
