,TRM,RLS,TRHS,GHS,LR
0,0.037204,0.086745,0.111561,14.292757,2.226103
1,0.028912,0.123911,0.102564,15.384802,3.007193
2,0.034039,0.145113,0.14682,15.566781,4.198726
3,0.036079,0.180949,0.162344,16.998716,7.680638
4,0.050368,0.52316,0.44795,19.748703,18.224747
5,0.937984,6.778306,4.812427,152.687709,45.850338
6,1.828426,11.202541,9.360186,275.890515,77.570295
7,2.706388,19.601173,13.908597,399.178721,116.890568
8,3.589345,25.824557,22.271841,512.874367,165.917761
