,TRM,RLS,TRHS,GHS,LR
0,0.092463,0.148543,0.164961,11.544227,5.247029
1,0.067836,0.259732,0.178681,14.11048,6.281327
2,0.072132,0.329731,0.288863,14.210136,9.533109
3,0.068809,0.463576,0.366091,18.70733,16.021474
4,0.100226,1.039363,1.067646,32.197032,42.545636
5,4.789253,6.178857,6.387307,55.311491,121.596446
6,10.972725,13.425774,12.405948,79.282814,221.49528
7,16.945869,22.599531,19.718139,81.95805,379.38883
8,23.470655,28.010753,26.01203,78.52675,570.036972
