,TRM,RLS,TRHS,GHS,LR
0,0.029983,0.05998,0.068965,14.948327,2.239409
1,0.03415,0.113387,0.081957,15.47388,3.215386
2,0.035976,0.183911,0.125792,15.77639,4.384908
3,0.034356,0.150616,0.227188,16.593443,7.453986
4,0.051983,0.649207,0.378874,19.797807,20.851358
5,1.066658,5.305158,6.864015,166.936403,50.251795
6,2.047906,14.720493,12.579306,307.25674,89.115892
7,3.047259,18.765707,15.51895,443.198138,134.323605
8,4.06486,28.873134,24.909276,583.582315,185.628993
