,TRM,RLS,TRHS,GHS,LR
0,0.06047,0.075265,0.133295,16.131897,3.603931
1,0.06103,0.151515,0.134733,17.433548,4.815452
2,0.072602,0.272128,0.157546,17.181163,7.279772
3,0.071066,0.196351,0.215411,17.46428,12.187743
4,0.084833,0.60073,0.616573,20.681009,30.803663
5,0.4697,3.62063,3.17724,87.138381,92.999965
6,1.847694,13.441606,7.596871,296.505881,159.479061
7,3.259672,23.262626,26.945104,493.649069,264.158361
8,4.952266,30.412839,30.685017,726.518956,370.622857
