,TRM,RLS,TRHS,GHS,LR
0,0.019577,0.116154,0.0662,10.673036,1.558235
1,0.019605,0.100945,0.074144,10.951336,2.01015
2,0.024063,0.182952,0.159003,11.99957,3.001085
3,0.019606,0.358507,0.195776,12.769371,4.866774
4,0.03779,0.639744,0.452165,17.834076,11.905934
5,1.853896,2.985415,2.506823,20.315795,31.253401
6,3.784912,5.504276,4.247058,35.058581,53.389063
7,5.773439,6.572786,6.984204,44.687577,81.095873
8,7.764203,8.966904,8.677172,52.396432,114.891308
