,TRM,RLS,TRHS,GHS,LR
0,0.034216,0.126847,0.136709,11.45099,4.030883
1,0.034287,0.153732,0.161074,11.881923,5.204745
2,0.03429,0.190566,0.191204,13.983231,7.524282
3,0.073963,0.340333,0.300231,17.350337,13.739304
4,0.121465,1.269787,1.028231,31.325028,37.425071
5,2.109641,3.645398,3.56373,52.905926,92.145769
6,6.466824,8.0646,7.587645,77.906988,191.015676
7,10.803517,13.235734,12.126987,92.804008,263.024437
8,15.869398,19.671736,18.330505,124.909697,453.869187
