,TRM,RLS,TRHS,GHS,LR
0,0.035997,0.094965,0.080964,15.480569,3.074669
1,0.037997,0.114938,0.091967,15.725557,4.013635
2,0.040999,0.142935,0.168896,16.251586,6.02183
3,0.074195,0.227873,0.201835,17.243806,9.711175
4,0.064981,0.839564,0.448759,21.280915,31.151012
5,1.247335,10.319454,5.40408,192.399934,65.821752
6,2.423696,22.580829,9.978626,365.883486,118.71809
7,3.673014,26.818641,14.910941,545.606709,183.243406
8,4.887348,35.575685,20.251021,699.356964,269.098816
