,TRM,RLS,TRHS,GHS,LR
0,0.018469,0.103935,0.087116,15.081432,1.671766
1,0.025509,0.090139,0.07461,15.371805,2.553518
2,0.020639,0.169867,0.095119,15.775715,3.364545
3,0.03397,0.21966,0.149138,16.325565,5.597227
4,0.064815,0.566615,0.318074,18.58348,15.249133
5,0.784303,5.863724,5.058718,139.336606,36.236864
6,1.616519,12.897043,8.558868,227.13842,58.645592
7,2.339091,11.81803,12.005887,343.444044,90.758202
8,3.021232,21.89255,12.477872,449.005457,119.570011
