,TRM,Local Ratio,GHS,RHS,TRHS
0,0.045526,5.023854,27.95683,0.60027,0.336375
