,TRM,RLS,TRHS,GHS,LR
0,0.023407,0.051034,0.076154,34.516431,2.292006
1,0.038024,0.136513,0.129176,22.806253,2.845741
2,0.037331,0.134269,0.140434,29.561644,4.340584
3,0.045152,0.253031,0.139947,26.121735,6.58199
4,0.050034,0.554382,0.232558,29.022809,13.870138
5,0.632247,3.897516,2.520724,148.485487,26.876182
6,1.25928,7.687164,5.143601,230.419034,43.805021
7,1.792175,14.65129,7.960239,256.162254,63.099208
8,2.353153,16.882051,12.025633,364.687597,86.23445
