,TRM,RLS,TRHS,GHS,LR
0,0.020561,0.113006,0.085057,15.38089,3.004193
1,0.037965,0.109955,0.09296,16.343804,4.06475
2,0.051808,0.189923,0.168313,16.331113,5.954209
3,0.045988,0.263844,0.140016,17.159243,10.098955
4,0.067474,0.51148,0.324157,21.215047,28.004426
5,1.28929,12.521188,6.663757,201.010197,67.701672
6,2.716065,13.154879,13.440063,383.800351,120.453129
7,3.961997,36.240739,15.457114,536.54844,181.892178
8,5.02726,36.828973,20.720157,704.160459,265.139344
