,TRM,RLS,TRHS,GHS,LR
0,0.034002,0.082802,0.092947,15.62963,2.586573
1,0.037961,0.134923,0.092717,15.885111,3.248271
2,0.037997,0.167905,0.154912,15.962846,4.874768
3,0.04197,0.184894,0.177913,17.089995,7.999121
4,0.075958,0.613669,0.476585,20.389944,23.441314
5,0.99908,8.130578,5.122811,166.315176,63.365153
6,2.098503,18.379411,10.266609,310.906783,100.143123
7,2.979088,24.651077,18.742749,447.665401,146.618657
8,4.782017,30.804418,25.243252,598.255838,204.996747
