,TRM,Local_Ratio,RLS,UGA_RLS,TRHS
0,0.040328,4.019127,0.597274,23.841016,0.43401
1,0.047665,7.24719,0.594552,30.063128,0.743736
2,0.029936,3.992664,0.401694,22.617046,0.496602
3,0.023829,2.550108,0.408008,19.559049,0.416212
4,0.022464,1.646364,0.322056,17.790343,0.130332
