,TRM,RLS,TRHS,GHS,LR
0,0.018443,0.108734,0.10732,10.706097,2.632545
1,0.019504,0.171144,0.108944,11.615139,3.188162
2,0.034212,0.160621,0.162831,12.581196,4.774672
3,0.034212,0.246158,0.295279,13.383973,8.122055
4,0.061384,0.794756,0.742003,19.75099,21.239088
5,2.483382,3.425689,3.229218,23.756335,54.573911
6,5.054623,6.347164,6.555486,44.849942,85.738523
7,8.262386,9.834514,9.431441,49.223045,139.601722
8,11.517797,13.668323,12.475785,60.512245,207.839836
