,TRM,RLS,TRHS,GHS,LR
0,0.030987,0.124941,0.118941,10.765621,2.314173
1,0.033001,0.119951,0.204897,12.474746,3.565847
2,0.043978,0.17691,0.151925,11.792105,4.440945
3,0.049976,0.279876,0.347828,11.940034,7.256239
4,0.057959,1.227374,0.994519,21.972948,21.665049
5,2.079969,3.375313,2.953523,30.219876,51.914421
6,6.329822,6.509748,6.431756,47.02626,89.935678
7,8.346823,10.607661,10.752601,57.533952,139.306613
8,10.906499,12.554667,12.686614,73.448762,203.73413
