,TRM,RLS,TRHS,GHS,LR
0,0.03307,0.157367,0.071375,15.27964,2.770995
1,0.03422,0.113931,0.105465,6.068814,3.358784
2,0.043643,0.1935,0.133483,15.413742,5.079363
3,0.034208,0.246787,0.201507,17.480703,8.421749
4,0.059902,0.5598,0.621659,19.925135,23.042449
5,1.104775,9.131993,4.472856,173.237302,57.120894
6,2.150915,15.319078,10.966955,309.993703,97.34763
7,3.174716,22.91604,16.359441,458.610028,149.830507
8,4.216502,25.996772,21.624726,582.784176,213.884504
