,TRM,RLS,TRHS,GHS,LR
0,0.025002,0.063977,0.090949,14.632584,1.461647
1,0.025003,0.07396,0.080968,14.850378,1.867836
2,0.026998,0.082052,0.097155,14.982127,2.724132
3,0.031998,0.14493,0.22786,15.609605,4.626136
4,0.043989,0.348816,0.301058,18.332245,11.973847
5,0.693612,4.390892,3.791162,113.115232,27.453754
6,1.578672,12.89038,7.086722,205.535913,50.206358
7,2.11184,14.451145,14.687519,299.925422,76.642424
8,2.742341,18.975273,16.966166,381.881634,104.724359
