,TRM,RLS,TRHS,GHS,LR
0,0.027,0.085956,0.073957,14.732164,1.655898
1,0.018561,0.09163,0.107863,15.118796,2.288688
2,0.018361,0.13969,0.108377,15.473485,3.215918
3,0.046996,0.16592,0.148923,16.361545,5.458299
4,0.062945,0.435767,0.306841,18.632432,14.05033
5,0.823262,5.772494,3.218386,133.307297,35.437762
6,1.564624,9.595627,7.826522,227.478112,58.054939
7,2.269612,16.390693,12.769109,324.250452,83.078322
8,3.024587,18.447901,15.465255,433.712149,116.68896
