,TRM,RLS,TRHS,GHS,LR
0,0.081956,0.084967,0.09195,1.917186,1.732812
1,0.066817,0.132929,0.110927,2.03092,2.492603
2,0.048121,0.155012,0.100667,2.278805,3.307152
3,0.05442,0.201873,0.309833,2.434813,5.745737
4,0.080957,0.562109,0.39937,3.548112,14.123123
5,2.307381,13.684103,11.199393,97.078211,36.479841
6,4.952441,33.929541,24.362957,197.149496,64.95224
7,7.180688,36.282382,36.845846,300.205094,98.505192
8,9.76881,59.905651,39.346871,402.881093,133.978241
