,TRM,RLS,TRHS,GHS,LR
0,0.006354,0.29325,0.197221,12.10499,0.162138
1,0.007904,0.361797,0.229831,10.896404,0.188314
2,0.009574,0.440509,0.405826,12.219947,0.289956
3,0.011787,0.69601,0.45216,16.041761,0.592495
4,0.117073,1.844682,1.868381,47.328366,1.16786
5,0.255637,4.2951,3.353659,82.178875,1.807869
6,0.392945,6.57099,3.698846,119.245621,2.562912
