,TRM,RLS,TRHS,GHS,LR
0,0.032986,0.06398,0.05497,14.750733,1.494427
1,0.026002,0.073954,0.08297,14.842595,2.19024
2,0.020486,0.104985,0.102144,15.076626,2.885118
3,0.036975,0.179987,0.151236,16.251893,5.016886
4,0.045991,0.337806,0.401763,18.59509,12.770358
5,0.749895,4.918497,3.125393,121.56065,31.896263
6,1.462811,13.845384,7.450589,218.564592,52.097523
7,2.170609,10.956797,13.336367,305.757074,78.202459
8,2.79726,20.941311,14.59341,407.471905,109.612981
