,TRM,Local Ratio,GHS,RHS,TRHS
0,0.108557,11.917274,41.496472,1.116346,0.713603
