,TRM,Local Ratio,GHS,RHS,TRHS
0,0.027143,2.385473,17.811272,0.26498,0.200559
