,TRM,RLS,TRHS,GHS,LR
0,0.030935,0.07798,0.067548,21.919202,2.115571
1,0.029639,0.066493,0.071764,16.921283,2.368491
2,0.030377,0.137305,0.085893,16.377374,3.35761
3,0.035711,0.249162,0.155947,17.562177,5.69498
4,0.04848,0.461127,0.625456,19.782047,15.719907
5,0.776884,4.777027,3.16746,127.119046,34.896256
6,1.515545,9.29063,6.129885,244.00691,59.029248
7,2.254649,16.612329,9.187059,348.483821,92.034529
8,2.945271,21.516914,15.366227,447.792257,135.107087
