,TRM,RLS,TRHS,GHS,LR
0,0.020754,0.071096,0.094791,5.834987,1.552678
1,0.018321,0.105467,0.069143,14.180978,2.223026
2,0.018397,0.107926,0.105205,16.141881,3.177753
3,0.01843,0.20443,0.177379,16.074636,5.414412
4,0.036572,0.437153,0.208632,19.191069,13.468932
5,0.764924,4.562258,3.86172,124.907629,34.477579
6,1.443344,8.788754,7.368999,210.097214,54.35567
7,2.140237,13.124136,10.988011,324.510347,81.559604
8,2.839982,14.536237,11.629541,407.584794,112.814711
