,TRM,RLS,TRHS,GHS,LR
0,0.027004,0.06197,0.094957,14.814309,1.529468
1,0.027997,0.094957,0.098966,15.017089,1.967093
2,0.029,0.089973,0.073976,15.481191,2.720646
3,0.043973,0.166934,0.132953,15.901621,4.847447
4,0.044994,0.352839,0.253881,18.986625,12.864728
5,0.540729,3.333049,2.825293,101.691705,28.850831
6,1.171305,7.480131,6.06039,104.794762,50.674239
7,1.836818,13.179819,7.536061,269.551081,73.39024
8,2.454597,20.552945,15.580002,355.888446,100.281307
