,TRM,RLS,TRHS,GHS,LR
0,0.025008,0.063968,0.071977,14.630211,1.561751
1,0.033977,0.099945,0.062987,14.978055,1.94965
2,0.028002,0.119953,0.121948,15.293525,2.928475
3,0.033001,0.147917,0.182914,16.007848,4.765109
4,0.045992,0.432765,0.370816,17.975721,13.086039
5,0.711636,5.373151,3.657062,119.13671,29.887719
6,1.403256,11.283173,5.64925,218.274404,53.273603
7,2.071908,17.067126,10.595895,306.065455,79.385497
8,2.71456,19.658468,20.113478,409.72879,108.639157
