,TRM,RLS,TRHS,GHS,LR
0,0.031,0.05797,0.087964,15.115598,2.27174
1,0.042977,0.095945,0.162909,15.509817,3.161314
2,0.03399,0.153912,0.15293,15.605321,4.366236
3,0.034282,0.183912,0.186064,16.557422,7.456978
4,0.073925,0.617487,0.49391,19.37955,19.850813
5,1.119674,7.807721,7.290009,154.325766,50.825675
6,1.935641,13.702383,9.935916,309.772698,84.927856
7,2.873226,19.102983,14.838256,444.364341,132.113619
8,3.92049,19.672007,20.628048,573.238329,181.823847
