,TRM,RLS,TRHS,GHS,LR
0,0.036703,0.093854,0.072384,19.632027,2.218407
1,0.037537,0.067804,0.102083,15.644426,2.733569
2,0.038866,0.104845,0.118654,16.584215,3.898087
3,0.043012,0.155663,0.156949,16.738667,6.403848
4,0.055755,0.332154,0.297952,19.894758,17.097689
5,0.527001,3.923887,2.192607,92.301176,50.045397
6,1.416145,10.061166,5.669917,219.790233,78.924254
7,2.243163,21.041598,9.169051,359.901681,122.74433
8,3.118848,15.781594,15.98345,462.661329,176.265745
