,TRM,RLS,TRHS,GHS,LR
0,0.025335,0.05204,0.073972,21.686862,1.524108
1,0.027052,0.073922,0.08232,16.283419,1.923139
2,0.026222,0.116794,0.122509,16.493569,2.66407
3,0.034281,0.142003,0.102315,17.255824,4.241163
4,0.041903,0.317714,0.197157,19.324854,11.375062
5,0.608361,4.483515,3.164739,106.694299,26.210555
6,1.182117,8.592071,6.101777,192.363844,44.109493
7,1.751675,10.799935,7.197722,272.116783,63.819016
8,2.322994,12.019439,9.542715,363.769073,90.719955
