,TRM,RLS,TRHS,GHS,LR
0,0.031986,0.102943,0.054991,14.580111,1.45287
1,0.018453,0.056769,0.088118,14.77755,1.851707
2,0.025224,0.105405,0.124714,15.500251,2.762774
3,0.031999,0.183884,0.138939,15.806262,4.551665
4,0.055967,0.422766,0.27886,17.932487,12.345174
5,0.851531,4.308623,3.472183,112.517678,28.660601
6,1.653075,7.89766,6.605569,185.989056,49.484541
7,1.915956,11.848431,7.876659,278.813769,73.707098
8,2.548603,17.022597,10.37245,339.447687,108.34223
