,TRM,RLS,TRHS,GHS,LR
0,0.018519,0.034425,0.065427,9.627148,0.950738
1,0.018559,0.084734,0.072389,10.96887,1.517592
2,0.061435,0.101856,0.110792,11.221979,2.033258
3,0.028424,0.153109,0.165161,11.671594,3.72682
4,0.044685,0.377952,0.232172,15.322049,8.015656
5,0.753833,1.530199,1.441216,21.450066,22.23334
6,2.347823,3.244243,3.192141,29.227581,39.166363
7,3.809193,5.118139,5.072978,30.057903,55.199756
8,5.328567,6.697427,6.132218,48.194014,74.464974
