,TRM,RLS,TRHS,GHS,LR
0,0.050962,0.12993,0.15593,12.210643,5.126948
1,0.05598,0.207885,0.192904,14.470952,8.571246
2,0.053986,0.214891,0.308843,15.120911,9.758528
3,0.066966,0.406792,0.424763,16.562193,19.108493
4,0.088964,1.33627,0.80955,24.49737,48.697687
5,2.692501,4.337603,4.246643,55.690063,154.412974
6,8.307389,10.425209,10.937087,80.301531,265.919717
7,14.338188,15.712248,16.56077,96.576437,374.139385
8,20.859296,27.12789,23.390981,111.265106,798.007101
