,TRM,RLS,TRHS,GHS,LR
0,0.053342,0.113551,0.117427,20.478453,2.941674
1,0.038559,0.170487,0.123041,20.655309,4.907013
2,0.04246,0.193496,0.155938,21.570249,6.708413
3,0.046048,0.265921,0.20528,25.258215,11.43005
4,0.063169,0.513958,0.422237,30.512066,27.027839
5,1.142702,8.34497,6.104929,265.913743,66.892722
6,2.428315,11.918345,11.732498,369.561026,107.445323
7,3.316538,16.819352,13.419967,535.514972,176.693013
8,4.373722,26.987173,19.136789,672.840456,269.069881
