,TRM,RLS,TRHS,GHS,LR
0,0.025991,0.049967,0.071975,14.716562,1.578148
1,0.01848,0.090205,0.073151,15.161218,2.237008
2,0.037973,0.167905,0.131942,15.217809,3.225755
3,0.032982,0.226868,0.186923,16.280485,5.253262
4,0.046989,0.25486,0.339738,18.614426,16.174016
5,0.747404,6.164754,4.712439,121.894317,34.770664
6,1.453656,9.015449,7.486037,216.729146,57.847819
7,2.141547,18.085822,11.164634,313.460092,84.614957
8,2.855918,26.915402,11.613593,399.876801,124.331094
