,TRM,RLS,TRHS,GHS,LR
0,0.035964,0.091965,0.079953,15.430373,3.054131
1,0.051595,0.114902,0.120478,15.987646,4.002074
2,0.04099,0.242864,0.184912,16.063315,5.90858
3,0.060968,0.273846,0.203902,17.150484,9.977637
4,0.073138,0.625245,0.46617,19.789356,26.467649
5,1.300848,7.964655,6.625303,206.05173,65.09223
6,2.563486,18.203632,12.911089,385.68432,120.048323
7,3.819263,31.965069,15.475868,567.147971,180.138544
8,5.002852,25.840174,25.734952,735.084886,260.066093
