,TRM,RLS,TRHS,GHS,LR
0,0.005128,0.195693,0.197769,10.110797,0.129888
1,0.006771,0.332353,0.161227,2.537964,0.166428
2,0.008163,0.349584,0.22082,11.432877,0.285904
3,0.023836,1.101802,0.462799,19.71692,0.60956
4,0.148225,1.970452,0.72247,45.289012,1.110951
5,0.270534,3.464799,4.485066,86.604315,1.58675
6,0.393282,9.895196,3.826022,125.268368,2.303919
