,TRM,RLS,TRHS,GHS,LR
0,0.036481,0.079423,0.07139,12.082625,1.874329
1,0.032849,0.093572,0.079005,92.683124,1.995934
2,0.035291,0.100353,0.173296,74.617352,3.176503
3,0.039483,0.178366,0.172215,8.189354,4.858934
4,0.056681,0.489191,0.35141,11.051568,12.43159
5,1.540462,11.121932,7.89626,220.918899,31.167445
6,3.906689,39.323973,15.592816,467.430163,54.217172
7,6.207972,43.887849,24.907907,714.371058,79.950525
8,8.493146,68.789529,69.062438,978.955461,109.050561
