,TRM,RLS,TRHS,GHS,LR
0,0.091961,0.127943,0.159926,17.96173,6.581271
1,0.099513,0.162139,0.229877,18.704534,8.943458
2,0.154574,0.226139,0.321835,19.224881,14.413821
3,0.131926,0.373809,0.286364,20.663421,24.056232
4,0.127181,0.66112,0.648641,25.0227,68.180997
5,0.172798,1.467681,1.968897,33.322682,268.546141
6,1.323468,10.042172,7.272039,215.954823,545.884997
7,3.732775,27.359727,23.015796,573.928626,5827.67945
8,6.188997,44.581766,31.899446,918.580856,11160.482296
