,TRM,RLS,TRHS
0,0.019458,0.068593,0.060834
1,0.015906,0.051831,0.051252
2,0.024744,0.143725,0.11717
3,0.036128,0.178446,0.276071
4,0.054121,0.4262,0.385624
5,0.998262,2.34639,1.385219
6,1.724401,2.084718,1.984966
7,2.358057,3.02485,3.400319
8,3.354679,4.417163,3.750134
