,TRM,RLS,TRHS,GHS,LR
0,0.025,0.050065,0.049796,14.700887,1.529818
1,0.018517,0.104638,0.071909,14.99854,1.957788
2,0.028979,0.119946,0.098956,15.240312,2.811332
3,0.031995,0.186766,0.145348,15.939734,5.128518
4,0.045992,0.355814,0.29083,18.064172,12.583905
5,0.758874,4.584485,3.015423,110.558726,30.129585
6,1.486714,11.781201,7.511901,219.488372,51.317985
7,2.120869,15.383866,8.760255,302.411862,76.618204
8,2.845847,23.424077,14.607815,370.263474,105.050311
