,TRM,RLS,TRHS,GHS,LR
0,0.044996,0.131601,0.096891,21.615634,1.758113
1,0.028853,0.104157,0.067209,15.755736,2.357839
2,0.029712,0.157077,0.113434,16.031103,3.181362
3,0.033697,0.154248,0.149471,17.095701,5.143857
4,0.050083,0.394587,0.326496,19.641939,13.590284
5,0.736278,5.33133,3.793121,119.865733,32.540438
6,1.426416,10.222706,7.303084,236.722188,54.813257
7,2.128502,15.322153,13.161446,349.819479,91.685211
8,2.829275,23.27887,17.440833,553.731924,122.948591
