,TRM,Local Ratio,GHS,RHS,TRHS
0,0.082328,11.980413,42.662361,0.872145,0.697807
