,TRM,RLS,TRHS,GHS,LR
0,0.093735,0.286807,0.190249,15.036721,10.078195
1,0.074977,0.214085,0.175808,17.405416,11.528425
2,0.084105,0.357081,0.262581,14.559746,21.015108
3,0.104064,0.430112,0.442825,17.235434,36.086326
4,0.112413,1.089629,1.046069,46.020999,84.435916
5,2.018282,5.187033,4.134956,95.156637,315.03973
6,11.495741,13.972355,14.325057,107.812385,621.891378
7,20.479057,24.933074,24.881056,117.901675,1228.473055
8,30.016442,34.007369,34.172486,220.820359,2225.061874
