,TRM,RLS,TRHS,GHS,LR
0,0.044974,0.156927,0.121942,12.736892,4.823238
1,0.044973,0.231884,0.176912,13.816184,6.317611
2,0.050982,0.261845,0.221886,12.212008,9.159788
3,0.05697,0.39579,0.317834,20.171956,15.622711
4,0.082952,0.889657,0.673631,28.328861,39.090861
5,3.696901,6.309381,4.683331,42.744575,126.031038
6,8.43718,10.416052,9.744431,56.506656,198.227829
7,13.194465,16.478595,16.007859,70.785633,318.858215
8,18.590389,20.24745,19.64477,130.249933,474.259635
