,TRM,Local_Ratio,RLS,UGA_RLS,TRHS
0,6.874582,112.883184,12.458567,92.919926,8.686953
1,4.812197,85.72897,7.796384,102.528392,7.952624
2,2.812335,57.543248,5.640271,65.402558,5.796491
3,0.765577,36.524309,4.155982,48.967539,2.468609
4,0.046873,12.546096,1.12493,26.076469,0.859321
