,TRM,RLS,TRHS,GHS,LR
0,0.025996,0.078967,0.06398,10.571652,1.430272
1,0.024989,0.106944,0.089965,10.756947,2.05515
2,0.02699,0.086967,0.112925,11.355548,2.686533
3,0.031982,0.203888,0.19989,12.763839,4.865957
4,0.042965,0.660641,0.334806,18.368992,11.576177
5,1.260292,1.930918,2.173796,26.265195,30.065805
6,3.499036,3.753906,4.051727,38.135722,48.508147
7,4.913256,5.817719,5.701813,34.884013,69.344587
8,7.390863,8.309326,8.048494,49.700873,113.188962
