,TRM,RLS,TRHS,GHS,LR
0,0.008328,0.665635,0.343711,14.382416,0.203315
1,0.009596,0.764748,0.390415,13.711444,0.340245
2,0.012219,0.938547,0.475893,15.491313,0.461721
3,0.014736,1.60858,0.813449,21.137211,1.020408
4,0.190186,4.212018,2.273496,61.767737,2.328131
5,0.454053,7.731912,7.79161,147.424868,3.738834
6,0.705527,11.899874,6.63907,198.525703,5.239658
