,TRM,RLS,TRHS,GHS,LR
0,0.055988,0.137942,0.135929,13.507871,5.74557
1,0.056968,0.230879,0.188917,13.112163,7.882493
2,0.08396,0.311853,0.248857,14.911184,11.922351
3,0.068964,0.336837,0.404793,21.168071,19.850627
4,0.102965,0.897523,0.885548,27.516216,58.785881
5,1.558384,3.955934,2.867496,68.509146,209.451881
6,8.0078,10.720235,10.177415,84.998218,342.753362
7,14.577293,16.639199,16.818117,62.410711,502.742413
8,21.92836,25.27558,26.697824,137.01914,968.208096
