,TRM,RLS,TRHS,GHS,LR
0,0.169216,0.134645,0.118212,6969.699762,3.172618
1,0.05143,0.128814,0.138959,2341.318645,3.386595
2,0.052645,0.192583,0.14719,8.906047,4.744493
3,0.053389,0.305279,0.245589,10.276322,8.041153
4,0.084255,0.558495,0.87708,13.20779,20.695801
5,2.991268,24.486422,15.189223,368.432812,57.380965
6,6.587163,40.102405,26.687455,741.148662,96.944454
7,10.251012,61.438672,51.447515,1099.517241,153.108312
8,13.884512,97.659115,69.032867,1529.956724,215.698975
