,TRM,RLS,TRHS,GHS,LR
0,0.018526,0.05281,0.075019,10.19059,1.101056
1,0.019395,0.068501,0.075106,10.194544,1.533286
2,0.018522,0.134156,0.084023,10.565734,2.269537
3,0.023624,0.153946,0.149693,12.450606,3.518952
4,0.034274,0.400358,0.37084,15.605885,8.891246
5,0.867179,1.923805,1.348926,20.058946,21.930753
6,2.413767,3.032176,2.843857,29.324997,39.137104
7,3.988756,5.319473,4.809075,39.824383,55.065137
8,5.461718,6.49337,5.996945,35.329089,75.301207
