,TRM,RLS,TRHS,GHS,LR
0,0.042172,0.119211,0.131643,11.13248,2.787606
1,0.03627,0.131646,0.131944,10.974054,3.557055
2,0.050215,0.189361,0.170169,13.649524,5.222806
3,0.060622,0.321396,0.23722,16.106488,8.619426
4,0.076472,0.587997,0.475397,20.199003,20.535918
5,1.4168,2.683044,2.794725,30.015567,66.563747
6,4.352677,5.991105,5.295215,46.193157,96.811183
7,7.608951,9.332596,8.629704,62.389264,159.356515
8,10.37199,11.97348,11.936195,72.191532,204.091043
