,TRM,RLS,TRHS,GHS,LR
0,0.018505,0.089104,0.05822,5.786433,1.50476
1,0.018391,0.089205,0.082164,14.798295,1.921264
2,0.028001,0.098961,0.075957,15.067138,2.79826
3,0.018498,0.203747,0.116955,16.066505,4.827983
4,0.034217,0.421562,0.339469,18.326158,12.468575
5,0.753694,6.208661,2.999343,118.445703,30.055138
6,1.448699,11.831798,6.224871,224.112417,51.118816
7,2.141113,15.357704,9.049292,294.434704,78.815863
8,2.867674,20.943305,14.627453,374.130887,105.45155
