,TRM,RLS,TRHS,GHS,LR
0,0.030999,0.044997,0.078957,14.787512,1.516259
1,0.033003,0.079972,0.062965,14.911692,1.886939
2,0.045978,0.081967,0.094956,15.288246,2.669587
3,0.049969,0.196903,0.121933,15.675683,4.514169
4,0.061948,0.254873,0.217893,17.460277,11.017841
5,0.185914,1.59314,1.034287,42.733382,33.888619
6,0.819565,5.901777,4.386589,135.305981,53.619274
7,1.455948,10.690598,9.404866,226.041643,77.921883
8,2.425681,13.082812,8.526318,322.812963,108.571831
