,TRM,RLS,TRHS,GHS,LR
0,0.039098,0.11383,0.109219,15.464439,3.198633
1,0.035176,0.12051,0.129884,15.806863,4.218137
2,0.051905,0.243323,0.144328,16.176433,6.338836
3,0.042259,0.159621,0.161128,17.746438,10.166872
4,0.079663,0.66107,0.618572,21.207592,28.252899
5,1.344038,9.565818,6.839395,201.798231,67.825422
6,2.60401,21.350731,16.084268,404.018215,119.63862
7,3.853689,23.722348,15.653345,588.374265,194.451957
8,5.123143,36.491615,26.225021,746.934989,268.290968
