,TRM,RLS,TRHS,GHS,LR
0,0.074653,0.226898,0.17895,13.785124,9.783486
1,0.069509,0.322604,0.299013,14.689146,13.293909
2,0.069421,0.31291,0.391941,16.818563,20.067228
3,0.084989,0.636849,0.688646,27.758633,33.181256
4,0.140634,1.508332,1.392404,33.417056,93.741302
5,3.784368,6.431124,5.467764,62.178371,349.636472
6,13.224541,16.546122,15.161833,117.731298,608.009417
7,22.358428,25.233052,26.551091,156.309523,1301.844984
8,32.069378,36.234181,34.492755,238.438482,2235.228694
