,TRM,Local_Ratio,RLS,UGA_RLS,TRHS
0,2.046766,20.561418,3.007321,36.722431,2.656103
1,1.484274,14.762148,2.31236,25.623457,1.999884
2,0.890576,10.733725,1.578046,19.373827,1.359294
3,0.359353,6.608977,0.812452,21.233095,0.843699
4,0.01563,2.484226,0.578083,14.374122,0.37499
