,TRM,Local Ratio,GHS,RHS,TRHS
0,0.111757,26.895923,74.188585,1.683829,0.772019
