,TRM,RLS,TRHS,GHS,LR
0,0.08097,0.136154,0.135036,12.042711,3.848044
1,0.051981,0.181782,0.204902,11.415684,5.248611
2,0.051888,0.319381,0.248392,14.090849,7.38969
3,0.054136,0.310286,0.422819,16.551117,12.440957
4,0.077966,1.069941,0.654264,29.082008,32.27174
5,3.533154,4.938617,5.112374,50.627534,86.549974
6,7.696463,9.202984,9.424251,75.24262,163.677793
7,12.21902,14.498221,13.544896,66.579919,258.54304
8,16.539604,20.239513,18.611041,100.888101,401.076665
