,TRM,RLS,TRHS,GHS,LR
0,0.018622,0.070848,0.051633,14.698816,1.535857
1,0.029722,0.07121,0.110311,14.9074,1.974193
2,0.052194,0.103958,0.072364,15.070205,2.828991
3,0.023609,0.155878,0.15809,15.9688,4.906989
4,0.04765,0.513975,0.475551,18.573641,12.404988
5,0.694699,3.510513,3.635183,117.658419,27.991837
6,1.358202,8.422092,5.532996,196.276007,49.963542
7,2.013376,12.355788,8.306054,295.236072,74.508204
8,2.714803,19.446418,13.877257,386.99041,98.788894
