,TRM,RLS,TRHS,GHS,LR
0,0.018394,0.087002,0.07888,15.387018,1.582611
1,0.018302,0.106379,0.085108,14.271716,2.22252
2,0.026391,0.107187,0.136455,15.205097,3.111058
3,0.01934,0.250123,0.187083,16.728637,5.246192
4,0.040212,0.437762,0.309313,19.303541,13.69417
5,0.750651,5.409868,4.69084,118.559022,32.528378
6,1.461726,7.333244,7.390977,204.837852,56.29594
7,2.163747,15.444889,11.011069,323.936352,82.576959
8,2.843965,14.502851,14.605225,409.325702,113.64777
