,TRM,RLS,TRHS,GHS,LR
0,0.025989,0.080969,0.073969,14.919102,1.591838
1,0.026985,0.134928,0.086967,14.966211,2.235171
2,0.019505,0.139304,0.110696,15.242903,3.252461
3,0.024397,0.297994,0.150161,16.525035,5.289406
4,0.047995,0.353814,0.303838,18.429324,14.169492
5,0.779421,4.848403,4.217594,128.674861,32.139018
6,1.577517,12.715357,7.851478,228.957775,55.831458
7,2.253871,14.013316,9.38825,339.279109,86.361987
8,3.019239,21.804819,12.705249,445.574857,115.406179
