,TRM,RLS,TRHS,GHS,LR
0,0.030002,0.094952,0.059051,14.921586,2.262852
1,0.01847,0.108921,0.086968,15.294209,3.06143
2,0.034085,0.113089,0.159215,15.776558,4.274803
3,0.038995,0.226885,0.128941,16.798102,7.208067
4,0.055987,0.533591,0.473655,19.312378,20.319894
5,1.059051,7.083541,5.251256,163.058344,46.746295
6,1.922362,9.890974,10.03379,282.203045,85.420815
7,3.076977,14.61019,14.797976,425.290286,120.40643
8,3.757097,19.121517,15.423892,554.022737,173.30076
