,TRM,Local_Ratio,RLS,UGA_RLS,TRHS
0,11.171225,253.473924,18.795979,106.287656,15.139907
1,7.78088,183.109396,13.374329,185.705309,11.108793
2,4.296648,114.400297,11.64,83.160312,8.390189
3,0.906213,75.948968,5.20286,63.105929,4.249764
4,0.078125,23.201102,1.687417,31.770236,1.31244
