,TRM,RLS,TRHS,GHS,LR
0,0.024986,0.075958,0.068963,9.366944,1.599259
1,0.027986,0.093964,0.10396,10.867948,2.289743
2,0.029983,0.125948,0.153898,11.962745,3.237313
3,0.034997,0.222895,0.144921,13.000476,5.007261
4,0.046986,0.394796,0.441756,15.162255,12.413128
5,1.173369,1.93694,2.051632,22.708332,30.831155
6,3.160274,4.404592,3.838906,34.656682,52.483544
7,5.13118,6.731304,6.291542,28.545902,78.905486
8,6.879233,8.404358,8.059732,39.972655,100.055158
