,TRM,RLS,TRHS,GHS,LR
0,0.084842,0.147642,0.086414,110.425263,2.422689
1,0.044943,0.15057,0.135633,158.517546,3.401331
2,0.059476,0.24623,0.123532,90.847846,4.774866
3,0.071404,0.351502,0.332235,9.610182,7.922149
4,0.084289,0.663112,0.759001,13.518408,22.312533
5,3.156862,20.230632,15.712099,396.543862,57.098584
6,6.419399,44.974323,25.915941,726.81099,95.314022
7,9.731751,68.836898,39.34531,1046.207293,144.182691
8,13.020584,65.746219,52.891556,1503.843776,199.405585
