,TRM,RLS,TRHS,GHS,LR
0,0.026356,0.067874,0.073648,24.894305,1.540122
1,0.02716,0.057329,0.080593,15.204868,1.782858
2,0.026089,0.09095,0.069624,15.286301,2.841383
3,0.02975,0.177827,0.167533,16.227588,4.193331
4,0.040807,0.30986,0.269696,18.172707,11.013133
5,0.605866,3.715169,2.458175,99.657411,25.262818
6,1.177138,8.350429,5.973207,199.191331,44.563107
7,1.712228,10.541877,12.525775,309.881645,71.6778
8,2.427757,17.32066,12.213599,407.623723,89.871765
