,TRM,RLS,TRHS,GHS,LR
0,0.061966,0.142936,0.160924,13.141391,5.313876
1,0.047995,0.231868,0.200891,14.861293,7.032928
2,0.053971,0.245862,0.454746,17.914956,11.003255
3,0.062973,0.531714,0.472747,19.376125,20.331014
4,0.126943,1.037418,1.045413,27.25491,52.555754
5,4.563445,6.028599,5.77377,57.526693,137.33824
6,10.294229,12.974709,12.028216,65.802123,257.21395
7,15.991,18.680514,17.639098,101.313691,415.571583
8,21.970646,26.153312,23.714682,135.397828,678.536974
