,TRM,Local Ratio,GHS,RHS,TRHS
0,0.04098,8.721236,34.405882,0.656238,0.579127
