,TRM,Local Ratio,GHS,RHS,TRHS
0,0.149748,30.965855,71.789344,1.126686,1.259325
