,TRM,RLS,TRHS,GHS,LR
0,0.042167,0.121783,0.12565,10.753957,2.626509
1,0.059559,0.10131,0.105635,16.531215,2.78861
2,0.03282,0.141646,0.090623,16.439857,3.8064
3,0.037053,0.21695,0.207444,17.42654,6.319547
4,0.051158,0.68253,0.342442,20.179617,16.7262
5,0.867087,6.324772,5.34899,141.009548,39.929171
6,1.652997,10.215718,6.784661,259.471779,67.291639
7,2.462753,25.803328,17.972767,365.312974,100.55201
8,3.25078,23.716409,16.896183,494.618736,150.25615
