,TRM,RLS,TRHS,GHS,LR
0,0.074961,0.25888,0.254883,16.561931,9.421283
1,0.076968,0.300826,0.205938,16.076406,11.969474
2,0.081957,0.298844,0.311854,18.783184,18.161667
3,0.09495,0.707648,0.566707,22.908451,31.258441
4,0.128941,1.394272,1.327315,32.797047,88.558039
5,3.324285,5.925915,6.533598,61.638092,291.576169
6,12.248614,16.344608,15.167404,111.023782,593.485763
7,21.110862,24.473111,25.003833,145.422985,1117.892126
8,30.10596,35.454119,32.729903,149.564235,1880.629944
