,TRM,RLS,TRHS,GHS,LR
0,0.007221,0.400075,0.27066,3.510622,0.214281
1,0.008292,0.460881,0.316268,12.927972,0.278823
2,0.010447,0.747778,0.378959,15.545559,0.438189
3,0.014762,1.382244,0.70573,19.877016,0.841131
4,0.248616,3.282951,3.284797,78.888589,1.944498
5,0.453315,9.274998,5.895068,135.337741,3.098601
6,0.683034,11.61612,6.495512,224.245331,4.389227
