,TRM,Local Ratio,GHS,RHS,TRHS
0,0.309961,484.888235,353.626472,7.780683,4.779453
