,TRM,Local Ratio,GHS,RHS,TRHS
0,0.015625,0.406234,13.59337,0.125015,0.109368
