,TRM,RLS,TRHS,GHS,LR
0,0.018434,0.073792,0.079187,14.727689,1.611783
1,0.018406,0.12153,0.089735,15.013799,2.153308
2,0.033455,0.121687,0.093829,15.377907,3.010596
3,0.018501,0.155449,0.147384,15.902613,5.038311
4,0.063302,0.383095,0.301454,18.786337,15.310228
5,0.789985,4.744478,4.824077,120.594774,30.736334
6,1.502508,10.83862,7.637831,233.997389,53.018944
7,2.197694,18.217658,8.967183,327.59477,79.759093
8,2.929265,24.056581,11.808364,409.212128,109.810686
