,TRM,RLS,TRHS,GHS,LR
0,0.018558,0.108849,0.134412,11.430314,2.629506
1,0.01952,0.141142,0.140001,12.121249,3.865576
2,0.036039,0.162517,0.186681,13.10175,5.565931
3,0.047196,0.26177,0.253501,14.123541,9.285654
4,0.050717,0.859666,0.662189,19.916818,25.345784
5,2.671493,3.533451,3.22762,31.168887,61.824732
6,6.019659,7.254365,6.95945,59.785231,115.852979
7,9.448205,12.242474,11.168689,53.757824,178.271987
8,12.5946,15.41271,14.169553,91.111811,239.358722
