,TRM,RLS,TRHS,GHS,LR
0,0.066017,0.118762,0.107347,21.418606,2.888828
1,0.048551,0.124741,0.096554,19.124628,4.29409
2,0.050572,0.125005,0.11352,19.648023,5.364191
3,0.05179,0.295094,0.137419,19.54735,8.884082
4,0.067789,0.407333,0.341493,24.777967,23.580358
5,1.030214,8.465724,4.139424,125.928984,62.895684
6,1.578167,14.826118,3.234897,267.172761,102.791676
7,2.650993,16.232133,16.198914,426.036312,176.093083
8,3.65109,22.583873,18.805963,595.517223,244.789483
