,TRM,RLS,TRHS,GHS,LR
0,0.040666,0.108019,0.105501,15.656221,3.042413
1,0.053489,0.20076,0.101567,15.835546,4.429531
2,0.063749,0.166479,0.197591,16.44382,5.914427
3,0.053361,0.233435,0.205695,17.312151,9.685138
4,0.079462,0.607355,0.304832,21.622902,27.621566
5,1.255274,9.109792,6.519975,199.735085,67.282675
6,2.406478,15.030673,9.967076,350.428464,126.633045
7,3.600575,25.867496,22.547937,544.543595,179.262583
8,4.785823,39.42086,19.438938,685.438454,269.316051
