,TRM,RLS,TRHS,GHS,LR
0,0.010369,0.699606,0.549935,10.772685,0.255107
1,0.010373,1.015562,0.264851,11.404787,0.318136
2,0.015359,1.080386,0.554525,10.835229,0.365873
3,0.013993,1.725373,1.055074,18.522349,0.632516
4,0.019994,2.253102,1.699315,9.134552,1.412944
5,0.231372,5.698554,3.083822,47.401483,3.442929
6,0.592681,10.610923,6.00014,108.579402,5.81389
7,0.946001,12.396243,12.750237,175.408283,8.203747
8,1.359644,22.498729,12.766008,229.013945,11.313094
