,TRM,RLS,TRHS,GHS,LR
0,0.043441,0.092391,0.112044,16.984934,3.0911
1,0.044386,0.112112,0.122229,17.317053,4.521375
2,0.044342,0.145106,0.151275,17.781762,6.466636
3,0.049916,0.272598,0.238241,18.915012,10.43728
4,0.068065,0.597519,0.425407,24.073236,27.602486
5,1.118642,8.215769,5.826516,188.94,68.212279
6,2.337647,19.349125,11.99137,370.55952,130.821962
7,3.610088,25.738063,18.231512,552.884979,201.042373
8,4.764188,29.915156,19.598041,830.07262,327.393152
