,TRM,Local Ratio,GHS,RHS,TRHS
0,0.018953,1.273555,16.439562,0.179458,0.137241
