,TRM,RLS,TRHS,GHS,LR
0,0.042976,0.191058,0.103789,15.227868,2.569819
1,0.039793,0.088013,0.100226,15.617538,3.493064
2,0.036975,0.164039,0.119442,16.021421,5.191507
3,0.048796,0.256852,0.219155,17.413261,8.647479
4,0.074265,0.594349,0.301711,20.27613,22.555315
5,1.162076,5.870289,6.033082,173.939607,56.750489
6,2.24421,13.79551,13.967065,336.017483,98.736385
7,3.346916,23.884571,13.73254,474.502569,150.712785
8,4.620216,31.872618,17.854175,628.379267,212.483916
