,TRM,RLS,TRHS,GHS,LR
0,0.018494,0.073295,0.086686,14.828749,1.729136
1,0.034673,0.061968,0.087952,14.988754,2.402204
2,0.020075,0.159138,0.096449,15.435876,3.356928
3,0.03889,0.166949,0.152184,16.065686,5.631887
4,0.03916,0.455418,0.248973,18.652527,19.772363
5,0.784469,4.941484,3.318444,126.993357,37.034762
6,1.603377,9.595111,8.017896,238.483732,85.613573
7,2.343151,14.240498,14.349208,334.211458,95.090815
8,3.089405,25.314824,12.575461,428.974672,1415.517846
