,TRM,RLS,TRHS,GHS,LR
0,0.018548,0.091266,0.066967,15.100054,2.193457
1,0.025127,0.123835,0.109846,15.300852,2.698793
2,0.018545,0.140477,0.088384,15.832619,4.202163
3,0.049848,0.226092,0.18133,16.611984,6.71864
4,0.062043,0.617231,0.368282,19.12961,17.939369
5,0.974785,7.016975,6.114935,163.526041,44.400421
6,1.862371,13.505764,13.698464,279.446206,75.43241
7,2.814865,16.880867,14.387042,402.094565,116.336065
8,3.670592,30.67872,23.08223,538.015697,158.622153
