,TRM,Local Ratio,GHS,RHS,TRHS
0,0.275379,233.358628,213.035805,5.237849,5.495962
