,TRM,RLS,TRHS,GHS,LR
0,0.001177,0.469857,0.154918,16.193248,0.140747
1,0.002232,0.488927,0.32382,15.063058,0.177358
2,0.001168,0.761213,0.381787,14.254021,0.284522
3,0.001304,0.934512,0.717356,15.124772,0.410254
4,0.015012,1.757094,2.484898,21.280981,1.035499
5,0.225422,4.653942,3.449105,80.712398,2.80394
6,0.48306,7.984861,4.452705,141.25297,3.98474
7,0.891571,12.359119,3.516713,213.533846,5.531627
8,0.988155,13.188063,9.469031,284.09761,7.516382
