,TRM,RLS,TRHS,GHS,LR
0,0.036978,0.117949,0.129925,12.018091,3.953122
1,0.038993,0.181874,0.159907,13.138562,5.154361
2,0.041974,0.247869,0.208892,15.26808,7.863175
3,0.050989,0.444758,0.315819,19.823709,12.61908
4,0.072972,1.153352,0.88048,29.790276,33.097036
5,3.73302,4.911179,4.588351,47.626492,94.749265
6,7.906471,10.115206,8.927881,59.958458,160.213671
7,12.471846,15.196278,14.316784,66.245495,247.508729
8,15.932876,18.316495,17.811793,91.275651,335.869639
