,TRM,RLS,TRHS,GHS,LR
0,0.018606,0.070642,0.066721,10.237531,1.414741
1,0.018576,0.086061,0.121343,10.075686,1.840876
2,0.034009,0.115547,0.11353,11.459776,2.742445
3,0.019471,0.232855,0.203153,12.263605,4.058184
4,0.037192,0.470869,0.436101,16.840043,11.165145
5,1.296618,1.979838,2.047904,24.505151,27.321112
6,3.142981,3.854802,3.798391,31.588405,48.474308
7,4.993785,6.612835,6.314123,29.266916,72.165544
8,6.924543,8.700365,7.739579,51.500977,105.346295
