,TRM,RLS,TRHS,GHS,LR
0,0.034212,0.113742,0.097663,15.840286,2.946746
1,0.036988,0.157906,0.114952,15.58061,4.016343
2,0.03408,0.138025,0.150137,16.129885,5.363715
3,0.045979,0.204884,0.25586,17.436389,9.259256
4,0.050436,0.483351,0.412043,20.074569,24.552726
5,1.170208,9.896653,6.293789,185.312378,62.408888
6,2.262439,16.76327,9.351442,342.87581,115.451005
7,4.058234,26.133857,18.403431,497.089134,167.54737
8,4.532978,42.300521,28.49093,661.528884,242.938998
