,TRM,RLS,TRHS,GHS,LR
0,0.018413,0.087724,0.052363,5.884709,1.446839
1,0.010132,0.066168,0.078046,15.152855,1.834826
2,0.026998,0.142934,0.098944,15.146738,2.653707
3,0.018482,0.186954,0.140968,15.907653,4.653191
4,0.034032,0.344228,0.281854,18.317889,11.465184
5,0.690579,5.141084,2.821765,115.827015,29.467113
6,1.339996,8.474616,6.875066,203.122562,47.824939
7,2.001812,12.390209,8.15652,305.101359,69.147527
8,2.640657,22.093867,13.687309,408.883091,94.772386
