,TRM,RLS,TRHS,GHS,LR
0,0.034353,0.109698,0.083855,11.019703,2.203498
1,0.034163,0.095345,0.129129,10152.401798,2.865711
2,0.075295,0.171566,0.166997,181.176895,3.208575
3,0.049365,0.199187,0.191269,262.257956,5.217037
4,0.062602,0.530912,0.361934,13.951814,12.38898
5,1.53737,12.725898,7.7452,235.288987,40.171551
6,3.93977,27.511848,27.691694,459.410522,56.605765
7,6.242291,37.473623,31.343047,777.15638,83.464168
8,8.646361,70.970834,52.302579,1069.158025,121.099348
