,TRM,RLS,TRHS,GHS,LR
0,0.02928,0.07313,0.083659,9.624337,2.240119
1,0.030043,0.091651,0.100504,15.721118,3.091078
2,0.032733,0.200485,0.121542,16.16712,4.033806
3,0.037862,0.176025,0.215264,17.510052,6.692518
4,0.052967,0.509092,0.461073,20.394858,18.965458
5,0.900546,8.468054,3.72269,157.409124,42.157863
6,1.74727,14.543444,7.183145,285.530887,73.538898
7,2.612929,18.84661,16.137744,425.982363,115.224466
8,3.422036,25.00482,14.301549,634.57669,164.813026
