,TRM,RLS,TRHS,GHS,LR
0,0.026349,0.090954,0.094554,14.50562,2.087478
1,0.020947,0.108203,0.11167,13.951186,2.55862
2,0.018404,0.110971,0.116993,15.710729,3.926311
3,0.042166,0.162637,0.200602,16.366829,6.31849
4,0.061805,0.474667,0.246022,19.741324,18.063635
5,0.880406,5.43589,4.552897,147.12641,43.546187
6,1.730168,14.145394,14.324354,257.538444,73.340325
7,2.580723,15.660668,13.044254,367.954768,109.488408
8,3.393311,24.469096,13.848604,502.05142,154.281135
