,TRM,RLS,TRHS,GHS,LR
0,0.10734,0.302117,0.153102,9.987349,0.147616
1,0.007468,0.353526,0.169748,10.502532,0.15265
2,0.0079,0.346983,0.220617,11.84102,0.225727
3,0.010295,0.556865,0.561909,15.18884,0.488354
4,0.118146,2.221437,1.727803,43.975503,0.946759
5,0.230533,4.758628,2.199193,70.015915,1.48586
6,0.351014,5.881944,3.286759,106.377097,2.083652
