,TRM,RLS,TRHS,GHS,LR
0,0.020273,0.055414,0.096328,14.849257,1.482662
1,0.036359,0.080147,0.089382,14.700586,1.906639
2,0.050052,0.079199,0.118619,15.327337,2.690293
3,0.022924,0.140089,0.142347,14.968531,4.474293
4,0.035213,0.417282,0.197421,18.095444,11.519711
5,0.65771,4.045012,4.14042,111.474361,29.209157
6,1.275227,7.792314,5.224842,195.15395,47.318193
7,1.900098,13.63889,7.72976,267.49376,71.4269
8,2.509351,23.440679,10.187714,375.481477,94.546047
