,TRM,Local Ratio,GHS,RHS,TRHS
0,0.123518,43.283156,107.556756,2.573415,1.58702
