,TRM,RLS,TRHS,GHS,LR
0,0.026858,0.067592,0.076205,17.367165,1.56276
1,0.026346,0.076148,0.077297,15.627782,1.789675
2,0.025739,0.117836,0.074617,16.066929,2.747281
3,0.031129,0.165434,0.136723,16.34467,4.282709
4,0.041283,0.398447,0.279374,18.859908,10.500665
5,0.628442,4.422398,2.526533,106.98828,24.608021
6,1.180191,8.521134,4.827723,182.389381,41.710497
7,1.76986,12.783635,9.143889,279.015573,61.502022
8,2.348624,15.715433,9.501081,367.397343,87.518135
