,TRM,RLS,TRHS,GHS,LR
0,0.032,0.096941,0.116922,15.156525,2.353923
1,0.033998,0.166848,0.10494,15.378138,3.302996
2,0.035961,0.158923,0.130921,16.335564,5.388864
3,0.03105,0.369881,0.228888,17.27709,8.309434
4,0.057978,0.431771,0.376689,20.710441,22.966058
5,1.049346,7.820048,4.374772,168.984583,52.165762
6,2.044724,22.858303,10.677816,318.443334,92.302342
7,3.037853,19.167854,12.912835,470.581633,141.505238
8,4.0762,33.350779,16.632756,594.943541,201.755478
