,TRM,RLS,TRHS,GHS,LR
0,0.025253,0.048585,0.068334,15.522394,1.640131
1,0.02483,0.07115,0.05945,12.129532,2.368282
2,0.029085,0.125821,0.078704,16.374794,2.695684
3,0.03083,0.209494,0.13491,16.562765,4.312342
4,0.042883,0.403094,0.284039,18.717961,11.008203
5,0.633459,4.659924,3.316231,111.612478,27.813312
6,1.248456,8.834439,6.369224,201.79605,44.69164
7,1.82179,11.247399,9.40484,333.505612,69.159999
8,2.508064,15.736933,13.174168,433.385012,90.769103
