,TRM,RLS,TRHS,GHS,LR
0,0.018326,0.074082,0.054962,14.671254,1.430635
1,0.025005,0.072969,0.090948,15.338393,1.868185
2,0.028005,0.092951,0.097961,15.090711,2.662807
3,0.031993,0.184879,0.13794,15.613686,4.495358
4,0.043995,0.580687,0.278857,18.261615,11.813824
5,0.669636,4.098894,3.609669,115.05461,26.914624
6,1.343226,10.713976,5.271057,188.29866,45.924892
7,1.921934,11.936305,16.437462,283.214383,69.215489
8,2.548571,18.389689,13.311675,329.205839,99.06829
