,TRM,RLS,TRHS,GHS,LR
0,0.047809,0.113707,0.113811,15.130198,3.003919
1,0.049313,0.161164,0.115644,15.08302,4.263516
2,0.036453,0.196618,0.220029,16.027299,5.865843
3,0.035039,0.218659,0.308862,17.22325,9.826037
4,0.062278,0.610849,0.566527,20.685948,26.787991
5,1.228992,8.802225,11.563254,200.74701,65.496325
6,2.382252,12.140134,24.878985,374.787778,119.204122
7,3.549113,29.200046,18.14321,519.668443,185.717248
8,4.732528,28.933031,19.117488,677.500002,256.391782
