,TRM,RLS,TRHS,GHS,LR
0,0.033,0.097944,0.070977,15.21837,2.418172
1,0.018474,0.110689,0.092235,15.46936,3.248391
2,0.04713,0.163383,0.196878,16.171458,4.856587
3,0.034079,0.209948,0.187901,16.938963,8.646604
4,0.058949,0.489747,0.383706,19.614619,22.346069
5,1.114852,6.755134,7.113563,174.201015,58.454957
6,2.152785,17.856885,11.013137,317.827847,94.211511
7,3.197567,29.688891,12.98586,454.441687,145.878942
8,4.258273,21.57175,17.627227,590.252223,200.634554
