,TRM,RLS,TRHS,GHS,LR
0,0.031005,0.075969,0.068967,15.307869,2.307407
1,0.033005,0.094972,0.078957,15.234944,3.208429
2,0.034996,0.156925,0.125957,15.567461,4.836142
3,0.040991,0.187929,0.225896,16.599046,8.605962
4,0.073969,0.421819,0.575711,19.330627,22.869059
5,1.020506,7.752367,6.341011,159.209787,54.946414
6,1.98707,16.371275,16.721134,290.495489,90.913236
7,2.965586,18.656077,18.508147,437.282966,143.20435
8,3.921113,33.175941,24.578088,618.683371,201.977189
