,TRM,RLS,TRHS,GHS,LR
0,0.035005,0.161506,0.102582,11.556989,3.146559
1,0.042963,0.13692,0.122951,10.918193,4.750221
2,0.043979,0.23689,0.17692,12.457569,6.499931
3,0.051992,0.430784,0.264858,16.319911,11.636402
4,0.072977,0.704628,0.538713,25.459867,29.224861
5,1.971948,3.568079,2.852478,34.680111,77.68648
6,5.947826,7.806991,6.851346,56.852023,135.874901
7,9.640855,12.527299,10.579346,59.928288,223.703866
8,13.343854,15.507695,15.61264,90.148563,317.945405
