,TRM,Local Ratio,GHS,RHS,TRHS
0,0.0,0.015638,11.327748,0.0,0.015624
