,TRM,RLS,TRHS,GHS,LR
0,0.034997,0.112935,0.129915,15.416704,2.940022
1,0.036981,0.082967,0.089943,15.573242,3.962186
2,0.038994,0.174887,0.142927,15.917492,5.381624
3,0.044989,0.266841,0.199904,16.975115,9.365614
4,0.062968,0.512705,0.552706,20.266703,26.999105
5,1.1798,9.80005,4.774326,191.253192,66.896942
6,2.508593,19.531038,9.946413,348.004048,112.417958
7,3.415095,21.579888,21.479933,489.598559,173.859895
8,4.516467,27.83829,18.43362,665.622122,258.374208
