,TRM,RLS,TRHS,GHS,LR
0,0.025985,0.072974,0.069969,10.12335,1.643644
1,0.024986,0.08097,0.073954,10.644395,1.811355
2,0.028996,0.197904,0.115947,11.269152,2.708517
3,0.030999,0.19789,0.159931,12.108864,4.355088
4,0.046983,0.535702,0.423765,16.852318,11.759322
5,1.041434,1.621114,1.556135,18.843133,27.485577
6,3.045326,4.082737,3.529043,28.2847,52.965817
7,4.844322,5.739802,5.79379,47.389149,78.867352
8,7.042082,8.408335,8.334349,42.977616,110.714565
