,TRM,RLS,TRHS,GHS,LR
0,0.002175,0.042965,0.015978,8.196182,0.0353
1,0.003335,0.038695,0.040216,7.95303,0.040473
2,0.003137,0.062773,0.04406,8.384787,0.043245
3,0.004687,0.110068,0.080079,8.53624,0.083869
4,0.023921,0.386295,0.274644,11.842556,0.182493
5,0.045371,0.497077,0.345418,16.221481,0.279992
6,0.05799,0.889876,0.251954,19.11293,0.33839
