,TRM,RLS,TRHS,GHS,LR
0,0.045059,0.162719,0.101892,21.372315,2.833569
1,0.035355,0.130249,0.116635,15.931858,3.618371
2,0.038765,0.130692,0.13821,16.337525,5.053297
3,0.043768,0.204337,0.19535,17.78297,8.758207
4,0.059252,0.582633,0.43678,21.200676,22.899734
5,1.103468,7.819996,4.419571,185.15858,58.864318
6,2.097437,15.190493,10.818092,432.473853,109.967049
7,3.240109,16.574994,16.630171,531.497978,161.159097
8,4.129298,29.974484,21.264434,611.70521,227.497194
