,TRM,RLS,TRHS,GHS,LR
0,0.028985,0.102956,0.078968,10.158889,2.109709
1,0.028985,0.103934,0.089967,11.437536,2.622506
2,0.033003,0.208881,0.14792,11.836632,3.982364
3,0.038979,0.229876,0.214899,12.50949,6.69905
4,0.053956,0.496735,0.548718,17.789329,16.335509
5,2.015899,3.091345,2.81749,31.287147,46.214591
6,4.689479,6.113691,5.483031,35.932438,79.020121
7,7.072188,8.171577,8.36947,43.460118,106.327143
8,10.127515,11.929534,11.219929,44.895269,170.812013
