,TRM,Local_Ratio,RLS,UGA_RLS,TRHS
0,14.208752,412.313033,27.781062,309.314061,20.337621
1,9.639218,277.053829,23.579688,160.477834,14.121257
2,4.933766,175.191673,10.65922,174.775923,11.928588
3,0.251399,103.181491,6.596116,62.441502,4.512228
4,0.081092,33.119991,2.643804,47.212478,1.779558
