,TRM,RLS,TRHS,GHS,LR
0,0.050728,0.266511,0.225017,12.872634,7.746431
1,0.106438,0.244674,0.279857,17.10983,10.791528
2,0.06635,0.545848,0.301087,18.213023,16.559566
3,0.093522,0.679588,0.506184,22.598197,28.315309
4,0.109206,2.238168,1.260774,43.987535,77.858451
5,3.828962,5.821138,5.635203,77.011844,254.850573
6,12.044742,15.24615,14.648641,124.762752,507.148089
7,20.292432,24.529437,22.810548,109.73834,946.779003
8,27.681014,30.369927,29.960768,172.567536,1532.047309
