,TRM,RLS,TRHS,GHS,LR
0,0.043479,0.171768,0.108146,21.769861,2.850066
1,0.03634,0.129921,0.092514,16.128312,3.762566
2,0.04021,0.139392,0.142161,16.792406,5.593705
3,0.044441,0.206565,0.196104,17.763152,10.58235
4,0.062108,0.853451,0.41873,21.613679,32.792303
5,1.110766,6.825136,6.951698,170.748138,651.623069
6,2.161284,13.284689,8.835132,336.031056,130.716005
7,3.197522,23.240398,13.104943,483.318678,200.841282
8,4.264782,26.456489,26.698425,657.978921,6471.059815
