,TRM,RLS,TRHS,GHS,LR
0,0.064385,0.16803,0.168497,13.915429,7.465386
1,0.061011,0.29361,0.30122,16.350118,9.39985
2,0.066895,0.403524,0.243714,19.387074,14.519628
3,0.092624,0.614437,0.429525,21.791471,23.980525
4,0.097608,2.290972,0.754359,43.41876,66.316553
5,6.010271,8.532918,7.797981,54.43875,193.020629
6,13.244407,16.838789,14.50526,79.75989,402.629329
7,20.444615,23.446195,22.431509,101.12616,692.308098
8,27.907108,30.543599,30.582406,188.346498,1217.072554
