,TRM,RLS,TRHS,GHS,LR
0,0.03698,0.106531,0.061966,14.892201,1.266387
1,0.038807,0.081036,0.081781,14.954678,1.648155
2,0.028003,0.113935,0.12293,15.442294,2.47464
3,0.040978,0.170905,0.131942,16.064316,4.055035
4,0.044992,0.307892,0.338649,17.91416,11.088734
5,0.593356,4.262666,3.678645,99.10205,25.800629
6,1.317933,9.711275,6.648367,180.945388,42.325557
7,1.753697,11.186478,11.027748,257.290002,65.395865
8,2.492181,20.259709,9.532657,344.492959,87.527132
