,TRM,RLS,TRHS,GHS,LR
0,0.024003,0.078951,0.055987,14.599827,1.45088
1,0.026006,0.055984,0.06198,14.643964,1.86569
2,0.021954,0.136643,0.104034,15.17741,2.701517
3,0.019862,0.235699,0.138936,15.809667,4.557067
4,0.048482,0.329031,0.298293,18.600485,11.974546
5,0.698017,5.036018,4.339036,113.657106,27.145
6,1.521104,8.184894,5.499526,206.179075,49.550591
7,2.018661,12.194907,10.515871,299.19267,72.552764
8,2.666577,19.348176,11.047086,376.669636,101.41066
