,TRM,RLS,TRHS,GHS,LR
0,0.018415,0.072173,0.056741,14.810539,1.577107
1,0.02599,0.093954,0.10595,14.902959,1.992969
2,0.023004,0.137232,0.085488,15.173744,2.985022
3,0.030947,0.202821,0.151735,16.071244,4.960862
4,0.044351,0.623707,0.309809,18.259458,13.571755
5,0.741765,4.671671,3.967669,119.713643,31.126347
6,1.503385,7.466935,5.972348,230.198733,53.859725
7,2.18261,15.864204,15.800919,307.21542,79.698034
8,2.90759,20.943884,18.03467,419.994937,108.224699
