,TRM,RLS,TRHS,GHS,LR
0,0.050207,0.057452,0.073971,16.113075,2.146262
1,0.038994,0.077951,0.095945,15.375651,2.599872
2,0.034115,0.103298,0.087935,15.583835,3.578444
3,0.038677,0.156253,0.126099,16.457962,6.491896
4,0.056985,0.326829,0.46272,18.805559,16.664673
5,0.302253,1.576544,1.69609,56.123436,46.881245
6,1.131348,8.392465,5.936597,191.703526,83.601536
7,2.095821,16.842081,12.663562,317.981978,119.309692
8,2.956113,20.811721,17.970407,421.291911,165.176066
