,TRM,RLS,TRHS,GHS,LR
0,0.018537,0.056594,0.052351,10.108414,1.431734
1,0.018348,0.088306,0.071392,10.025042,1.632361
2,0.01846,0.096371,0.085263,10.491786,2.497783
3,0.018597,0.156261,0.151886,12.807081,4.05074
4,0.040228,0.511356,0.348451,15.374296,10.625114
5,0.379785,1.424424,0.812262,17.301924,27.368372
6,2.069765,2.976963,2.735736,31.499166,44.127215
7,3.768203,5.088535,4.44259,25.670768,65.306621
8,5.461814,6.970124,6.98053,38.614268,88.889956
