,TRM,RLS,TRHS,GHS,LR
0,0.019865,0.056443,0.050319,14.750481,1.597041
1,0.0321,0.073903,0.06594,14.157822,2.252137
2,0.025046,0.075962,0.112318,15.434051,3.218124
3,0.028654,0.171865,0.15291,16.509955,5.232729
4,0.036455,0.266844,0.382684,19.049184,16.681902
5,0.756273,6.220246,3.851772,126.084537,34.997868
6,1.443219,8.835658,5.842677,218.145817,56.314699
7,2.142174,13.121867,8.719695,300.257886,81.590012
8,2.844122,17.530304,11.637479,413.242359,116.313076
