,TRM,RLS,TRHS,GHS,LR
0,0.050961,0.110954,0.122936,11.584938,3.054028
1,0.04298,0.156908,0.112959,12.653007,4.251197
2,0.045993,0.154933,0.168927,13.52,5.906716
3,0.05197,0.381804,0.263877,14.005784,10.993211
4,0.06997,0.737632,0.75861,22.823211,27.969226
5,0.993497,2.605664,1.883022,31.757794,88.980129
6,4.745546,6.630569,5.784007,55.681459,162.436462
7,8.178763,10.689436,9.94283,56.492879,202.114776
8,12.983244,14.382484,13.985705,85.255742,318.800513
