,TRM,Local_Ratio,RLS,UGA_RLS,TRHS
0,0.623246,410.259782,9.801293,291.198041,6.235023
1,0.307015,242.546733,8.328617,225.818403,5.226085
2,0.223448,146.692346,6.657919,144.847386,4.500684
3,0.142859,80.068695,3.834388,101.838796,3.224745
4,0.083962,29.620706,2.285897,59.74192,1.339738
