,TRM,RLS,TRHS,GHS,LR
0,0.031999,0.094942,0.068979,14.820268,2.297951
1,0.032983,0.117951,0.100953,14.951525,3.383104
2,0.035995,0.155912,0.096957,15.69085,4.918393
3,0.040965,0.233885,0.231856,16.24801,8.346135
4,0.056968,0.525716,0.367788,20.070605,21.165056
5,1.026435,12.654874,5.523031,161.602169,53.652927
6,2.164792,17.087384,10.394155,296.298815,93.60157
7,2.956331,14.986802,21.498903,424.416435,140.349107
8,3.943787,24.557169,28.385011,592.063975,195.150464
