,TRM,RLS,TRHS,GHS,LR
0,0.018697,0.08764,0.074102,14.748582,1.491722
1,0.019471,0.102209,0.068308,14.843279,1.890838
2,0.022327,0.105016,0.10563,14.989625,2.758335
3,0.018458,0.202353,0.151785,15.859149,4.74889
4,0.040322,0.341291,0.378025,18.285972,11.931934
5,0.723433,5.166002,4.527911,112.147523,29.077358
6,1.387153,9.972123,7.078181,197.729361,49.582124
7,2.067945,19.115409,8.375828,303.714218,74.518053
8,2.771813,16.694922,11.089921,388.901094,100.974059
