,TRM,Local_Ratio,RLS,UGA_RLS,TRHS
0,0.224159,80.776437,4.263941,96.090871,3.210346
1,0.18631,58.392507,4.508349,60.471905,2.166745
2,0.126473,39.779401,2.50508,60.764505,2.187648
3,0.078098,26.691665,1.625283,45.129507,1.458513
4,0.043504,10.183053,1.600576,22.521567,1.161122
