,TRM,RLS,TRHS,GHS,LR
0,0.061981,0.160905,0.14293,10.881005,5.863913
1,0.096966,0.193901,0.220906,12.58281,7.698132
2,0.067981,0.262868,0.274979,15.901543,11.549453
3,0.071945,0.445773,0.360831,18.517446,20.091333
4,0.099932,0.687666,0.7846,24.850027,55.499766
5,0.715635,2.407789,1.984003,54.996846,178.471016
6,6.741562,8.946661,9.570112,47.253748,1239.930238
7,12.779353,15.498934,15.417977,64.260865,610.082801
8,18.625239,21.929496,20.380321,123.479351,827.985402
