,TRM,RLS,TRHS,GHS,LR
0,0.034994,0.088964,0.078969,15.389037,3.056295
1,0.042974,0.08196,0.117922,15.822106,3.957414
2,0.041993,0.19987,0.149916,16.214881,5.282097
3,0.045992,0.204897,0.259855,16.766575,9.848115
4,0.061976,0.769579,0.43777,20.423988,25.483307
5,1.201336,6.441389,6.149544,185.700687,69.530046
6,2.307702,19.686942,12.464995,329.608787,109.828096
7,3.400104,17.229308,17.826342,500.745944,167.089195
8,5.494908,37.98964,19.383438,640.620087,239.64622
