,TRM,Local_Ratio,RLS,UGA_RLS,TRHS
0,2.577971,24.529782,3.765414,46.872464,3.359175
1,1.953001,18.545772,3.124813,24.404776,2.76546
2,1.231084,13.078833,2.203007,24.092308,1.781131
3,0.546855,7.765161,1.593642,22.322597,1.124933
4,0.015625,3.148397,0.421843,15.467813,0.546853
