,TRM,Local Ratio,GHS,RHS,TRHS
0,0.281739,324.318833,341.011373,6.387224,4.57126
