,TRM,Local Ratio,GHS,RHS,TRHS
0,0.0,0.015602,10.953012,0.015625,0.0
