,TRM,RLS,TRHS,GHS,LR
0,0.018433,0.135493,0.086263,14.952171,1.720256
1,0.029927,0.153109,0.068247,15.079229,2.405627
2,0.018454,0.170321,0.118847,15.601845,3.386814
3,0.027134,0.219345,0.168771,16.593913,5.601843
4,0.049734,0.55168,0.423156,18.491725,14.837828
5,0.823008,4.956305,3.398385,130.920797,34.302155
6,1.590635,12.897996,6.512436,235.079407,61.144588
7,2.37758,16.76718,9.555374,343.421971,85.371251
8,3.198183,25.59526,19.357655,442.502193,121.200348
