,TRM,Local Ratio,GHS,RHS,TRHS
0,0.021798,1.741723,18.243696,0.212789,0.132381
