,TRM,Local_Ratio,RLS,UGA_RLS,TRHS
0,0.218714,110.515081,4.483982,80.166029,2.312305
1,0.203108,92.05787,5.684286,76.693221,3.123129
2,0.140596,61.386077,3.437244,87.440451,2.610675
3,0.081959,35.564346,2.468755,57.672398,2.453129
4,0.078126,12.875029,1.140628,21.062546,0.734377
