,TRM,Local Ratio,GHS,RHS,TRHS
0,0.227704,135.50356,185.122934,4.605459,2.515456
