,TRM,Local Ratio,GHS,RHS,TRHS
0,0.125001,60.842064,109.952108,3.343645,2.99992
