,TRM,Local Ratio,GHS,RHS,TRHS
0,0.046873,12.437094,38.264336,1.078106,0.74997
