,TRM,RLS,TRHS,GHS,LR
0,0.049761,0.081412,0.068282,22.381257,1.535751
1,0.026208,0.058291,0.080455,14.956727,1.870311
2,0.027253,0.12516,0.099331,16.030363,2.698707
3,0.031662,0.144347,0.1397,16.399138,4.544617
4,0.043249,0.493441,0.374744,18.494428,12.076904
5,0.68047,5.42485,2.68138,112.422161,28.699038
6,1.263558,10.442746,9.207621,228.995101,49.328056
7,1.99851,11.943193,7.830696,375.946677,72.883478
8,2.691495,13.100695,13.247573,393.603834,98.849313
