,TRM,RLS,TRHS,GHS,LR
0,0.086175,0.144685,0.275667,14.329433,11.516033
1,0.115395,0.338186,0.291834,16.130653,18.235511
2,0.103346,0.266365,0.315057,18.895616,28.055446
3,0.125045,0.631345,0.875969,23.662118,48.648519
4,0.150252,1.541199,1.046195,57.32279,139.152055
5,1.755462,5.061976,5.266393,76.716492,472.301075
6,13.378029,17.192033,17.01137,137.340618,1239.981579
7,25.491543,30.19047,28.785236,111.121431,2954.811458
8,37.502058,42.840267,41.267204,237.468138,65187.294217
