,TRM,RLS,TRHS,GHS,LR
0,0.024986,0.04899,0.072976,14.811043,1.612829
1,0.02799,0.082951,0.086969,14.813621,2.244799
2,0.029996,0.142919,0.080971,15.743782,3.188291
3,0.034001,0.151932,0.109834,15.942496,5.423081
4,0.046994,0.438753,0.468664,18.734692,15.290379
5,0.741502,6.660683,3.058059,116.198299,34.717063
6,1.439161,10.381695,6.232123,223.110036,59.302066
7,2.735064,18.461579,8.98132,327.814388,84.568646
8,2.848139,24.265616,14.631893,432.816825,118.140667
