,TRM,RLS,TRHS,GHS,LR
0,0.018615,0.09348,0.104941,15.280427,2.502749
1,0.018478,0.126467,0.100378,15.370785,3.393078
2,0.04878,0.161831,0.1859,16.042492,5.189172
3,0.039168,0.206741,0.152296,17.468315,8.567931
4,0.064892,0.487603,0.302717,20.038248,22.993066
5,1.183115,9.411132,5.950958,170.602461,54.471206
6,2.248282,20.625358,13.72757,328.346718,97.129609
7,3.330082,20.430439,13.828321,485.504006,147.959936
8,4.423377,27.223705,22.820091,621.07462,207.181572
