,TRM,RLS,TRHS,GHS,LR
0,0.030596,0.0879,0.092406,15.070991,2.204354
1,0.045874,0.070966,0.098926,15.119498,2.732447
2,0.035999,0.179911,0.116934,15.664762,4.152666
3,0.040992,0.177902,0.168904,16.701718,6.704477
4,0.056981,0.39979,0.387789,19.301655,17.85223
5,1.063467,6.466598,5.082272,151.537895,44.741618
6,1.830204,14.138932,11.444152,281.726632,78.523987
7,2.925533,23.843858,20.813286,418.588727,115.449251
8,4.226661,23.991807,15.609786,524.682294,156.173814
