,TRM,Local Ratio,GHS,RHS,TRHS
0,0.23095,128.316579,215.289896,4.705965,4.188626
