,TRM,RLS,TRHS,GHS,LR
0,0.034494,0.034756,0.060737,24431.561956,1.010917
1,0.018607,0.054091,0.08456,13868.317632,1.174816
2,0.025984,0.087966,0.104347,10.462142,1.829632
3,0.034051,0.157613,0.115155,10.53812,2.940668
4,0.046241,0.385721,0.257292,9.262074,7.215235
5,0.818262,5.981762,4.297337,105.271393,19.036762
6,2.330792,13.909503,14.189603,277.10486,33.739552
7,3.818184,27.119281,15.465037,420.548928,46.924437
8,5.303879,32.190503,32.46571,549.573964,65.226068
