,TRM,RLS,TRHS,GHS,LR
0,0.018456,0.07302,0.050601,8.67284,1.579483
1,0.018515,0.105892,0.085967,14.154007,2.257156
2,0.018579,0.108257,0.073509,15.13835,3.196772
3,0.031318,0.190909,0.147662,15.873288,5.359259
4,0.037946,0.422281,0.28513,18.959419,14.498713
5,0.751626,5.383967,4.662104,129.474658,34.715496
6,1.451142,10.403167,7.384007,221.389227,56.206988
7,2.164399,15.487819,10.955725,333.112538,86.026922
8,2.861245,20.509816,11.593699,407.134986,119.160861
