,TRM,RLS,TRHS,GHS,LR
0,0.034906,0.065961,0.100454,15.63353,2.967027
1,0.034156,0.102601,0.125425,15.67542,4.139514
2,0.046397,0.225703,0.184897,16.303265,5.953883
3,0.035019,0.281014,0.176806,17.717134,9.740552
4,0.04974,0.793074,0.432763,21.070909,30.608149
5,1.30689,10.848938,8.051169,213.189044,65.997204
6,2.524701,12.844429,12.892927,371.543108,123.250385
7,3.781439,19.249118,19.5721,554.21717,181.142795
8,4.981418,30.685693,25.567908,728.343994,262.025136
