,TRM,Local Ratio,GHS,RHS,TRHS
0,0.046874,17.796501,54.903393,1.7031,0.906232
