,TRM,RLS,TRHS,GHS,LR
0,0.0342,0.066694,0.098137,15.429004,2.832914
1,0.036995,0.161912,0.150923,15.973265,3.854433
2,0.034127,0.243278,0.133871,16.372369,5.29812
3,0.045962,0.207894,0.326834,17.335477,9.511682
4,0.069571,0.602794,0.436856,20.318639,25.282017
5,1.214584,6.216826,4.96368,187.97372,60.713214
6,2.397948,17.165009,13.376222,352.320915,111.811017
7,3.528146,21.9407,14.580299,520.25652,171.885863
8,4.679553,30.461926,34.672894,667.880625,238.452339
