,TRM,RLS,TRHS,GHS,LR
0,0.018301,0.081506,0.073723,15.649485,2.830068
1,0.050669,0.129195,0.116624,15.752478,3.883623
2,0.036497,0.13263,0.101677,15.333123,5.279001
3,0.04483,0.263108,0.193105,17.475747,9.211341
4,0.051283,0.467408,0.402072,19.71515,24.773334
5,1.174522,5.885363,6.006732,182.819169,60.89535
6,2.263913,21.033297,11.600141,335.250116,108.70427
7,3.375463,24.270563,17.330934,514.438947,164.514587
8,4.479098,32.232795,22.812066,668.230333,243.475245
