,TRM,RLS,TRHS,GHS,LR
0,0.027976,0.084968,0.113953,11.028125,2.124199
1,0.030982,0.149912,0.156929,11.381457,3.092318
2,0.032982,0.137926,0.142937,13.17308,4.030408
3,0.04097,0.26585,0.269863,13.079739,7.35161
4,0.067963,0.552709,0.419767,21.667127,16.778305
5,1.839976,2.712509,2.964348,32.996283,41.118611
6,4.452526,5.508952,5.223098,36.438599,80.962685
7,6.85021,8.208614,8.193441,45.603133,117.969993
8,9.919486,11.997343,11.812441,69.595666,188.564533
