,TRM,RLS,TRHS,GHS,LR
0,0.02188,0.077783,0.078629,15.016054,2.270494
1,0.023963,0.107396,0.114477,15.120775,3.050093
2,0.029622,0.144234,0.119401,15.486307,4.324052
3,0.041855,0.227712,0.166136,16.344196,7.343333
4,0.060802,0.415602,0.465108,19.289344,20.30969
5,0.988128,6.051604,4.069465,154.082538,49.907861
6,1.923976,11.784328,9.800502,296.402872,84.736543
7,2.87638,20.640057,17.716249,425.117791,137.997447
8,3.80139,31.406901,23.640012,553.030121,179.449706
