,TRM,RLS,TRHS
0,0.012862,0.028327,0.038348
1,0.012133,0.060677,0.056541
2,0.014362,0.065194,0.104052
3,0.035067,0.219936,0.118097
4,0.031294,0.331751,0.478808
5,0.680323,0.969464,0.831878
6,1.069694,1.488827,1.309289
7,1.673845,2.172443,2.208695
8,2.297648,3.049703,2.5965
