,TRM,RLS,TRHS,GHS,LR
0,0.018512,0.040956,0.081566,11.731157,1.422579
1,0.025003,0.054983,0.061973,14.870472,1.819717
2,0.026978,0.117938,0.142938,15.30701,2.825537
3,0.031001,0.141935,0.13494,15.998184,4.534979
4,0.042991,0.318808,0.431765,17.733312,12.014148
5,0.661562,3.700572,2.738179,108.427431,26.972731
6,1.280218,9.15794,6.621651,205.747122,47.44795
7,1.892827,11.599973,7.724356,286.679999,74.063744
8,2.539206,16.232421,13.102066,372.071563,96.444685
