,TRM,RLS,TRHS,GHS,LR
0,0.122952,0.190915,0.125951,13.065297,4.736948
1,0.046974,0.227895,0.143925,13.424791,5.893421
2,0.051991,0.276851,0.230893,16.816976,9.213758
3,0.058985,0.640662,0.332843,20.784116,15.110202
4,0.079961,0.919536,0.690643,25.503767,39.951246
5,5.664073,7.14229,6.376704,32.966599,113.489016
6,11.611982,12.7074,11.996744,72.276264,208.909933
7,17.697956,19.41694,18.699609,93.326772,342.886177
8,23.35813,26.393173,26.384435,112.606172,521.669459
