,TRM,RLS,TRHS,GHS,LR
0,0.036861,0.127625,0.105183,20.782622,1.939893
1,0.029022,0.100642,0.089713,15.202028,2.38135
2,0.029929,0.153255,0.108169,15.962892,3.35544
3,0.035993,0.201658,0.152813,16.446394,5.454005
4,0.047473,0.362449,0.227176,19.089141,15.22145
5,0.758527,4.68621,3.94795,127.777749,33.232537
6,1.477774,10.644896,7.626808,232.847996,58.32249
7,2.351319,16.62579,9.185853,344.088237,84.027345
8,2.912525,21.104686,12.205112,430.28405,123.338209
