,TRM,RLS,TRHS,GHS,LR
0,0.018374,0.058683,0.085777,6.020357,1.748788
1,0.019768,0.125998,0.09106,15.388987,2.504372
2,0.025337,0.113105,0.116799,15.609038,3.56632
3,0.019501,0.219807,0.16827,16.616974,5.925257
4,0.056117,0.396968,0.277119,18.952704,15.290897
5,0.872905,6.303492,5.393108,143.245223,36.005288
6,1.681864,9.372608,8.723377,246.758172,68.412935
7,2.471825,12.663957,15.419678,365.925541,93.956937
8,3.340159,20.933603,16.940177,490.556671,134.565395
