,TRM,RLS,TRHS,GHS,LR
0,0.095967,0.173125,0.126928,11.462632,4.47748
1,0.054944,0.192662,0.162999,12.068501,5.5378
2,0.060184,0.271565,0.226508,14.514906,8.450986
3,0.060965,0.518872,0.329949,15.161633,14.305336
4,0.089552,0.897368,0.66395,31.466912,36.777332
5,4.441113,5.681905,5.62201,50.683746,100.395399
6,9.944592,12.264886,11.63885,56.178695,191.016221
7,15.428185,17.340698,17.529302,56.145222,306.718778
8,21.170389,22.824253,21.910069,106.860021,539.504047
