,TRM,RLS,TRHS,GHS,LR
0,0.045978,0.104833,0.08207,15.550443,2.651652
1,0.034052,0.137912,0.145266,15.731381,3.624032
2,0.03999,0.128765,0.161272,16.107022,5.170622
3,0.044991,0.241866,0.191906,17.534748,8.902368
4,0.073417,0.445737,0.400663,20.243402,23.331171
5,1.070245,5.453194,5.607382,178.285331,61.057915
6,2.176771,13.603809,11.187866,320.988307,113.077853
7,3.519838,27.819552,17.204623,486.859231,167.325767
8,4.428309,41.363816,18.296515,632.889354,239.416051
