,TRM,RLS,TRHS,GHS,LR
0,0.028987,0.092962,0.065968,12.269484,2.156968
1,0.020105,0.136928,0.093935,15.197933,2.727904
2,0.033998,0.115931,0.08995,15.71662,3.972901
3,0.037997,0.128944,0.121931,16.597401,6.358801
4,0.051977,0.5317,0.336637,18.934439,17.965677
5,0.963331,6.744776,3.660554,139.028976,41.392494
6,1.760723,10.638552,7.026043,274.163701,77.435782
7,2.545449,18.463875,10.554755,364.424273,109.151908
8,3.413516,25.092988,13.821012,474.791356,156.31539
