,TRM,Local Ratio,GHS,RHS,TRHS
0,0.031251,3.906187,23.062116,0.296871,0.328131
