,TRM,RLS,TRHS,GHS,LR
0,0.049756,0.179757,0.146002,14.222233,6.116286
1,0.063195,0.21524,0.226705,13.964977,7.539064
2,0.081124,0.258977,0.297804,12.608635,11.292295
3,0.079151,0.513366,0.413551,19.866822,19.666366
4,0.097352,1.244429,0.878793,20.946333,57.312561
5,2.567583,4.653544,3.932007,37.06792,164.02435
6,8.741457,11.518953,10.605164,71.926801,306.839748
7,14.84229,16.657278,18.1502,105.763494,496.076559
8,20.943791,25.699998,23.474407,80.991098,805.115392
