,TRM,RLS,TRHS,GHS,LR
0,0.03498,0.111939,0.13293,15.640882,3.032321
1,0.036997,0.13692,0.091952,15.786455,4.05477
2,0.039991,0.211738,0.109942,16.288907,5.858874
3,0.05959,0.262868,0.258845,17.525392,9.685248
4,0.064977,0.598682,0.447715,21.005749,27.916836
5,1.227242,7.597964,6.306954,201.154353,66.763836
6,2.393549,22.59468,15.846132,357.794218,122.25661
7,3.67257,25.999637,18.406089,511.637016,185.059278
8,4.706218,29.898365,19.915666,699.876759,265.148937
