,TRM,RLS,TRHS,GHS,LR
0,0.023554,0.078721,0.052687,15.766254,1.423969
1,0.024027,0.054033,0.075879,15.321901,1.808853
2,0.026605,0.11449,0.07192,15.871754,2.598753
3,0.030524,0.240434,0.164844,16.601406,4.077691
4,0.041889,0.48187,0.34653,18.166764,10.318655
5,0.61148,3.71228,3.141028,108.961186,23.970379
6,1.153162,8.327127,4.729547,214.927976,41.753515
7,1.705859,14.376822,9.140196,359.246292,66.23743
8,2.368375,17.076895,9.646731,368.640769,81.314317
