,TRM,RLS,TRHS,GHS,LR
0,0.036982,0.066016,0.095835,22.477499,2.553997
1,0.032952,0.14839,0.107809,16.630858,3.271907
2,0.037233,0.130204,0.131815,16.995496,4.509252
3,0.041292,0.192935,0.136179,18.509749,8.232491
4,0.058686,0.541283,0.378719,23.00844,26.970891
5,0.975831,6.051049,5.058969,181.24858,66.295805
6,1.903718,15.597417,13.780734,300.587324,134.096423
7,2.868186,17.462094,11.493323,452.893882,434.114566
8,3.718636,30.96622,19.633437,547.485167,217.502982
