,TRM,RLS,TRHS,GHS,LR
0,0.027788,0.039983,0.051917,15.004601,1.022263
1,0.025979,0.076971,0.057966,15.059912,1.468589
2,0.028972,0.128913,0.086133,15.087469,2.163931
3,0.032998,0.109954,0.138924,15.731651,3.290007
4,0.051096,0.38756,0.207943,17.334167,8.275532
5,0.31976,2.093563,1.662718,60.487568,20.450942
6,0.798469,6.064895,5.557795,130.705529,34.014161
7,1.29421,10.638328,6.685911,208.650658,50.619773
8,1.772844,11.589249,7.482094,271.481364,70.032186
