,TRM,RLS,TRHS,GHS,LR
0,0.019004,0.078954,0.05297,10.31311,1.038761
1,0.017998,0.073956,0.067982,10.681791,1.156967
2,0.020001,0.086945,0.088936,11.158646,1.648937
3,0.023996,0.130941,0.102942,11.602388,2.835692
4,0.035997,0.347819,0.264861,14.66887,7.575962
5,0.729593,1.387215,1.332255,21.248906,17.994117
6,2.009854,2.824385,2.630501,24.530453,31.647362
7,3.285129,4.550566,4.167626,31.890424,46.967133
8,4.43628,5.424708,5.342193,25.17167,54.976624
