,TRM,RLS,TRHS,GHS,LR
0,0.02705,0.09238,0.098605,21.87363,1.734646
1,0.028675,0.102856,0.112899,15.520464,2.253297
2,0.028612,0.127137,0.106755,15.799275,3.105234
3,0.033351,0.189961,0.143807,16.625503,5.017721
4,0.046025,0.515081,0.304409,19.402242,13.415498
5,0.716834,3.649043,5.312992,115.058146,31.186107
6,1.388295,8.53535,7.132209,242.66575,52.759358
7,2.071048,14.990482,10.680717,392.650216,86.727934
8,2.822997,20.093651,14.630402,442.875048,124.613185
