,TRM,RLS,TRHS,GHS,LR
0,0.018531,0.109667,0.085927,10.428826,2.283495
1,0.034991,0.135925,0.104619,11.754672,3.064903
2,0.019472,0.187576,0.141134,11.47039,4.038726
3,0.03522,0.244025,0.199567,13.845537,7.070581
4,0.049777,0.52398,0.322727,20.91633,17.424362
5,1.333511,1.883304,2.34245,26.702058,48.772239
6,4.183386,5.314666,5.226547,36.632448,83.54998
7,6.735074,8.259332,8.026932,52.405328,124.101206
8,9.257673,11.230614,11.439001,64.226065,171.625576
