,TRM,RLS,TRHS,GHS,LR
0,0.03399,0.10695,0.076968,15.522401,2.880894
1,0.035995,0.106953,0.1499,15.57084,3.855097
2,0.039,0.195903,0.135936,16.280123,5.262498
3,0.044986,0.203905,0.24686,17.40558,9.19358
4,0.062977,0.695556,0.376788,20.423647,24.338457
5,1.160398,9.712069,9.786153,184.204079,61.428733
6,2.272453,16.660775,11.832511,346.493046,107.684739
7,3.444723,28.621607,14.063092,505.402181,165.981436
8,4.461114,23.011017,23.334909,653.577873,241.757792
