,TRM,RLS,TRHS,GHS,LR
0,0.009009,0.754584,0.441721,14.460694,0.290339
1,0.003156,1.360833,0.541551,16.555254,0.312814
2,0.003367,1.038806,0.526684,15.281023,0.462031
3,0.001459,0.986304,0.667408,18.860505,0.660501
4,0.019005,2.981129,1.236143,34.95214,1.656413
5,0.426385,9.214726,4.172086,129.815544,3.952514
6,0.792527,13.483742,10.500451,235.675249,6.484807
7,1.241248,16.225797,11.734855,278.724615,9.305234
8,1.661231,23.485078,16.774276,281.004734,12.036763
