,TRM,RLS,TRHS,GHS,LR
0,0.03498,0.109954,0.092948,15.410482,2.85
1,0.036965,0.107941,0.127931,15.41179,4.015086
2,0.037984,0.131939,0.103953,16.059438,5.345385
3,0.044992,0.25685,0.196758,17.318163,9.498325
4,0.060978,0.687626,0.520585,20.598727,25.890624
5,1.485994,7.332726,5.385298,188.365367,67.825364
6,2.262423,19.730556,9.408155,326.929478,116.392219
7,3.36292,17.348944,22.198457,515.898069,168.396263
8,4.453161,23.948107,23.395223,651.220915,243.978389
