,TRM,RLS,TRHS,GHS,LR
0,0.03,0.077933,0.067954,14.980702,2.260125
1,0.042977,0.124934,0.103958,15.361553,3.093457
2,0.034989,0.219879,0.129944,15.630478,4.554613
3,0.040992,0.228873,0.285842,16.807576,7.487757
4,0.05597,0.421772,0.364807,19.842423,21.754521
5,1.106399,7.206979,5.174126,153.81732,49.912377
6,1.947898,13.99319,9.998433,288.137284,87.782196
7,3.33113,21.239157,17.979975,449.810577,132.678405
8,3.849863,32.346497,19.750444,584.996508,189.43964
