,TRM,RLS,TRHS,GHS,LR
0,0.019473,0.09393,0.104261,15.017157,2.804738
1,0.024028,0.09717,0.0836,15.383883,3.405984
2,0.041889,0.131035,0.165676,15.872849,5.062414
3,0.04959,0.201264,0.180522,16.663647,8.495859
4,0.0559,0.560411,0.511384,19.633871,22.786666
5,1.096865,6.75368,5.684855,178.936102,55.016567
6,2.167615,13.210037,8.727785,319.857636,101.272689
7,3.202293,22.99772,16.391489,463.149267,152.723266
8,4.237502,25.990223,26.153928,589.838684,221.933809
