,TRM,RLS,TRHS,GHS,LR
0,0.038298,0.100627,0.097644,15.281144,2.876107
1,0.024284,0.095101,0.112955,15.532619,3.561513
2,0.038324,0.226179,0.113636,15.942458,5.254693
3,0.036905,0.277417,0.277122,16.965565,9.200095
4,0.054617,0.610485,0.325096,19.985422,24.993795
5,1.232324,8.677798,6.22063,185.568633,59.25776
6,2.30694,19.311093,9.503693,351.381384,109.397292
7,3.475602,32.515424,17.844548,498.267769,161.779894
8,4.560325,28.288131,23.686432,664.623545,227.027055
