,TRM,RLS,TRHS,GHS,LR
0,0.018466,0.076965,0.065933,5.949953,2.237885
1,0.02864,0.139933,0.088169,15.283124,3.121032
2,0.018626,0.126671,0.120789,16.241097,4.307134
3,0.035168,0.241498,0.196025,17.073916,7.335254
4,0.065046,0.43132,0.368315,19.365414,19.037129
5,1.007034,8.472841,5.221645,159.208849,46.582559
6,1.976442,12.035184,9.988313,301.146328,78.339083
7,2.885011,30.058203,18.091083,418.543321,120.520118
8,3.850139,36.03766,20.075582,565.452855,167.444749
