,TRM,RLS,TRHS,GHS,LR
0,0.019418,0.070332,0.064137,13.632612,1.460085
1,0.018417,0.07204,0.057434,14.45111,1.85134
2,0.024324,0.106094,0.067251,14.750845,2.698005
3,0.01845,0.187481,0.133719,16.072331,4.572793
4,0.040033,0.387061,0.358476,17.802076,11.618807
5,0.646646,5.485671,3.403498,116.428436,27.077493
6,1.278569,7.814077,5.180497,191.418198,54.455574
7,1.907841,13.587926,9.652878,288.938165,67.617103
8,2.531061,20.911925,10.244176,380.6218,93.693227
