,TRM,RLS,TRHS,GHS,LR
0,0.092476,0.033136,0.02105,9.520142,0.313535
1,0.008031,0.038741,0.037998,9.368177,0.241886
2,0.007968,0.039796,0.03019,9.658612,0.366422
3,0.0099,0.063907,0.060558,10.275367,0.530341
4,0.01477,0.187185,0.12285,11.212179,1.131591
5,0.348642,0.532313,0.514728,12.352662,2.754947
6,0.671623,0.872242,0.818613,14.648896,4.356319
7,1.028749,1.264358,1.243232,13.641508,6.292805
8,1.298082,1.709926,1.527682,17.045973,8.127321
