,TRM,RLS,TRHS,GHS,LR
0,0.021994,0.068941,0.06298,10.487533,1.637566
1,0.021988,0.076955,0.111949,10.465669,1.547927
2,0.027001,0.130919,0.117933,11.257409,2.725693
3,0.030004,0.257853,0.187895,13.303354,4.244538
4,0.041975,0.36379,0.359797,16.885288,11.011743
5,1.181321,1.815955,1.670055,25.43886,28.628537
6,3.595932,3.962888,3.612936,29.30489,51.287093
7,4.749282,6.386339,6.429315,34.395593,70.513772
8,6.799107,8.39217,8.13033,41.835233,106.208058
