,TRM,RLS,TRHS,GHS,LR
0,0.039638,0.084063,0.0761,21.011113,2.259949
1,0.032701,0.097035,0.104094,16.080365,2.883223
2,0.033547,0.089439,0.090711,16.906587,3.997937
3,0.038895,0.23818,0.124851,17.559825,7.44276
4,0.052092,0.509101,0.348587,19.900863,22.497173
5,0.877986,6.365175,5.493497,141.534351,105.156554
6,1.700811,12.176475,10.486555,257.10581,127.053222
7,2.509767,15.51824,10.407537,399.897599,128.914867
8,3.312865,20.464516,13.479148,591.839115,162.793187
