,TRM,RLS,TRHS,GHS,LR
0,0.087779,0.130763,0.132032,13.541749,3.674345
1,0.049873,0.1758,0.120982,11.681968,4.540842
2,0.080021,0.241409,0.187524,18.442609,6.980327
3,0.069388,0.400511,0.275761,11.122653,11.315059
4,0.089575,0.944481,0.715262,14.85316,29.545045
5,3.420507,28.02666,17.453576,436.944931,81.300602
6,7.867232,40.273208,40.165647,912.595321,155.35676
7,12.481933,62.786965,63.076351,1448.541407,228.212727
8,16.916272,136.759356,85.247866,1816.439469,366.338498
