,TRM,RLS,TRHS,GHS,LR
0,0.030463,0.088455,0.077998,15.525491,2.001802
1,0.029715,0.106025,0.067927,15.21459,2.345632
2,0.029936,0.13025,0.10964,15.606206,3.238638
3,0.034984,0.204075,0.154801,16.889276,5.883681
4,0.048295,0.454463,0.322188,19.697057,14.264656
5,0.772385,3.871003,3.114727,126.695979,32.983798
6,1.486058,10.626434,6.009644,245.524378,56.299832
7,2.190349,16.028199,11.393753,346.393228,84.540483
8,2.902436,24.134136,11.850619,428.993804,123.604831
