,TRM,RLS,TRHS,GHS,LR
0,0.055977,0.209925,0.211896,14.562694,7.947297
1,0.063984,0.398826,0.276883,14.75461,11.832702
2,0.103971,0.471794,0.297884,21.009624,16.287098
3,0.098961,0.66971,0.452818,28.880581,29.699938
4,0.117948,1.659275,1.260447,42.554562,83.544234
5,6.190285,7.638655,8.069478,62.725295,246.119039
6,14.433611,17.480272,17.287333,138.373269,572.954274
7,21.982151,25.420603,25.285843,162.466257,835.372214
8,31.432322,35.848263,32.855645,138.937592,1539.677643
