,TRM,RLS,TRHS,GHS,LR
0,0.007996,0.400742,0.289973,11.299981,0.1584
1,0.007995,0.44683,0.331547,259.213888,0.177385
2,0.009016,0.6112,0.353107,13.019518,0.217955
3,0.010971,0.607502,0.619121,13.405788,0.357619
4,0.013992,1.206843,0.690505,18.244164,0.820959
5,0.135936,2.524704,1.797367,56.51664,1.864339
6,0.367013,7.451521,5.999066,115.112654,3.133856
7,0.548712,7.207597,5.313884,176.270568,4.233502
8,0.777796,12.89855,15.84723,214.6589,5.570964
