,TRM,RLS,TRHS,GHS,LR
0,0.059983,0.199887,0.235871,12.927776,7.147458
1,0.061984,0.255851,0.276831,13.909072,9.029002
2,0.065977,0.287851,0.347784,17.522165,13.278618
3,0.075963,0.404754,0.511726,23.745068,22.866895
4,0.105951,1.187346,1.237316,40.613127,62.46961
5,2.327692,4.123688,4.019894,63.601993,185.780312
6,9.16983,12.010264,11.135745,110.230895,369.110567
7,16.719228,18.885401,18.567553,143.065843,612.355933
8,22.741222,26.102329,26.790281,119.321266,1011.682044
