,TRM,RLS,TRHS,GHS,LR
0,0.034984,0.146817,0.07997,15.352136,3.017356
1,0.037998,0.135921,0.123916,15.802222,4.107026
2,0.052973,0.255869,0.110957,16.313587,5.85902
3,0.046975,0.263704,0.203893,16.893769,9.771883
4,0.084943,0.6007,0.447688,21.185938,28.659147
5,1.220807,8.801448,6.609777,191.763616,77.956644
6,2.391568,17.092783,12.210451,363.657518,126.519103
7,3.624965,23.13423,7.406742,537.187947,191.762572
8,4.732738,45.04274,25.014307,696.701295,273.746544
