,TRM,Local_Ratio,RLS,UGA_RLS,TRHS
0,8.401632,178.358706,15.145404,190.128176,10.946074
1,5.677427,133.257507,11.440854,124.171403,9.138525
2,2.868569,75.701552,6.279394,93.747016,5.219953
3,0.087312,45.253256,4.865147,68.49195,2.99771
4,0.059278,15.958561,1.183515,37.331552,1.048524
