,TRM,Local_Ratio,RLS,UGA_RLS,TRHS
0,17.639563,609.638118,32.685525,316.833768,24.752561
1,11.79616,402.680414,22.241693,188.683526,17.733301
2,5.880677,240.895023,18.305834,219.505597,11.109822
3,0.421835,133.348467,6.015257,98.536582,4.577847
4,0.093739,43.015865,2.312368,33.404139,2.077998
