,TRM,RLS,TRHS,GHS,LR
0,0.018644,0.071058,0.076384,10.179552,1.476253
1,0.023972,0.10294,0.075972,10.885236,1.888158
2,0.026006,0.112951,0.141907,11.440827,2.579768
3,0.032982,0.215879,0.172915,12.206939,4.461021
4,0.043995,0.549706,0.615657,17.51219,10.900559
5,1.292275,2.29473,1.82395,25.538072,32.497612
6,3.539032,4.534457,4.234646,41.297411,57.087658
7,5.45994,7.242958,6.250511,37.628006,85.234613
8,7.074053,8.435292,9.026955,43.930194,107.114276
