,TRM,RLS,TRHS,GHS,LR
0,0.035992,0.097948,0.111953,11.054831,2.825132
1,0.069979,0.189901,0.132937,12.784571,3.797522
2,0.039994,0.163903,0.169922,14.262445,5.687668
3,0.044975,0.418761,0.342824,13.706448,8.993915
4,0.069979,1.022412,0.96248,22.550436,25.651732
5,1.818987,2.778465,2.876411,38.70444,74.20572
6,5.389011,6.708267,6.901153,64.585257,127.322679
7,8.956021,10.831976,10.466178,62.866871,199.419203
8,13.464489,15.50535,14.870698,99.772458,297.363777
