,TRM,RLS,TRHS,GHS,LR
0,0.034101,0.083918,0.088299,15.093618,2.284832
1,0.0328,0.140416,0.099566,15.469417,3.165624
2,0.036838,0.128978,0.135758,15.86941,4.379738
3,0.039786,0.195959,0.182647,16.593386,7.784328
4,0.063353,0.430389,0.510649,19.209705,19.974291
5,1.059347,6.163635,5.261524,156.480761,47.367525
6,1.959462,14.249282,12.222072,307.000787,83.552147
7,2.941749,14.912277,15.359183,435.920655,126.814451
8,3.936074,19.934102,20.327886,567.955213,181.053082
