,TRM,RLS,TRHS,GHS,LR
0,0.032346,0.061041,0.073515,23.372038,2.306259
1,0.033616,0.09829,0.104489,15.977731,3.117383
2,0.035023,0.1245,0.128228,16.390519,4.411978
3,0.039243,0.235926,0.177268,16.739534,7.342199
4,0.055547,0.538524,0.366708,20.180099,20.668341
5,0.948227,8.000981,3.885431,156.663053,45.425839
6,1.850686,15.383492,7.534355,301.570831,79.266549
7,2.746699,13.969299,14.19256,445.741288,128.486027
8,3.625354,26.467158,14.884223,557.640445,192.141721
