,TRM,RLS,TRHS,GHS,LR
0,0.028982,0.054985,0.094965,1.761609,1.199617
1,0.040864,0.07469,0.099221,1.840913,1.612029
2,0.030972,0.105947,0.109942,2.038998,2.252143
3,0.034013,0.177343,0.15067,2.347044,3.738897
4,0.058358,0.440994,0.392674,2.9992,8.927048
5,1.525908,8.043132,5.290762,61.85092,23.447392
6,3.06391,21.792584,16.12834,125.434108,41.528248
7,5.125127,35.371963,24.786661,203.112258,61.563993
8,6.604507,47.741529,33.50823,281.076359,84.503493
