,TRM,RLS,TRHS,GHS,LR
0,0.033991,0.130751,0.075969,15.342921,2.830509
1,0.034994,0.14692,0.105928,15.643928,3.45237
2,0.04896,0.293838,0.134942,16.168407,5.08701
3,0.034164,0.203822,0.151357,17.266325,8.950989
4,0.059967,0.490748,0.333756,20.157913,25.851122
5,1.157518,7.077167,7.191071,178.675977,58.264694
6,2.147519,15.406932,11.038118,315.814129,106.111968
7,3.230998,19.759556,13.233173,505.999216,158.532208
8,4.464032,31.135838,18.327621,592.803422,220.39607
