,TRM,RLS,TRHS,GHS,LR
0,0.034132,0.103878,0.072909,23.320148,3.229428
1,0.039858,0.187033,0.102989,22.746325,3.083386
2,0.039706,0.142194,0.140589,24.225618,3.929624
3,0.041632,0.235021,0.180312,24.233302,6.041227
4,0.051198,0.481737,0.32066,28.413919,13.902565
5,0.620701,4.455389,3.184373,112.852222,25.147705
6,1.180593,7.230058,6.061895,184.826621,42.161639
7,1.749565,10.808961,9.045214,277.696026,62.846641
8,2.329797,16.950542,12.113429,360.533237,85.458012
