,TRM,RLS,TRHS,GHS,LR
0,0.033109,0.08295,0.072806,15.617136,2.316022
1,0.038607,0.076957,0.08451,14.687527,3.216654
2,0.043089,0.122301,0.131405,15.727394,4.56221
3,0.045612,0.141926,0.166794,17.202666,7.662892
4,0.079022,0.412115,0.415253,20.357755,27.429527
5,0.992933,8.202876,6.193338,158.278451,64.167905
6,1.936842,11.775597,13.924459,284.578808,99.480258
7,2.88547,23.662411,17.740853,410.557773,154.917193
8,3.803009,27.622848,23.675389,531.898563,222.697183
