,TRM,RLS,TRHS,GHS,LR
0,0.034097,0.110928,0.105171,15.774109,4.190492
1,0.03512,0.173977,0.141654,16.630694,5.18719
2,0.062512,0.194815,0.207192,17.374755,7.985848
3,0.057142,0.324759,0.216806,18.190172,13.065355
4,0.069237,0.609357,0.554218,21.690654,34.66934
5,1.097572,6.794294,5.723908,186.912521,105.23005
6,2.60332,18.729473,13.287516,413.83273,179.586538
7,4.155129,29.813676,21.284277,596.057466,283.12651
8,5.724448,34.87216,23.086417,844.110807,448.779642
