,TRM,RLS,TRHS,GHS,LR
0,0.018647,0.072196,0.08475,14.692414,1.505542
1,0.025988,0.074969,0.081967,8.852296,2.026491
2,0.020186,0.09659,0.087315,15.196852,2.836072
3,0.019421,0.202587,0.137695,16.029062,4.991648
4,0.049756,0.333584,0.556843,18.362972,13.1688
5,0.737602,6.146537,3.801969,114.290417,32.432731
6,1.456339,10.28238,5.826578,218.361218,50.514072
7,2.138429,15.394547,10.877982,333.880675,81.050315
8,3.36891,20.348159,14.622944,414.454409,112.173712
