,TRM,RLS,TRHS,GHS,LR
0,0.018518,0.063918,0.095979,15.500187,2.920836
1,0.023036,0.143386,0.128107,15.485116,3.514445
2,0.046552,0.20966,0.100579,15.885771,5.385413
3,0.036491,0.261744,0.250326,16.873962,8.9306
4,0.063636,0.625374,0.417946,19.959463,25.165525
5,1.176568,8.537778,6.148622,189.837336,60.013216
6,2.338775,11.772253,11.922724,349.045019,105.610829
7,3.53873,25.137616,21.212054,494.927196,161.432725
8,4.611996,37.694954,18.561596,668.052585,222.901725
