,TRM,RLS,TRHS,GHS,LR
0,0.027048,0.0813,0.074267,16.001314,2.865704
1,0.034596,0.129896,0.116005,15.574852,3.879867
2,0.049746,0.146311,0.132755,15.592106,5.307919
3,0.038527,0.216522,0.192082,17.485051,9.198057
4,0.050131,1.030886,0.544037,21.880101,24.309229
5,1.169874,7.102774,8.502563,180.251549,61.728379
6,2.280272,16.241142,9.197709,339.117873,106.536555
7,3.352406,20.746258,17.318872,483.595199,162.637511
8,4.435092,36.934342,22.930528,677.704965,233.858136
