,TRM,RLS,TRHS,GHS,LR
0,0.034016,0.082222,0.062536,14.902278,1.82333
1,0.035136,0.080932,0.073941,14.982504,2.376115
2,0.029975,0.107816,0.114116,15.347448,3.391084
3,0.034118,0.146354,0.159593,16.323926,5.782153
4,0.034375,0.468041,0.412747,18.400336,14.866484
5,0.832443,4.27811,5.227236,131.169031,37.848701
6,1.62406,15.649567,8.537602,245.633864,64.398514
7,2.392674,17.555046,10.148305,356.738292,92.780854
8,3.181237,19.862545,13.144859,450.638235,131.520971
