,TRM,RLS,TRHS,GHS,LR
0,0.046638,0.083247,0.087143,15.272104,2.809547
1,0.033992,0.098612,0.088113,15.480483,3.412487
2,0.037978,0.132941,0.176891,16.032523,5.110619
3,0.061965,0.299854,0.18889,16.854677,8.68075
4,0.066476,0.469196,0.401776,20.053509,23.570862
5,1.186139,9.881085,4.760404,172.132517,56.558088
6,2.314553,16.57348,9.158891,353.069741,102.270918
7,3.376441,20.982393,21.050463,496.133792,161.8217
8,4.500627,27.987594,23.154221,734.811369,233.214467
