,TRM,Local Ratio,GHS,RHS,TRHS
0,0.0,0.203119,12.358963,0.046889,0.046874
