,TRM,RLS,TRHS,GHS,LR
0,0.023986,0.056984,0.065978,14.946641,1.169742
1,0.026987,0.066953,0.059972,14.918146,1.527611
2,0.043502,0.10911,0.086603,15.133535,2.382306
3,0.03399,0.122936,0.161926,15.950197,3.759379
4,0.042975,0.350822,0.24088,18.167543,9.576727
5,0.495489,3.733542,2.499175,82.808691,23.133691
6,1.070269,5.183359,5.302438,170.511596,40.230631
7,1.6949,9.654769,8.052851,246.862287,59.52627
8,2.318684,15.390804,8.917907,301.086389,83.329935
