,TRM,RLS,TRHS,GHS,LR
0,0.018422,0.057411,0.065443,9.904187,1.773934
1,0.018635,0.120579,0.08465,11.268287,2.241602
2,0.018608,0.155045,0.108888,12.23017,3.268819
3,0.03009,0.266124,0.151133,12.890687,5.182269
4,0.039033,0.51537,0.486679,16.906151,14.141215
5,1.487536,2.548405,1.959099,27.022864,33.239746
6,3.803211,5.339585,4.497642,37.05789,66.303551
7,6.004566,7.332841,6.898666,39.107334,95.209972
8,8.360013,9.693635,9.338593,57.866964,131.506795
