,TRM,RLS,TRHS
0,0.040873,0.107626,0.139079
1,0.049283,0.109711,0.231734
2,0.073527,0.285428,0.214523
3,0.081311,0.658516,0.462773
4,0.07167,0.531086,0.594808
5,1.165564,2.825957,2.681022
6,4.265596,6.334072,5.499248
7,7.806531,9.604954,9.600135
8,10.655461,12.837284,11.580469
