,TRM,RLS,TRHS,GHS,LR
0,0.024981,0.064977,0.056976,14.752522,1.581536
1,0.026007,0.098948,0.081969,14.741281,1.937886
2,0.051989,0.086019,0.11534,15.133486,2.970826
3,0.032994,0.218889,0.136992,15.90516,4.748368
4,0.045974,0.334828,0.21188,18.92538,13.257474
5,0.737528,6.909012,2.999029,114.800416,30.711749
6,1.428419,10.680273,8.844325,217.174228,52.920895
7,2.110569,10.748339,10.859912,296.206623,79.445262
8,2.8544,20.241817,14.706326,421.660323,111.110394
