,TRM,RLS,TRHS,GHS,LR
0,0.043494,0.091671,0.084119,14.655084,2.317947
1,0.048833,0.13528,0.116866,15.600196,3.179047
2,0.040559,0.085587,0.13194,15.527524,4.367693
3,0.042993,0.2476,0.187397,17.276374,7.515841
4,0.058967,0.517094,0.376638,20.335923,20.395787
5,1.00009,6.17163,4.081122,165.058287,50.508406
6,1.944964,13.82227,7.836913,288.87849,86.407084
7,2.906591,20.766555,14.712696,413.519825,129.283815
8,3.817582,23.507556,15.668611,538.569471,190.517809
