,TRM,RLS,TRHS,GHS,LR
0,0.029214,0.078174,0.068287,15.281978,2.577242
1,0.033744,0.124851,0.08863,15.681969,3.57373
2,0.048476,0.146382,0.108312,15.953067,5.243628
3,0.036037,0.274887,0.19475,17.029944,8.561459
4,0.05809,0.472408,0.423379,20.616607,23.022681
5,1.146121,8.240982,5.970167,180.41817,56.100269
6,2.237342,11.383643,11.491495,298.196857,95.977916
7,3.358987,27.328648,17.003356,504.031574,149.700517
8,4.386175,31.587526,22.634621,612.463231,210.219795
