,TRM,RLS,TRHS,GHS,LR
0,0.0185,0.055536,0.093738,14.588847,1.43191
1,0.018592,0.08757,0.076542,14.364533,1.839496
2,0.024707,0.121121,0.086908,12.238714,2.673339
3,0.018486,0.187105,0.132036,16.766756,4.472433
4,0.044539,0.417621,0.433845,17.735148,11.493075
5,0.646507,6.171885,4.119932,108.278329,26.542853
6,1.283708,9.144033,6.525186,196.10788,45.438367
7,1.898006,15.726909,9.731146,279.801152,68.314931
8,2.512056,20.75708,15.541593,378.135333,93.377433
