,TRM,RLS,TRHS,GHS,LR
0,0.029,0.072977,0.080956,15.148111,1.896576
1,0.018605,0.109058,0.085944,15.301598,2.471797
2,0.031985,0.132944,0.108943,12.339071,3.53327
3,0.034271,0.195081,0.144392,16.296444,5.938908
4,0.052991,0.431758,0.386791,18.668364,16.004322
5,0.754596,5.65693,3.992846,130.669244,38.203308
6,1.533184,7.752811,9.735943,245.450702,66.04337
7,2.337749,14.444195,9.560999,343.483418,99.606882
8,3.144306,25.841198,16.105267,471.325233,141.662573
