,TRM,RLS,TRHS,GHS,LR
0,0.112495,0.113099,0.1202,17.431452,2.752717
1,0.03856,0.105064,0.121515,14.418352,4.079493
2,0.040136,0.134133,0.164234,33.103795,5.612327
3,0.04582,0.249671,0.195746,20.76221,9.126725
4,0.06474,0.579768,0.285044,23.34386,21.844814
5,1.015943,6.087865,4.04728,190.695516,55.587992
6,2.023904,10.332586,10.526914,343.60599,105.330905
7,3.038844,29.261715,12.425558,461.620371,152.005885
8,4.149077,25.376667,16.553459,619.381687,230.215192
