,TRM,RLS,TRHS,GHS,LR
0,0.018326,0.089923,0.079244,10.175639,1.350526
1,0.02036,0.085141,0.101323,10.607752,1.843422
2,0.026,0.118924,0.119957,12.360379,2.552321
3,0.029994,0.169925,0.166908,10.977689,4.272892
4,0.041965,0.478727,0.332838,17.335024,10.695258
5,1.298282,1.998928,1.884173,24.192049,26.903954
6,3.265264,3.944898,3.821954,35.520175,45.863838
7,4.782449,6.656601,5.256194,34.373575,68.144325
8,6.528507,7.88477,7.417018,55.573851,96.283481
