,TRM,RLS,TRHS,GHS,LR
0,0.073952,0.179653,0.169066,15.985912,9.014895
1,0.091537,0.270185,0.303358,16.478795,13.116051
2,0.095324,0.459712,0.374936,16.639004,18.939141
3,0.123791,0.516989,0.532794,23.02087,31.217169
4,0.136286,1.353516,1.163068,41.180598,92.703667
5,3.061121,5.414382,5.642987,79.110036,304.568473
6,12.551495,15.314487,16.090566,69.950595,653.893672
7,22.127784,26.267524,23.611074,152.437411,1264.043221
8,31.800521,37.6582,34.818296,191.161794,2193.43529
