,TRM,RLS,TRHS,GHS,LR
0,0.018566,0.084936,0.095007,9.921544,1.342318
1,0.018579,0.102014,0.10111,10.880378,1.827806
2,0.018542,0.11949,0.118443,10.734375,2.536878
3,0.018526,0.170521,0.205438,11.531279,4.279335
4,0.036383,0.527705,0.349846,14.261158,9.578091
5,1.285081,1.90664,2.083894,24.187931,26.256652
6,2.954524,3.876884,3.701719,35.272336,41.32356
7,4.645284,6.00811,5.409089,43.164423,63.111494
8,6.566318,8.251381,7.457985,47.208602,95.245521
