,TRM,RLS,TRHS,GHS,LR
0,0.059967,0.222892,0.169895,12.870828,6.156216
1,0.061979,0.159911,0.188909,14.843106,7.951278
2,0.067979,0.222889,0.288851,17.004714,12.902973
3,0.074971,0.331829,0.58466,18.110243,21.982587
4,0.102956,1.013449,0.977469,40.415404,61.562466
5,1.762028,4.076726,3.341122,61.8853,360.907903
6,8.071491,10.684037,10.517145,101.638197,402.915179
7,16.682684,18.80468,18.599627,146.348211,870.510733
8,22.538587,25.926484,25.691655,174.842972,1083.30601
