,TRM,RLS,TRHS,GHS,LR
0,0.01843,0.073362,0.087345,15.01571,1.721303
1,0.025753,0.121381,0.107872,14.95843,2.400508
2,0.019506,0.139002,0.111445,15.573818,3.418928
3,0.019365,0.298121,0.161323,16.325099,5.883671
4,0.057383,0.488741,0.336927,19.003734,15.315926
5,0.902157,6.373527,3.611312,133.586256,36.442608
6,1.660488,13.649959,8.53804,247.722326,64.577237
7,2.436143,17.577119,12.559665,362.053257,93.993349
8,3.17089,22.993475,13.114926,454.382787,133.655964
