,TRM,RLS,TRHS,GHS,LR
0,0.026971,0.060969,0.07198,14.804566,1.57832
1,0.018533,0.12251,0.071118,14.757507,2.058527
2,0.02897,0.097962,0.139907,15.278599,2.926995
3,0.032995,0.185895,0.142934,15.998989,4.933928
4,0.045977,0.337822,0.294727,18.429569,13.214489
5,0.760572,4.158657,2.972244,125.852028,33.279001
6,1.436728,10.433079,5.82966,207.234264,52.891137
7,2.108155,15.371348,8.700789,301.889624,76.962042
8,2.843573,17.514942,14.896806,409.299396,108.224593
