,TRM,RLS,TRHS,GHS,LR
0,0.006001,0.329816,0.195891,18.500579,0.109615
1,0.00601,0.309132,0.307265,13.732338,0.130194
2,0.007993,0.438753,0.12182,23.146177,0.171308
3,0.007359,0.445726,0.454917,13.170617,0.297003
4,0.011314,1.185473,0.736248,8.162947,0.568791
5,0.130636,2.726848,1.474248,26.788595,1.375339
6,0.296617,5.067648,3.766033,53.062805,2.220285
7,0.445758,10.71991,4.140381,82.923328,3.131768
8,0.605241,10.311796,2.874782,102.312973,4.041769
