,TRM,RLS,TRHS,GHS,LR
0,0.047628,0.128303,0.195446,21.702612,2.221231
1,0.031246,0.117962,0.104296,15.57617,3.166295
2,0.03558,0.174333,0.123,16.249891,4.04408
3,0.03926,0.180667,0.21905,16.714962,7.319113
4,0.053949,0.525524,0.470496,19.593831,18.999183
5,0.91977,7.668381,6.757331,145.895957,44.183893
6,1.813207,12.874968,11.10974,265.785252,76.308106
7,2.654904,16.364134,16.544261,417.967739,124.268767
8,3.514473,21.775169,18.110565,519.394845,171.638508
