,TRM,RLS,TRHS,GHS,LR
0,0.019473,0.072219,0.050796,14.912478,1.63689
1,0.018658,0.090722,0.102343,14.973445,2.255029
2,0.021556,0.124092,0.114146,15.400662,3.314642
3,0.03435,0.260841,0.15093,16.229064,5.826713
4,0.047975,0.379786,0.307697,18.614944,14.321985
5,0.812212,5.616151,3.22873,127.297122,34.045609
6,1.612225,9.366783,9.567525,226.104636,57.884622
7,2.253825,19.86431,12.236765,346.361916,89.756108
8,3.099658,26.500115,15.875281,465.962746,123.385904
