,TRM,RLS,TRHS,GHS,LR
0,0.018391,0.09285,0.108954,15.060339,2.474957
1,0.018438,0.110094,0.113215,12.19969,3.375822
2,0.020401,0.129816,0.168015,16.079064,5.106611
3,0.034311,0.313129,0.247463,17.324067,8.395729
4,0.070076,0.363348,0.413603,19.860555,22.653113
5,1.218387,9.320706,4.598646,179.797223,54.193379
6,2.230607,15.805034,16.099853,328.514413,93.903708
7,3.346525,16.706737,20.337614,500.470375,148.578306
8,4.36237,36.521211,31.862327,594.168669,211.080439
