,TRM,RLS,TRHS,GHS,LR
0,0.039594,0.062972,0.060978,15.083924,1.368788
1,0.030981,0.072977,0.080052,15.074986,1.953903
2,0.043786,0.087974,0.080929,15.306888,2.752095
3,0.040914,0.083999,0.163352,15.724986,4.485287
4,0.048974,0.366534,0.234347,18.411134,10.952276
5,0.33434,2.347625,2.418233,60.543928,28.818119
6,0.926084,6.91479,5.980374,152.920467,52.555607
7,1.615671,9.889853,6.528408,254.041786,73.151037
8,2.311757,18.555548,13.976302,343.204882,107.792624
