,TRM,RLS,TRHS,GHS,LR
0,0.033989,0.087964,0.076845,15.38706,2.871343
1,0.035979,0.107941,0.089965,15.671902,3.887481
2,0.037842,0.207047,0.102957,15.969163,5.431913
3,0.043987,0.307829,0.23596,17.2023,9.516952
4,0.058109,0.478445,0.856262,20.53862,24.663468
5,1.167337,7.745549,4.845551,200.821901,60.358674
6,2.393398,17.500257,11.895208,336.024013,108.863838
7,3.400701,25.333969,14.94952,505.648984,173.146836
8,4.629712,37.773475,24.003929,636.992577,240.920021
