,TRM,RLS,TRHS,GHS,LR
0,0.041238,0.137902,0.113137,15.568088,3.196459
1,0.034005,0.14879,0.114813,15.858198,4.29681
2,0.035992,0.196416,0.155586,16.297593,6.245611
3,0.038936,0.346328,0.221987,17.65347,10.217239
4,0.070194,0.522195,0.596359,20.334179,30.354854
5,1.363397,14.1537,9.699579,206.108867,72.443835
6,2.65698,18.799595,10.656544,375.004839,131.466127
7,3.908701,27.73236,20.017197,547.672222,194.119376
8,5.073491,37.191719,26.501756,676.569113,297.574976
