,TRM,RLS,TRHS,GHS,LR
0,0.024003,0.047982,0.054982,14.601503,1.541705
1,0.025002,0.07398,0.060979,14.798671,1.816336
2,0.033982,0.117946,0.073972,15.151975,2.793817
3,0.03199,0.177894,0.132924,15.68319,4.489483
4,0.042995,0.393777,0.279856,18.081608,11.704232
5,0.667609,4.111706,2.711485,105.313404,27.619313
6,1.291288,7.913562,5.257225,190.345725,48.756885
7,1.916935,11.768385,7.965749,273.113985,70.853253
8,2.555563,18.717493,13.098777,385.239521,97.949655
