,TRM,Local Ratio,GHS,RHS,TRHS
0,0.061324,11.218975,41.815984,0.780222,0.841067
