,TRM,RLS,TRHS,GHS,LR
0,0.033007,0.118291,0.092471,22.017075,2.269113
1,0.032904,0.144347,0.104366,17.046334,2.973403
2,0.035065,0.117584,0.124891,17.192179,4.110056
3,0.037651,0.17996,0.179828,17.877272,6.787642
4,0.054719,0.819975,0.470043,21.126908,19.129471
5,0.915806,4.662383,3.780639,160.746568,45.472102
6,1.781112,10.975981,11.083844,294.063953,78.958554
7,2.644425,19.238026,10.840946,421.477385,128.66162
8,3.607076,22.339281,18.763278,550.499606,182.609276
