,TRM,Local Ratio,GHS,RHS,TRHS
0,0.078123,28.428921,54.013005,1.906186,1.109342
