,TRM,RLS,TRHS,GHS,LR
0,0.035003,0.103944,0.098966,15.153918,3.308937
1,0.036983,0.131935,0.113944,15.514128,3.941013
2,0.038979,0.137923,0.17392,16.163183,5.760411
3,0.044983,0.203887,0.195908,17.109978,9.502665
4,0.062982,0.46974,0.409786,20.479905,26.840026
5,1.197354,7.33995,6.170611,194.294456,64.278284
6,2.902398,19.62716,12.053335,343.214705,120.432924
7,3.4501,25.752751,28.968173,517.494609,184.504298
8,4.602463,30.226258,23.883003,692.772995,256.767268
