,TRM,RLS,TRHS,GHS,LR
0,0.031145,0.056792,0.050725,16.60795,1.186922
1,0.018626,0.072791,0.058703,9.439006,1.398073
2,0.028349,0.121244,0.078124,2742.245449,2.041914
3,0.025675,0.108955,0.139602,10.256433,3.41729
4,0.04253,0.38946,0.276177,10.587244,8.745307
5,1.190553,9.902473,6.111744,152.871569,22.376236
6,2.834495,20.167691,11.494872,332.043646,37.321333
7,4.614155,32.22191,18.382498,469.683557,58.361463
8,6.429985,45.597308,31.535609,697.813906,74.868227
