,TRM,RLS,TRHS,GHS,LR
0,0.051381,0.082941,0.096672,15.556075,3.157022
1,0.040999,0.113919,0.094965,15.687007,4.181902
2,0.057222,0.222305,0.157271,16.326561,6.235233
3,0.051442,0.274387,0.210899,17.393376,10.09951
4,0.067977,0.535291,0.474433,21.300702,33.102447
5,1.335931,9.668248,8.458214,207.201254,68.783874
6,2.604184,15.97678,16.416184,376.481994,125.005763
7,3.872365,28.142562,24.330077,531.325358,189.479148
8,5.414466,31.53296,26.650118,732.896773,291.320535
