,TRM,RLS,TRHS,GHS,LR
0,0.037992,0.055965,0.086976,15.529695,1.936679
1,0.036984,0.064955,0.098933,15.55812,2.610058
2,0.041994,0.147929,0.087955,16.082069,3.640936
3,0.045984,0.143913,0.113936,16.406118,6.24379
4,0.061209,0.358812,0.433751,18.636981,14.800768
5,0.358545,2.710399,2.127435,62.573412,46.708499
6,1.15023,9.815978,5.962422,201.102901,69.640213
7,1.935654,10.325385,12.188061,302.171358,107.435534
8,2.746378,17.249313,11.305376,408.221696,145.65769
