,TRM,RLS,TRHS,GHS,LR
0,0.099641,0.155367,0.171768,12.947441,4.954826
1,0.053544,0.203026,0.232419,11.756058,6.820211
2,0.057508,0.255171,0.240403,15.329106,9.454456
3,0.071954,0.428962,0.338372,16.814478,16.32269
4,0.095181,1.410648,0.957123,21.103986,42.679011
5,4.187314,6.710843,6.082965,55.349819,125.91945
6,10.406047,12.277211,12.32503,79.482864,228.254378
7,16.447631,19.598466,18.172494,99.923338,387.952956
8,22.593959,25.884834,25.338012,96.044817,587.468072
