,TRM,Local Ratio,GHS,RHS,TRHS
0,0.07489,16.82879,62.356809,0.826941,0.756907
