,TRM,RLS,TRHS,GHS,LR
0,0.049825,0.180301,0.14494,14.814433,7.123892
1,0.059838,0.341622,0.184721,15.240592,9.708235
2,0.056536,0.280716,0.333278,14.986738,13.489932
3,0.077839,0.52555,0.726337,19.146948,25.454153
4,0.099205,1.424027,1.504698,29.586272,65.940291
5,5.455617,7.857736,6.730385,56.062117,183.166724
6,12.471975,15.348189,14.74461,75.613318,360.428469
7,19.283076,21.618516,21.084582,145.233223,650.538308
8,27.267832,30.388318,29.068752,156.739874,1184.339221
