,TRM,RLS,TRHS,GHS,LR
0,0.001619,0.021773,0.008552,8.406694,0.025842
1,0.002327,0.017167,0.01938,7.716891,0.023242
2,0.002529,0.024867,0.024721,7.948278,0.031292
3,0.004939,0.063628,0.024736,7.886509,0.048808
4,0.014523,0.169468,0.119106,9.808827,0.083195
5,0.022119,0.193309,0.094677,11.432046,0.124751
6,0.033121,0.391152,0.134941,13.106733,0.179672
