,TRM,RLS,TRHS,GHS,LR
0,0.027288,0.089801,0.060621,21.029669,1.713896
1,0.028023,0.063983,0.088928,15.697846,2.319708
2,0.029861,0.104122,0.112599,16.442926,3.196301
3,0.033867,0.154069,0.188085,18.748797,5.148964
4,0.047395,0.45127,0.311144,19.922692,14.404816
5,0.72763,5.285461,2.970041,125.261739,32.874284
6,1.431803,10.30476,8.82395,226.836311,56.215577
7,2.101194,13.455431,8.600302,351.454836,83.541579
8,2.814109,14.268772,17.431559,435.198957,115.085043
