,TRM,Local Ratio,GHS,RHS,TRHS
0,0.10014,29.721333,62.881212,1.146704,1.622887
