,TRM,RLS,TRHS,GHS,LR
0,0.08335,0.095948,0.069164,11.694247,1.453795
1,0.039271,0.116601,0.082568,22.836823,1.849975
2,0.039493,0.128658,0.180937,10.281283,2.542863
3,0.061706,0.205779,0.184686,8.307742,4.203957
4,0.058495,0.464412,0.328242,10.027445,10.636971
5,1.718953,10.593894,6.859575,221.180251,26.791651
6,3.691466,30.213839,14.98754,419.620957,44.928509
7,5.664147,34.679946,22.920163,622.631136,68.125911
8,7.685435,46.281803,38.498219,793.411737,91.332002
