,TRM,Local Ratio,GHS,RHS,TRHS
0,0.059306,5.182278,28.986408,0.438471,0.404047
