,TRM,RLS,TRHS,GHS,LR
0,0.019571,0.071778,0.084857,14.698265,1.667184
1,0.01859,0.090733,0.079201,14.953925,2.292643
2,0.02061,0.136909,0.107134,15.493038,3.194529
3,0.018608,0.12596,0.168959,16.20827,5.24855
4,0.065356,0.348582,0.311195,18.2224,15.701833
5,0.765663,4.671168,3.924248,121.321617,32.474477
6,1.463737,10.608654,5.983506,220.993161,56.199047
7,2.218497,13.404782,8.961968,322.834547,85.756408
8,2.868039,21.002351,14.842262,418.813882,115.642146
