,TRM,RLS,TRHS,GHS,LR
0,0.054983,0.156925,0.208894,14.642192,6.589355
1,0.057981,0.242879,0.216878,10.402749,9.313175
2,0.060981,0.261854,0.427753,18.045386,12.683421
3,0.072942,0.590687,0.570675,23.98922,23.632091
4,0.104915,1.354258,1.26729,34.427244,61.870526
5,4.9752,8.030521,6.618305,63.174067,194.463343
6,11.775422,14.977616,13.379648,71.934463,345.818339
7,19.371876,24.661177,21.250098,126.209561,653.063362
8,25.503689,28.405074,29.153632,175.323115,1014.664354
