,TRM,Local_Ratio,RLS,UGA_RLS,TRHS
0,0.086114,9.901826,0.801021,18.210519,0.855881
1,0.063775,7.509563,0.646009,29.500054,0.591414
2,0.041509,5.688695,0.765395,21.217808,0.562714
3,0.031211,3.725377,0.547659,17.750999,0.456537
4,0.018899,1.710818,0.350115,14.451414,0.203269
