,TRM,RLS,TRHS,GHS,LR
0,0.067966,0.174925,0.238894,14.698535,8.802685
1,0.103968,0.261862,0.328846,16.627471,12.558273
2,0.075975,0.356833,0.369823,14.292845,18.377491
3,0.085952,0.702659,0.437777,23.735943,31.430749
4,0.11238,1.639235,0.907055,39.790878,81.519446
5,4.72659,7.578135,5.989943,48.299611,271.075728
6,13.421118,15.900873,17.846861,114.655054,588.580205
7,21.387921,24.684239,25.20695,115.684071,1010.563118
8,30.488429,34.436495,33.303712,143.14702,1709.442312
