,TRM,RLS,TRHS,GHS,LR
0,0.021993,0.047988,0.056985,9.744072,1.1159
1,0.022989,0.076966,0.082948,10.15055,1.536801
2,0.023986,0.110952,0.096933,10.125773,1.946033
3,0.026997,0.143933,0.140935,10.802438,3.167112
4,0.037981,0.378788,0.352815,14.715334,7.904394
5,0.882498,1.722026,1.773012,17.310433,20.465495
6,2.281723,2.994319,2.824403,24.267241,35.933164
7,3.858827,4.719344,4.503654,33.582306,53.996957
8,5.084141,5.829715,5.904674,33.911607,65.098004
