,TRM,RLS,TRHS,GHS,LR
0,0.018423,0.112676,0.102089,15.376022,3.026191
1,0.047532,0.192722,0.13208,15.99598,4.014484
2,0.035264,0.116716,0.160448,16.257504,5.553756
3,0.052682,0.225418,0.210262,17.248099,9.684173
4,0.091859,0.546342,0.473026,21.093669,30.454546
5,1.296575,11.87114,7.896611,192.942987,63.698948
6,2.470226,20.353309,15.445255,357.24692,113.771244
7,3.717923,26.426867,22.866293,513.407307,176.031035
8,4.88653,29.868124,24.973757,730.485199,259.69431
