,TRM,RLS,TRHS,GHS,LR
0,0.018464,0.065783,0.095702,14.930553,2.835251
1,0.033991,0.130509,0.116873,14.981285,3.909316
2,0.036574,0.195005,0.143143,15.961885,5.287253
3,0.039593,0.263488,0.192035,17.401597,9.236573
4,0.058948,0.577494,0.530603,20.811707,24.377611
5,1.170461,5.879185,4.736971,186.00411,68.512739
6,2.272798,16.301683,9.191087,330.912075,109.254316
7,3.389753,24.25413,17.237429,496.568605,172.891928
8,4.474872,36.991968,18.150161,668.278856,247.907498
