,TRM,RLS,TRHS,GHS,LR
0,0.030122,0.070713,0.076834,22.34725,1.592468
1,0.025299,0.08136,0.063929,16.155182,1.94948
2,0.026121,0.106648,0.077872,16.626282,2.666507
3,0.029987,0.214574,0.135434,17.236375,4.493974
4,0.044097,0.349694,0.287218,18.922054,11.826415
5,0.65364,4.01395,2.684906,115.634226,29.820632
6,1.273166,9.103553,6.478553,209.034355,47.509276
7,1.869645,13.47484,9.646067,367.503656,72.630996
8,3.216677,22.4707,19.399549,469.688786,96.404827
