,TRM,Local Ratio,GHS,RHS,TRHS
0,0.149375,56.358476,106.207799,2.182121,2.614667
