,TRM,RLS,TRHS,GHS,LR
0,0.033981,0.133942,0.077969,15.519879,2.846824
1,0.046975,0.138922,0.087967,15.602077,3.881644
2,0.043992,0.134937,0.137922,16.242505,5.26217
3,0.073958,0.267848,0.196904,17.101978,9.573203
4,0.062978,0.469738,0.691601,19.96485,25.06068
5,1.257293,8.489249,8.804068,178.926061,61.740159
6,2.297732,16.902567,14.297797,363.500021,114.59289
7,3.491213,20.935303,13.987187,537.155231,174.406248
8,4.617154,33.106441,23.447894,684.735126,249.697891
