,TRM,RLS,TRHS,GHS,LR
0,0.04297,0.112938,0.099948,15.353715,2.795789
1,0.033975,0.07497,0.139903,15.510575,3.40852
2,0.037995,0.198927,0.148645,16.180647,5.098247
3,0.04697,0.193905,0.234869,16.913079,8.555195
4,0.060984,0.559684,0.505558,20.305273,23.288906
5,1.134243,8.636417,6.898519,172.281341,60.558083
6,2.14944,11.807937,11.375367,309.556343,100.686384
7,3.21179,23.568463,13.201086,473.581475,159.94398
8,4.297112,30.727936,17.584576,613.395823,217.470773
