,TRM,RLS,TRHS,GHS,LR
0,0.019481,0.087141,0.068303,14.829322,1.732654
1,0.018701,0.089816,0.092549,15.034839,2.345431
2,0.018515,0.1553,0.083263,15.529458,3.369441
3,0.019634,0.265482,0.166574,16.473673,5.612892
4,0.054206,0.571451,0.320948,18.938828,14.024593
5,0.79071,5.849682,3.296636,135.804173,33.703125
6,1.589513,7.899208,9.711605,223.334945,59.52501
7,2.305095,19.00876,14.191198,349.018665,89.686735
8,3.065981,18.760759,15.693572,416.111368,117.625638
