,TRM,RLS,TRHS,GHS,LR
0,0.029005,0.072974,0.088965,14.912629,2.106301
1,0.030006,0.106943,0.112931,15.429989,2.535384
2,0.031971,0.11484,0.117928,15.966729,3.976036
3,0.037997,0.268849,0.120868,16.671653,6.550496
4,0.053189,0.488729,0.432658,20.28444,17.077998
5,0.886347,4.669816,3.609676,150.461481,43.182837
6,1.719914,12.456656,7.147987,259.798225,72.192708
7,2.610311,18.495143,16.039606,399.021398,110.256739
8,4.27305,20.8827,17.44264,475.667666,150.777016
