,TRM,RLS,TRHS,GHS,LR
0,0.029438,0.122812,0.126124,16.920921,2.404069
1,0.019917,0.156158,0.094312,15.67921,3.171424
2,0.01864,0.126422,0.13311,15.643922,4.425688
3,0.044466,0.196268,0.187372,16.568825,7.380428
4,0.062125,0.649357,0.390773,19.978936,20.812091
5,1.028263,6.230678,5.236623,166.700826,48.122233
6,2.044177,14.088578,10.085925,301.352393,88.563254
7,2.881953,24.034119,14.899848,448.294528,127.389554
8,3.897463,36.324776,20.094645,525.185528,177.538819
