,TRM,Local Ratio,GHS,RHS,TRHS
0,0.031249,3.781153,23.140099,0.546881,0.281237
