,TRM,RLS,TRHS,GHS,LR
0,0.025998,0.065979,0.058969,14.745082,1.59682
1,0.035984,0.081971,0.136926,15.062836,2.304467
2,0.024313,0.139019,0.086982,15.216287,3.228538
3,0.037,0.153927,0.224874,16.063402,5.407317
4,0.046995,0.486731,0.3888,18.187497,13.743709
5,0.753582,4.643423,4.825512,121.780653,34.372317
6,1.468198,10.627099,6.169575,211.16944,56.770098
7,2.265743,14.338008,11.726078,322.632497,88.526117
8,2.878391,17.734136,11.748479,426.882844,118.668448
