,TRM,RLS,TRHS,GHS,LR
0,0.058992,0.141926,0.111478,16.459689,4.871952
1,0.049842,0.164082,0.11993,16.713715,6.315521
2,0.063812,0.194913,0.176129,17.200583,9.286708
3,0.07398,0.286371,0.242013,17.946643,16.187512
4,0.098342,0.635219,0.444771,22.488641,44.595177
5,0.656672,5.889191,3.570403,143.259012,125.702357
6,2.394494,15.423731,15.082197,400.991925,235.433558
7,4.376443,31.140334,22.219836,647.65472,390.399341
8,6.296815,51.599517,31.210995,886.346958,578.130253
