,TRM,RLS,TRHS,GHS,LR
0.2,29730.322413247985,30751.531554505924,29298.171087719664,28980.8084134918,28793.639318377904
0.25,41996.90260657008,42247.2184712471,40311.74241350722,39134.93073258185,39134.93073258185
0.3333333333333333,51704.885922917405,55069.345241346135,49463.370218255186,48936.523943914326,48899.82087882941
0.5,81821.31651552102,76209.60683195635,76357.25413601247,76239.33185984328,76047.1747804889
1.0,200376.01337930784,197712.28329136682,196320.13639555871,196354.96142691595,192865.15978001294
2.0,309044.4729486514,305946.8991333713,306645.41756375064,306645.41756375064,306189.4947067094
3.0,465980.425574147,463589.5446362755,464575.1380661232,461366.6803390863,458520.8846027262
4.0,601246.9080812387,600008.3681423144,600113.8010261848,601811.3166912182,600019.3485534751
5.0,732566.1291692866,734239.6284543126,731650.754889329,726982.565132325,724486.829973234
