,TRM,RLS,TRHS,GHS,LR
0.2,24128.541252323008,24177.473137308498,23740.88735270113,24129.56897084291,23564.65370797937
0.25,26664.13621884815,25643.95131923481,25614.88466143423,25614.88466143423,25614.88466143423
0.3333333333333333,33925.58225156641,32218.696147450722,29697.292043397396,29697.292043397396,29697.292043397396
0.5,48074.756614087644,47855.05552617911,45766.64772531946,45820.720257288245,45766.64772531946
1.0,135780.16343696212,132409.9713719789,132109.4521143674,131599.7849903881,131130.8073312425
2.0,252346.42825791443,250147.7374616157,247096.48661977373,247206.04192914822,243893.45009073254
3.0,382601.15951097524,379902.01071250596,377879.3878619336,378704.3558510062,376681.3449498874
4.0,491450.24464154977,478198.2660254637,490742.2352972611,482967.6695721228,478444.79007738957
5.0,586377.6178386572,585026.0818246101,581870.8823591372,581388.8871471268,580958.6900177569
