,TRM,Local_Ratio,RLS,UGA_RLS,TRHS
0,444026.1093988247,433374.8512828091,434173.9581685319,435500.03909518063,438140.22294981795
1,368605.40048480924,359746.89394199545,362006.82402047137,361408.6261387804,363419.78844989947
2,286877.0331053661,276204.78824110195,278106.52777905605,280063.6314571185,280863.62648887327
3,207006.34075035583,195948.74419037142,200291.7694443163,200264.28898246965,200346.6174820901
4,76185.99774889492,70640.69744945683,73009.45405160787,70797.60935507355,72542.38146655701
