,TRM,RLS,TRHS,GHS,LR
0.2,49834.99933092676,49481.314427243706,48220.8438970312,47858.02692515829,47807.82459795348
0.25,66023.68358789253,62679.82396457082,63982.90361063696,64009.576600029744,62679.82396457082
0.3333333333333333,78768.57804053104,79742.53802246097,74410.3864938197,74296.12845907167,74198.8964162291
0.5,97405.82670230864,89488.13646299392,88871.35616862864,88693.18880388992,88536.25145940874
1.0,284097.14051239524,262938.16036965465,263404.7809018842,264708.0706259293,261941.78218622896
2.0,523901.67538060603,516429.66693241085,518946.4754935992,514791.27450570423,509764.84091666416
3.0,766414.2300669415,756783.760163094,760278.133273242,748673.9401097836,745295.0745892661
4.0,939604.4791236763,924197.325933989,934674.3618493518,941964.9985302215,921714.2364963007
5.0,1105407.1948964233,1106888.0035833758,1103572.8362679956,1103056.2779099853,1099852.505794148
