,TRM,RLS,TRHS,GHS,LR
0.2,33432.37550891268,31890.642065157586,31910.679365722932,31910.679365722932,31890.642065157586
0.25,47793.60202633142,45226.54366053271,44196.359180720254,44158.37286675264,44090.78970653231
0.3333333333333333,64663.23485165569,68264.90536522228,62505.15063821146,62011.34790871837,62011.34790871837
0.5,88348.17923224637,90850.82044029776,85490.50265045065,84804.05755425977,84587.94100571626
1.0,244793.75499036687,235516.06041367192,233513.48857964898,234018.62745115202,232709.40975712996
2.0,437875.57692451857,432942.1522662769,431962.3341228021,435662.3875039861,431365.4458321281
3.0,606189.0058868899,599433.8357963192,601829.3968361053,602397.4844251574,593900.7615548192
4.0,882072.342207426,875550.1819371093,876696.5287851421,882834.5219339741,873731.0035497807
5.0,976654.019235949,979644.189766799,974931.0965927277,974575.4894035698,975095.4746942123
