,TRM,RLS,TRHS,GHS,LR
0.2,26225.435699237176,25233.075420224788,25617.562387335063,24745.74835572558,24745.74835572558
0.25,41501.65015662812,40152.298564454766,40126.36001429414,39672.44162512958,39672.44162512958
0.3333333333333333,67183.55785118406,66795.36459443156,65998.82644166317,65418.391982107794,65418.391982107794
0.5,99432.25844466199,94438.16689547201,93244.12383861304,91679.63207375165,91679.63207375165
1.0,171746.41874404694,163096.1163641697,161683.3949965088,162548.94414537784,161521.79600810388
2.0,331966.17652650934,334003.7404402538,329944.9727010406,332102.8157967647,328353.31220867665
3.0,505750.9225947387,493912.02078285394,503383.2533014328,498539.57338958164,494252.6823277072
4.0,714886.6688503082,705418.3659125755,706218.5600912317,706558.4696709149,700095.9642130503
5.0,830415.8586907781,833798.2733503531,830066.6214385696,830743.3012718139,831881.1979141021
