,TRM,RLS,TRHS,GHS,LR
0.2,21933.664970089427,19730.098123159783,19977.59504943742,21763.91191406462,19730.098123159783
0.25,23787.456413509564,22089.770355453133,21642.322565750415,24962.535039614286,21513.74628639652
0.3333333333333333,31283.178020301162,29676.733424728864,29507.32552202537,31922.698535613992,29281.49168762188
0.5,48774.78928898705,44408.11980867955,44022.989421646795,46297.94178380651,43539.67648220136
1.0,111678.33925121519,107847.67057318904,106370.00247470333,107526.18296310859,105534.79932994062
2.0,233521.4031977464,228145.88059517808,231645.39710859972,230940.54408488743,232547.14209769116
3.0,382834.07286681613,381066.7748928806,380250.7848509018,357510.48401189345,381401.35203340696
4.0,449645.5371445646,448032.65872398607,447482.9726101049,433493.45510654384,444633.3246136907
5.0,521644.2270323633,514409.89140485483,520341.546075408,499332.99970652314,515966.81116722384
