,TRM,RLS,TRHS,GHS,LR
0.2,23103.19639668157,26595.422641288413,22446.99099262039,22385.317054359966,22283.846320506203
0.25,45142.05231749936,43229.47450974772,43229.47450974772,43229.47450974772,43229.47450974772
0.3333333333333333,48214.03756074754,47667.71752001415,45771.6583111453,45143.37589788862,45143.37589788862
0.5,67409.38425524083,72498.93552091444,65810.00025357786,65434.641357326895,65417.841029623516
1.0,219958.2158650595,215139.03774763172,214310.78290755552,214372.91769522976,212940.39844397287
2.0,355642.7035105625,343794.7253472238,347355.6877480858,349140.0597194067,346015.7194611909
3.0,485371.8157941194,481320.58207942446,482196.9785085262,480290.6519382649,480951.63205884147
4.0,596871.0222427588,590076.1241039376,595414.64928448,596096.2947643109,590801.9091428079
5.0,738599.8827158521,736537.2643336607,737879.3437438053,738358.9943980561,732087.0107996974
