,TRM,Local_Ratio,RLS,UGA_RLS,TRHS
0,438857.0662756992,435273.4654023368,437103.63720350876,440741.6544319651,439449.09960301727
1,345926.700396141,336573.1510420219,344757.87685080717,344222.9618833808,343962.7036041024
2,288877.987145094,276333.6241016199,280234.5440509304,277742.84540484013,282083.9124187413
3,207404.31864353377,207246.82435321744,211915.27342436233,209616.55607173403,209246.88928403988
4,96746.50069238598,92108.87732215332,94189.68332222635,92131.32418840409,92108.87732215332
