,TRM,RLS,TRHS,GHS,LR
0.2,31787.67498009192,30382.006014062976,31581.7866932068,30335.923780699668,30335.923780699668
0.25,26584.948391331087,25366.912623038585,25366.912623038585,25366.912623038585,25366.912623038585
0.3333333333333333,51080.6446498232,49843.55604361034,49920.78378027996,48985.1815808076,48843.21448998974
0.5,54090.08088683264,53317.981502972194,51690.766763940206,51690.766763940206,51690.766763940206
1.0,137513.35763690228,132810.06976383727,132551.49917969792,130474.32522677352,130343.76065511754
2.0,254227.15060268238,242454.15326996782,247146.35981706379,245655.34127745527,235985.43516438172
3.0,383187.5452804117,381185.11024294625,377246.31928530836,375863.8099706778,369163.5490932894
4.0,459570.2437764538,458841.1457421816,458026.8671015502,454814.05845976656,453339.2866781792
5.0,621800.8829428871,607421.9271703368,614211.503532779,609933.2809687785,609810.2301983857
