,TRM,Local Ratio,GHS,RHS,TRHS
0,59707.87274403226,55651.09149554781,55651.09149554781,55817.04134836697,56001.63892300453
