,TRM,Local Ratio,GHS,RHS,TRHS
0,122931.85913051634,135480.28272996767,113168.64314251083,116222.34972299125,113829.81241560905
