,TRM,Local_Ratio,RLS,UGA_RLS,TRHS
0,436935.8660563785,434000.14475658577,433494.156147581,434060.1482121052,435916.46432619967
1,338795.6857500696,333309.5673056408,338811.8905757089,338811.8905757089,337889.7270623363
2,255750.98411957885,252281.75368494226,252798.3018096819,255380.4169960176,255230.1153871731
3,216541.81667110746,214275.55291640485,214275.55291640485,213671.26542104036,214275.55291640485
4,94436.51257715645,92929.4660603453,93155.74358772984,93155.74358772984,92932.12077909811
