,TRM,RLS,TRHS,GHS,LR
0.2,42719.1653437791,40851.3299143721,40808.309444755956,41690.05318257255,40470.25366273988
0.25,38377.61407002575,35879.16229004114,35670.79151452274,36518.75295458232,35621.59889852851
0.3333333333333333,61106.48039532768,59269.50395804943,55236.07523105987,57309.48138396259,54836.39151700528
0.5,96655.91754113018,93245.68272890458,91984.04528098344,93403.7614530326,91036.57392961995
1.0,260174.79370355024,256479.53318093915,255180.4533573712,256638.92675968766,239657.22930097344
2.0,352076.7269163134,347220.9815319563,349675.2954143567,337151.67141084926,342207.6402928229
3.0,495674.1875474944,478146.4223828859,488787.96612116235,479326.7380676539,481957.37889565545
4.0,678982.4244262722,664893.3222469169,676302.4806827497,664298.7461476709,663696.4833543157
5.0,780334.587435665,775455.5898218276,777044.1544406817,768907.5829920229,768744.1051563363
