,TRM,RLS,TRHS,GHS,LR
0.2,28498.415117992517,28647.614651913416,27071.756765502647,29083.27582152229,27071.756765502647
0.25,40993.50650502736,37628.74125836728,38317.49558547554,39831.368203746664,37560.49285521922
0.3333333333333333,76959.0693919526,76060.51633431685,73055.14206418007,76419.71922958114,72768.9327258459
0.5,100892.16957333285,94621.29111433489,93882.47515784824,97126.81122119834,93018.24179685507
1.0,215565.44544061538,212438.4766643652,212420.88179227858,213261.7084164327,208066.82241363788
2.0,337162.07427081425,329197.69833781995,329411.0427565965,332020.9624424287,324502.4101545391
3.0,516408.12491087994,511120.82694865257,511863.57826242864,514941.10041196836,507887.43162950146
4.0,742583.6111207068,730139.5894481806,735633.5947879922,729197.2749486713,728082.9333080356
5.0,830721.8713493503,822760.923000077,826654.1942284605,821900.1863617449,818123.8063568074
