,TRM,Local Ratio,GHS,RHS,TRHS
0,90900.82632261248,87705.19467636534,87953.67982757061,97573.26006072419,88068.76788931723
