,TRM,RLS,TRHS,GHS,LR
0.2,34479.105493938616,34021.96868488177,34021.96868488177,34021.96868488177,34021.96868488177
0.25,28823.120068472308,28281.696784920332,26725.414868286105,26467.437836817575,26467.437836817575
0.3333333333333333,39547.40399683492,38881.086207874294,38881.086207874294,38664.958026779444,38664.958026779444
0.5,69014.8413570849,67021.11247293947,65971.32493571195,66151.88413551408,65759.55926950913
1.0,167662.31319246063,164434.9907633289,162764.6218246186,163317.7157188165,161970.81491780962
2.0,328934.66558950726,315561.64019401773,317366.16179776966,316712.6451462599,315833.09414674103
3.0,420401.4661722971,417699.78244576155,416771.7885142746,414973.8889770566,414509.4322730596
4.0,596117.637440735,603112.534860163,595291.020812226,596795.8067149682,595692.9486408035
5.0,736408.8676989139,733611.849997245,734608.1401099956,735460.6550690681,732077.0037084364
