,TRM,RLS,TRHS,GHS,LR
0.2,29155.433990558195,27476.910334915905,27476.910334915905,28879.97809623951,27476.910334915905
0.25,40238.79644085348,37868.113772726814,37981.76478642551,42283.67631566642,37557.71864847788
0.3333333333333333,44898.9251522539,40470.65438476969,40420.24616274961,41558.3248475357,40420.24616274961
0.5,75172.93511401267,81677.62803808185,71779.80175818794,83590.7435966426,71779.80175818794
1.0,256915.6747715449,250826.59086728544,251238.88896748555,252488.5591786763,244435.62635995512
2.0,355076.1299546027,353426.48586406396,352495.6071877641,351171.691451991,345680.77698660275
3.0,520627.69645259035,517071.34779659717,518259.94671238516,518250.956440602,514583.02774192527
4.0,913586.3235200433,900605.1190065285,913586.3235200433,913619.3407781649,909847.4142611318
5.0,849745.9865458363,846962.4367292492,847604.1203134997,842880.6986380105,838878.8770274991
