,TRM,RLS,TRHS,GHS,LR
0.2,12296.383832142326,11697.562142956838,11407.638293202855,11407.638293202855,11407.638293202855
0.25,16205.583246826329,14701.627897387469,14769.931750825051,14578.27532183317,14578.27532183317
0.3333333333333333,27562.605305668432,25136.39760946703,25047.6966966767,25136.39760946703,25047.6966966767
0.5,60357.40369535253,59038.38344776791,58127.62247221145,58802.224933969155,58115.832022255025
1.0,94279.84099268685,91154.9512850846,90359.66665708754,90359.66665708754,90345.14447277736
2.0,194033.11309472326,190119.03532882562,190790.47032355054,191819.54108463586,188256.17263395266
3.0,255432.33689523255,261583.2902317472,253676.14042997465,250701.31126057365,248936.06950167113
4.0,363929.2267352961,354079.2763925768,363482.1443862394,359427.33905299875,356703.9573834685
5.0,408457.47651386756,403892.9509716837,406143.28629454086,405700.33308818913,403165.02220796584
