,TRM,RLS,TRHS,GHS,LR
0.2,37338.47935491439,34517.42964769007,34517.42964769007,37297.72438516685,34517.42964769007
0.25,39977.46022179823,39054.47004576992,38792.555651106486,39067.073634068445,38785.277217365976
0.3333333333333333,52195.16751339524,48074.80308490455,47261.831329406654,48880.03390150486,47193.78196081477
0.5,68697.45177782247,64886.84164022971,63972.36032321888,65875.56929197448,63674.51396102947
1.0,199045.45595985165,193286.80280307436,194758.69933197592,195181.54609872974,192258.35423958805
2.0,342610.9574649241,339749.3373519165,340969.2285214921,343780.951278405,338184.54329476866
3.0,494938.01576102694,494754.51634955325,493756.56480802345,494229.18737263413,492833.78134246205
4.0,640999.7799247786,640499.5582011543,640416.8487808403,631835.4731764124,639419.0141650173
5.0,860462.5262400158,852521.7433363058,859502.632645853,859332.2692408615,855614.377279921
