,TRM,Local Ratio,GHS,RHS,TRHS
0,85761.19275358526,77631.99661563385,77642.08008552973,80548.37440404402,78251.94366150761
