,TRM,RLS,TRHS,GHS,LR
0.2,34711.908233021684,29553.6962196696,28457.86015999704,32718.625230279882,28457.86015999704
0.25,40907.66190686896,37123.13993547929,37987.32949241889,42326.347902862944,36972.868989839604
0.3333333333333333,63748.88038963112,59245.48005328015,59101.40147743823,66319.08704882626,57717.449938722195
0.5,73650.54124115998,63076.828939349776,63139.08023352603,66391.21575957994,62305.06170298436
1.0,197598.98904138702,189470.85763064967,189645.3761042383,189828.0317239569,187804.79654958122
2.0,291958.3479360094,290389.6032441154,281669.5833371022,290637.3125142921,288050.33307814115
3.0,445903.3726102468,445555.0121629066,443530.04136073857,447610.4697265141,441393.6936477402
4.0,625281.520049597,614549.7284635752,613961.7620335394,615899.9170946295,604346.7419719154
5.0,691311.0796918289,687220.9335064372,689966.3025968936,675673.1382101839,684096.2845196344
