,TRM,RLS,TRHS,GHS,LR
0.2,40293.259036756244,38929.272220198356,34868.1039504249,38936.8662808019,34182.046601251255
0.25,52517.841954690564,46476.32133778268,47000.81707325435,49028.47651293011,46426.09712345611
0.3333333333333333,56333.296464163315,52021.3766163535,47958.893940633934,52107.354103892416,47480.027294745276
0.5,73637.15588568366,65811.918004041,66256.09214165813,66792.2681276834,65399.45850222329
1.0,219383.35817417243,207045.4143983451,207018.8233544427,207900.0574141796,205916.91079517774
2.0,412535.8095110217,396314.9750673,404679.49527981615,396739.40967036464,393681.7389112063
3.0,580724.4363611528,563507.871030403,570954.5527182595,552424.3995146687,563419.2128306698
4.0,666323.1598839576,658225.2839537549,665737.3809306048,660504.8334498481,656182.7875240254
5.0,884919.0789077076,860287.0816851304,871555.7823915068,854885.6349035775,864836.5738861177
