,TRM,RLS,TRHS,GHS,LR
0.2,26901.879958518362,27625.611575740997,23020.594832924806,23020.594832924806,23020.594832924806
0.25,36345.870458075326,32757.610239986632,32757.610239986632,32757.610239986632,32757.610239986632
0.3333333333333333,43454.75596076992,43483.55104534142,43454.75596076992,43790.107774548116,43233.68017047587
0.5,65645.80829506737,64358.618900103,61504.50103783344,61475.50988928971,61262.93872162922
1.0,158954.80532990667,149739.83220597965,150551.1383997691,149644.0801332003,149644.0801332003
2.0,299820.03396061383,296758.80615121947,297522.6012461457,296807.5266714058,293960.40780850773
3.0,464087.15940339485,461586.0149196073,460121.1150182183,458735.8376145203,458687.7815992985
4.0,588672.2179575425,591460.0626632185,587738.8450880246,589911.4502385416,588495.7362185325
5.0,609667.932909017,611536.3354706009,605115.6734313357,607597.7430026825,608198.6976502319
