,TRM,RLS,TRHS,GHS,LR
0.2,44543.066060629906,44721.426785925374,43164.71448544132,43164.71448544132,43164.71448544132
0.25,26973.47568298818,27844.094153833976,26853.53492007069,26853.53492007069,26853.53492007069
0.3333333333333333,35600.948763533655,33691.72755093571,33604.517985198334,33604.517985198334,33604.517985198334
0.5,77522.69569431263,75705.23644156795,75234.66252715714,74738.21327292192,74946.17478636453
1.0,147848.47071627493,140772.0857459931,140553.6268259324,140328.88273902927,138968.37117972432
2.0,255335.11000365918,250679.1416245412,249969.88934352365,248004.01874632057,246770.05963604158
3.0,372462.6580643459,368033.7563654518,369074.8788049406,368453.9122226904,367303.1938692457
4.0,500602.51240244485,499443.066176369,496701.7921186635,497314.4893338867,493902.0863720546
5.0,674280.0510410063,665419.3054160153,668541.5791063731,666705.4184813948,665350.360938246
