,TRM,RLS,TRHS,GHS,LR
0.2,51292.95350005142,50173.31149080593,49161.75756615993,50942.970252148574,48955.73981030963
0.25,38417.83769061936,34730.859293326015,35370.89000713816,36222.20034376016,34636.58091915211
0.3333333333333333,72057.51814791343,72157.09791445461,71795.46374328349,72542.4100897525,71648.71466909497
0.5,121255.60712666222,118291.69769799839,117096.88811326664,119283.30012320967,116993.42766784826
1.0,247270.96843472167,238815.3931163937,237593.6487930809,240774.00996758236,237593.6487930809
2.0,421519.57083039545,424933.37828411086,420243.5608632566,428515.03144669766,413939.7556180744
3.0,633386.7264150555,630067.7541925564,630599.6169286303,629833.2060252714,622267.5961205523
4.0,899432.3653743312,891423.2272588088,898807.3635514271,898180.7261426742,893525.0949907587
5.0,1002846.25012218,988886.6360353812,1002374.7320033816,997304.8326405413,992076.8203796142
