,TRM,RLS,TRHS,GHS,LR
0.2,17500.96978833984,15270.206196614668,15467.714545188928,15177.989221387588,15160.890367804795
0.25,25904.801910581446,24841.325199885378,24293.986280968737,24293.986280968737,24293.986280968737
0.3333333333333333,36441.14586584746,33313.06819860152,33188.1433781347,32519.600764851828,32516.68191848515
0.5,56785.75758179241,54170.16276957109,53901.40652455198,53416.82904786843,53385.07435012409
1.0,134579.1248151352,120790.38961392513,119980.70070328642,118679.8496318768,118531.48268768551
2.0,229040.9196514337,225109.25093158972,219978.3067419421,217268.5987101524,217068.03462612306
3.0,326021.6249647387,319139.6754657228,321257.9809359824,320866.22427985666,314594.043151953
4.0,435974.40714906243,430716.5078890436,433954.13716680306,426811.31331010826,428508.1782133133
5.0,522118.1647216488,510557.4910645125,514220.8554700007,519503.1374954169,510281.9160022903
