,TRM,RLS,TRHS,GHS,LR
0.2,55471.657289179595,56218.203958786085,53476.725210870376,60162.865197430496,53344.61094922619
0.25,55012.0445238677,52493.1212947826,52483.453816956506,60386.602018907986,51600.326922974135
0.3333333333333333,90409.15560962586,90242.68966592914,87082.66367532627,93072.92481717997,87044.87131423403
0.5,86260.29003234745,78852.20247673702,79674.40718754467,80615.62150056072,78137.62789056399
1.0,230245.13946833953,221718.717712138,222772.8615627633,223883.88631330768,218378.41233101877
2.0,410812.65231707494,392321.55937097745,401279.0254639683,390344.99020378746,397737.07558399724
3.0,566323.2151145173,559196.2990023987,561234.8807371361,558240.5584252473,556013.4813263759
4.0,722846.247994755,722192.8822120514,722101.566570877,717077.2316950853,720529.0632823749
5.0,945250.9843082145,923210.8208797327,939966.3823150705,934123.5494334146,933384.2415903296
