,TRM,RLS,TRHS,GHS,LR
0.2,30844.034757241116,30488.797621711674,29003.993294318752,28764.418655650174,28764.418655650174
0.25,57524.42677963425,53560.126148691525,53531.31833947262,52664.46820453716,52636.105104655944
0.3333333333333333,49871.960969433574,49104.234096475266,47034.80097169719,46810.88297567467,46810.88297567467
0.5,76350.39351041279,73541.51527288454,73590.89446006769,73460.53283250787,73460.53283250787
1.0,163537.06822618042,168830.61997982196,151151.9465185786,151201.8800417127,149638.46225311095
2.0,496024.38718727324,491692.3545644296,476910.39848138293,477014.2505101365,463011.8292279362
3.0,587930.8211753314,572610.5212105622,569065.9921638259,571092.9687488308,553559.8108272727
4.0,677577.1514323853,670281.5229288681,671762.3632934747,669551.245971701,657132.0833850664
5.0,777564.9043956274,766671.0782911751,774215.4873361283,770910.4685891661,758800.6470955042
