,TRM,RLS,TRHS,GHS,LR
0.2,54187.777564554315,51220.73071722759,51196.045875822536,51196.045875822536,51196.045875822536
0.25,29547.328787656603,24841.863323389778,25651.017383727172,25769.299391533597,23737.803386219846
0.3333333333333333,59641.841636979356,59033.672026562104,56433.038208414415,67092.5800080394,56372.92349151086
0.5,90417.84156642003,86199.33414079122,84732.16283179705,87191.5066483085,84273.08337213463
1.0,176577.50168051198,161520.88124506347,159994.87178467316,161466.4422336731,159541.4596824905
2.0,377478.15672772436,361796.60699745774,369575.29112537863,371470.1129465345,364534.8913337082
3.0,580482.9291400899,566844.6436813807,573159.6907534087,573604.8085924069,571729.1202105903
4.0,674349.30993638,664207.2360048576,672014.1387680036,665512.4130637812,668235.4920910965
5.0,812771.1173074218,797112.3777716645,810256.112424877,798466.5003878794,803040.6102966405
