,TRM,Local Ratio,GHS,RHS,TRHS
0,60955.6649183848,74410.68413386411,61068.63468771179,60248.373869988514,59779.81862380725
