,TRM,RLS,TRHS,GHS,LR
0.2,23906.196981858044,23526.417163905393,22993.827813006843,24138.297626200223,22993.827813006843
0.25,27079.28385487103,25820.574089907892,25590.216304980455,28861.186737011798,25590.216304980455
0.3333333333333333,37009.87217017176,36729.50587194539,36032.2224677145,38152.0703886195,35785.48332380564
0.5,64003.829283309904,64034.48326293389,61607.02276889481,64054.12025484893,60292.682921390064
1.0,139402.39400270084,135716.18142362314,135711.61886675935,137318.87799109053,130422.96193496547
2.0,285865.99164614856,281177.146582096,284513.7068680917,285495.12934457755,284094.5513355672
3.0,385963.607602419,385492.67116917705,385818.6970081269,382224.2503789273,382638.95463136944
4.0,493535.8651249718,491735.35014845623,493224.1174923156,489323.8349361674,487256.0983763189
5.0,590120.6217830614,590245.404150123,590120.6217830614,590110.9828994898,587474.2178717867
