,TRM,RLS,TRHS,GHS,LR
0.2,32817.85692979424,32529.738791833093,30916.63799723802,33870.32173872521,30679.768720576543
0.25,45891.67560208714,41494.71612419405,41574.064082890654,41829.762043884526,41014.12512974614
0.3333333333333333,67086.29110786012,64315.33449924524,64423.316893629926,65363.28222391715,63481.308053270644
0.5,113113.2850620868,108157.9651129577,107640.35219270755,114614.47187199985,107305.21565490245
1.0,257656.44766416444,254867.27254564076,253701.71116252767,256596.83789903964,252731.431630669
2.0,416833.39983582444,408254.7109841609,413061.0282170169,397054.2297453939,411896.2594851003
3.0,581282.7499753921,577904.8335452945,579722.9530782832,584845.9241655646,573879.3430052685
4.0,812951.8393905365,809057.7318187298,811321.5971172082,783569.5707452645,804623.9932956297
5.0,877192.8147732924,875232.8994647104,874527.5486389241,874050.2977970036,872010.9245307812
