,TRM,RLS,TRHS,GHS,LR
0.2,29029.81624616634,27776.40724056613,27389.247346656583,28072.396794013213,27273.232804713076
0.25,42344.32649160766,42843.46963787939,42034.016690714285,42855.55983223582,41815.60614699094
0.3333333333333333,125474.629340526,124025.79428354512,122165.95138095181,122809.481995338,121764.82294245141
0.5,83002.41388995924,85127.73850987303,81002.64091194379,84016.07833589907,80795.49803098435
1.0,266629.7546201969,254766.74001646176,254671.41684059412,255061.01165157615,254186.93504748066
2.0,671006.0385505214,655703.5643966717,670755.2986928622,664161.9835214827,659995.506031211
3.0,729545.8540363177,720810.6620007157,727580.4957512466,709190.5148611694,722018.8526353355
4.0,1058006.8131929156,1040428.0789776465,1051726.7942406083,1036337.9236068845,1047027.9011338553
5.0,1106008.171477057,1094702.8716749009,1102409.101185143,1095281.01878417,1094891.9517473504
