,TRM,RLS,TRHS,GHS,LR
0.2,20520.994218149954,20406.809445491657,19044.743882256284,19010.660963918464,19010.660963918464
0.25,46242.3468619626,44383.89757885532,42899.82587158245,42781.908820142664,42781.908820142664
0.3333333333333333,41896.077334759895,39637.40329361397,38456.40478590484,38208.34492331131,38208.34492331131
0.5,83695.34150784832,82351.41580134185,81284.78703113826,80604.9612015456,80104.80440109356
1.0,165604.59275449568,157674.60029179513,156326.29610417664,156907.3808157479,155317.06566628497
2.0,283462.77533868636,279254.38726334646,279840.265505198,278496.37223378447,277886.9774071745
3.0,389230.9260934982,390635.25065559696,386554.6210949258,384629.79179892736,383036.1385017497
4.0,517619.22547760315,513639.8582081768,512674.5290337835,510000.4034442889,509773.2635805792
5.0,678393.8365344199,675219.7633249292,673009.7162844565,675403.1169207968,670717.5463281225
