,TRM,Local Ratio,GHS,RHS,TRHS
0,113222.58170040145,118251.00461410274,104228.73664070392,106617.03735781777,105585.33952908883
