,TRM,RLS,TRHS,GHS,LR
0.2,44411.110319493215,39707.83358998603,40509.1031763424,41211.75466387353,39598.91515326333
0.25,43036.018337969785,40973.952806327005,40892.55018103328,41476.27352589521,40503.15990835703
0.3333333333333333,67238.39561118232,63884.3539893824,64182.89246925102,65269.953564032425,63726.349518013296
0.5,89125.33633876144,82298.02014364486,82111.89961434405,84787.2555223658,82085.94169323334
1.0,208775.2930839969,205144.11526859575,206234.34611192046,207513.43664887975,200224.6189165052
2.0,341957.65351403214,342301.9268880911,340371.09751834173,341941.3764862644,342649.709065705
3.0,506833.192658737,496351.56137400086,502696.8153884065,490817.3705602414,495701.28760140215
4.0,644232.5760386804,639150.4611669368,642499.6861666557,636843.4828276137,639656.9430858829
5.0,811003.8435804382,801497.7847052313,808954.8060142343,798790.8246125628,796045.073745478
