,TRM,RLS,TRHS,GHS,LR
0.2,26003.184114691492,24285.469588529355,23975.914977188484,23682.490487380528,23682.490487380528
0.25,27178.233224057534,25838.734797319266,25396.23401853235,25396.23401853235,25396.23401853235
0.3333333333333333,44406.90420701098,39639.68181315625,39326.13606382247,39101.57025909707,39089.05409352943
0.5,61157.73303745281,58737.8449781243,57184.411904269946,56986.16243930415,56498.834061213354
1.0,154900.22351553035,145382.58900465543,141546.60114192253,142268.61959402048,141519.67852367868
2.0,319137.6545711383,315445.76303946285,313045.98385997524,310775.66689616424,310446.3641547654
3.0,447311.5283506152,442162.97366694215,439213.00856004574,442895.0749098046,436538.19840448804
4.0,545046.6829599189,543992.5520426139,541184.2404314274,534787.5427190703,532079.0550487812
5.0,692729.200715222,688016.3337685041,689497.2431493973,689352.5951775393,679859.9870193308
