,TRM,RLS,TRHS,GHS,LR
0.2,37565.791794564175,40555.01985122802,36070.22394771466,40555.01985122802,36070.22394771466
0.25,65224.25710690034,60186.81086970303,60186.81086970303,61983.34771690453,60133.22295373721
0.3333333333333333,68787.6397949228,61723.24411193856,61723.24411193856,64699.31409046186,61536.97966086201
0.5,111603.08137505277,104082.5333757577,102188.2932549158,107361.24715646071,101633.44564911728
1.0,300384.70217689296,295092.61754315114,295395.5040436275,295505.2475403287,287859.9819452081
2.0,504255.61786333553,496713.08625640546,502003.7330126809,491942.796813562,493235.6068990785
3.0,634207.1142677229,623098.0244492493,628130.7013148202,633486.0272363032,624373.8411274756
4.0,834066.6517484785,829465.0427430555,825709.5672333736,828054.3478066344,825028.0251885767
5.0,1085883.110713652,1081415.0053383561,1081045.5564394132,1075677.1211296208,1071089.543319356
