,TRM,RLS,TRHS,GHS,LR
0.2,37246.45308218033,36243.48645862151,36240.539487583184,36162.676558433806,36162.676558433806
0.25,32099.774662375454,29715.02992214796,29037.62257116689,29037.62257116689,29037.62257116689
0.3333333333333333,41580.982882754724,40535.06296195519,39320.93371557636,39265.77322090745,38716.27437565765
0.5,68649.6792050321,64714.15576391506,64793.92657494738,64714.15576391506,64789.81863211556
1.0,161535.1047014912,155948.7609740744,156463.24835551527,155567.4781709762,154567.87451719862
2.0,335232.4515548487,322269.8064823024,322502.32503978146,322574.4022011268,315279.770710659
3.0,513576.1537356218,498099.6515997408,502061.1057485682,499507.4034996537,498652.31388473767
4.0,604507.4473586148,584350.358493327,596625.0044205955,588505.2562515764,585004.9375804313
5.0,741259.7672266535,727575.8028029557,733131.8581772659,730943.8401931683,726494.5115635394
