,TRM,RLS,TRHS,GHS,LR
0.2,15619.65975853791,13084.141723576338,13084.141723576338,13174.625177954265,13084.141723576338
0.25,19098.215670480782,19522.06524867306,18628.322515955824,20850.878250805377,18623.348370669693
0.3333333333333333,26898.077031094872,20913.45169809193,22156.98222281987,22156.98222281987,20913.45169809193
0.5,68283.5528148516,65296.71541287588,65294.196401113,66157.46800762262,65203.26741778694
1.0,125282.7290770638,114265.90009703176,115276.62320707538,116174.19227581433,113496.83963515193
2.0,346756.0369813987,343471.9866030758,343515.9976714694,344537.68100530514,335856.93788464315
3.0,363320.3830572174,357719.65428838634,358571.1594176474,361974.0022657895,359344.01018698496
4.0,483838.5004341648,481865.65763081267,482148.7634673257,472820.5621946427,480068.47880152403
5.0,529209.9019848467,526810.1388708309,525906.7786799236,523054.0665959131,520690.45892208593
