,TRM,RLS,TRHS,GHS,LR
0.2,36684.63554406526,36612.99392402305,35752.113951535284,37455.57543406023,35262.49150315547
0.25,49313.9993783505,48066.57069377617,47607.19640584344,52623.92264022467,47094.31022350294
0.3333333333333333,37390.97239558538,35520.336674273996,35245.26997496737,39454.182225859244,35159.22675415663
0.5,104387.76805722524,101978.11667704709,100249.61707106786,107400.02759744907,100128.93594208328
1.0,248882.26327514078,242043.46745516866,241682.2893564462,243222.4000211664,230681.80245322702
2.0,383155.6795078947,376186.58263628057,380678.36524726136,368291.76975158893,372826.46420401573
3.0,574378.154952898,561535.1201694668,573189.073291483,570778.2694028512,567804.8997851633
4.0,801849.5306449275,800179.3503763273,799581.7150903407,799395.320045327,798352.4474154905
5.0,935005.004190783,934198.2746129879,934143.2080575428,925257.1708212425,934099.4298798795
