,TRM,RLS,TRHS,GHS,LR
0.2,34868.9317714214,30502.569999088682,30559.796833814078,33243.666706484015,30502.569999088682
0.25,69365.25969295965,69402.08097490628,68907.64207298066,70878.42939116393,67567.64638107433
0.3333333333333333,52672.24393785166,51146.92781265909,50440.4241206132,59716.29233134357,50140.36594512007
0.5,102093.808587935,98040.45761001771,98450.15884726873,103017.89183238508,96790.97362599603
1.0,235162.7934540718,229932.3507388338,230751.01709718275,232327.82737637643,222929.19577415465
2.0,367556.2462251082,361002.45293086587,364086.39360079943,360463.4907808166,358048.0064215435
3.0,560680.1487308468,551659.9296710375,558057.5726395726,554356.4951356336,550898.1389279927
4.0,739726.1172958685,743831.6079160637,738689.1493760565,742194.2442698609,735742.3414171401
5.0,921464.9059446658,907518.1526711724,918802.8253286076,913276.151386664,911366.441172051
