,TRM,Local Ratio,GHS,RHS,TRHS
0,90066.87593342204,82335.26847300382,84661.59777296729,89535.07140424332,83170.2542067812
