,TRM,RLS,TRHS,GHS,LR
0.2,37490.32215007786,33280.809863353075,33528.46114972154,35777.6597443838,33162.43639093996
0.25,40672.60673989636,37528.00677578994,38330.68955843475,39308.6029277004,37528.00677578994
0.3333333333333333,63787.401469077435,62223.012781271515,59346.126933921885,61142.84607549877,59321.538410117835
0.5,108870.68060567752,97918.02034332874,98132.3083654617,101629.60687487978,97137.50008264744
1.0,246151.04041471923,243079.4169319892,243467.71383309865,244162.9622467012,239408.17960318338
2.0,387570.62004031654,382037.6784122385,380686.7848941783,378468.5328775582,374392.9641055328
3.0,547138.9352591034,535914.5687480004,543836.5670150118,527648.3383801035,533798.7051501626
4.0,737505.1868313268,728587.097893868,732398.3962244478,727759.4402650048,723332.9554729185
5.0,890892.8416277514,882426.1934015035,885956.3971412841,884610.8507148351,881621.8867037563
