,TRM,RLS,TRHS,GHS,LR
0.2,19385.764150744188,18846.158896612,18973.011207392214,18846.158896612,18846.158896612
0.25,43076.2637280564,41694.388493460145,41766.877938732905,41536.45285136032,41369.76783451327
0.3333333333333333,39336.00573754161,39207.62664288925,39149.30783840661,38840.69434374989,38835.915471819564
0.5,57970.50207799347,55960.017317089354,54271.37472624532,53315.89693248998,53190.078766365565
1.0,140973.69784937074,132671.9837321962,135025.43516653962,132671.9837321962,132670.01300644383
2.0,248401.87610641483,237853.71470186155,239312.0834971184,236193.47101315454,236564.4853475938
3.0,446465.0728953361,443703.6036998303,443560.34996030777,445136.78110215697,446884.97287599836
4.0,529682.5095353359,512564.33129284147,515817.0498973259,517504.40737789543,507336.02847418166
5.0,686397.0942092158,681027.1376649983,682520.4791018544,682577.4372307878,676626.976704991
