,TRM,RLS,TRHS,GHS,LR
0.2,30035.904759382636,26725.54594277214,26709.416145479772,26762.942684099846,26571.637431685587
0.25,33737.95462314898,33083.0293537778,33083.0293537778,36126.28555676388,32794.02861125526
0.3333333333333333,59313.390521946596,58599.35082664527,56398.11005820898,62735.753972434606,55292.75329364706
0.5,92628.54042160069,86245.81603722947,86236.33488688865,91739.00789449894,85224.44904500296
1.0,233906.1836894951,227166.33739301874,226324.19489346672,227430.30272339817,218618.08447871826
2.0,362071.41313854384,353903.52993609675,356336.6339013834,353577.31151845824,351403.21991883934
3.0,465780.16124859493,458311.654456744,462746.22494813515,462152.9353685807,458853.8116711338
4.0,716683.7333055886,714076.6635264778,714078.8354074039,716215.148952762,712794.6685266902
5.0,765287.7331456976,765271.7793079203,762679.2044254552,762691.3237555203,761111.4658970231
