,TRM,RLS,TRHS,GHS,LR
0.2,39452.62671070367,38192.0180677338,38223.79123801928,38027.31022705694,38027.31022705694
0.25,24739.158786355176,23571.275685278128,23550.76693117507,23450.94271289745,23450.94271289745
0.3333333333333333,45402.2885492005,44026.8349046068,44056.0692951414,44083.243335036794,43916.61517201408
0.5,69201.41804096472,65941.77283619833,66011.56324622568,64589.16482467272,64432.941158307774
1.0,149073.43216251448,146061.29722142726,141945.78315238009,141794.6139065966,141418.9091061324
2.0,318273.5776201328,307048.916949258,311056.8587517288,308965.3579810058,301648.3986535177
3.0,535735.3573935323,532538.4728364566,528346.1282560206,531741.6358556496,525280.1773088828
4.0,613262.6325553542,595316.9270882035,601815.2211297025,599346.696071962,587220.0860540991
5.0,732509.0991478506,718935.9174926636,727677.7158827586,727862.3851111082,715770.9947645543
