,TRM,RLS,TRHS,GHS,LR
0.25,23339.208497880038,22302.092882072076,22302.092882072076,22848.863042670182,22302.092882072076
0.3333333333333333,30005.905052018887,27853.429365601653,27617.30079576158,27853.429365601653,27617.30079576158
0.5,64313.25840905587,59403.387419732884,59306.06751746405,59403.387419732884,59306.06751746405
1.0,78397.08182578553,72770.42041789985,73852.51017578194,74250.39448941605,69903.32547939016
2.0,170095.88714946175,166951.4220749321,166951.4220749321,169176.19423868516,166386.99277794256
3.0,258544.58383552535,257474.0783235069,257474.0783235069,257031.10725500967,257474.0783235069
4.0,334348.06292358215,335002.11096534366,334013.90532083064,336880.88802699634,334013.90532083064
