,TRM,RLS,TRHS,GHS,LR
0.2,37873.888743247735,42951.71490401628,35145.798171265465,42951.71490401628,35145.798171265465
0.25,43961.312385905214,41879.467349454266,40757.77268002344,42397.4730697722,40585.790798940405
0.3333333333333333,70708.71467311747,69377.46225613815,63456.074472873275,70349.36205506527,63040.580751846624
0.5,89706.0498413437,85632.37847830885,85411.59522027285,88068.6221889386,84213.90726723478
1.0,213188.87651777655,209371.41370730076,209598.47481754236,211194.1247021487,209097.05644098087
2.0,369769.1161460733,362032.7253022287,364885.38200217654,359423.1308327142,351985.3849814581
3.0,527965.1861613254,514842.7621307313,525906.9691108175,522712.6765760831,517816.1668782837
4.0,655121.1654773989,659764.4740270803,653978.0322010737,661695.0724055081,658027.205278128
5.0,822396.1423613873,817867.0418057253,821413.0083219673,815497.0240266576,815791.933219704
