,TRM,RLS,TRHS,GHS,LR
0.2,65566.97175614643,63538.5057831549,64181.59856618618,64331.501547146436,63458.84917567627
0.25,37883.86049390016,30926.67754052483,30986.035580512133,33718.11539981292,30926.67754052483
0.3333333333333333,73048.25872403127,70385.70372665382,69422.5934479658,71841.41088326494,69105.90625137955
0.5,92338.17202029438,80145.33046932878,79716.4043704237,81813.36521845082,79499.07599362511
1.0,304467.9658166292,302638.46521925123,302429.77746714855,303017.04558776063,289899.48401533556
2.0,540051.0450265099,534935.3809290971,538976.2774249152,536174.4636544923,536407.6130673586
3.0,638674.4803601147,628152.4505416339,634808.3300851367,630099.8920864996,627219.1785585731
4.0,787175.35964724,782031.9155290932,784932.4570956158,761821.7744675898,783292.1735143091
5.0,1039918.2541631463,1030466.0570046098,1034108.5231853852,1015444.2946365993,1029991.7294298558
