,TRM,RLS,TRHS,GHS,LR
0.2,17489.075384544936,17390.209192547438,16630.247838882955,16630.247838882955,16630.247838882955
0.25,33438.871819054046,33913.40160404846,31554.960838275107,31536.118680416766,31536.118680416766
0.3333333333333333,32849.21249412541,30950.567725683257,30073.647924850713,30073.647924850713,30073.647924850713
0.5,55735.534421898956,51376.25167240972,50829.36063336049,50829.36063336049,50422.520144708855
1.0,131526.3830141069,126962.69648648251,125772.04153332881,126816.00287720164,125222.60491437667
2.0,262940.19118853286,260930.36892395784,259759.49474006778,261027.63112732297,257615.26098578738
3.0,442032.81573259213,436682.70629792876,438845.3293839049,439609.7753446317,430656.1960124769
4.0,526127.25232413,521880.61400316353,521448.0254430271,524429.3154645822,519391.54836570536
5.0,685485.8159708631,663616.3432209258,681328.8766193616,682702.3735679907,657108.6222505148
