,TRM,RLS,TRHS,GHS,LR
0.2,59280.885195882736,58994.71231169373,57519.664787854286,57519.664787854286,57519.608707207255
0.25,54145.69857162266,48933.994724061085,49321.959146743124,48933.994724061085,48682.695403835365
0.3333333333333333,72068.1195793869,69027.19356660174,63371.1730751537,63259.23196298647,63259.23196298647
0.5,70681.81594541931,66944.17112778353,65401.90689563804,65236.459277154645,65013.095372790194
1.0,247901.38362537985,241782.94875741965,237596.08867045806,237816.2565353329,237144.86137818874
2.0,485621.7832232734,471750.5115079667,477439.0778600617,474895.20502506394,469667.0828213434
3.0,644775.8610550582,637951.5942581727,638901.5199638783,640473.6321758954,632203.8422186165
4.0,834358.8394107218,820123.9269581257,828697.5564623062,826303.2478558157,819113.7926633694
5.0,902550.3740285075,886358.6033022152,894500.6401184858,892264.345968158,883830.2445321222
