,TRM,RLS,TRHS,GHS,LR
0.2,37090.36260751534,36249.509922034675,35890.80247033995,37696.53253889148,35890.80247033995
0.25,43125.717730174474,43371.31848166404,41384.37269380716,50001.89249023904,41384.37269380716
0.3333333333333333,49851.65343785648,51283.782298064725,48435.34230344065,66600.76554578016,48191.463725130896
0.5,68929.70831890663,64330.233344051536,63490.978159021135,68684.4717754648,63272.41648262242
1.0,228160.94925768228,223275.164521839,222997.12838897618,223567.45850003167,217845.96253722653
2.0,368212.59998970805,358121.16065207665,367138.8735083486,358461.9920256699,359589.5054265306
3.0,535084.5270765075,528234.422474772,533677.4782812434,529564.5718755656,529915.7666351263
4.0,640671.4473437374,636763.6943539984,639499.4771995725,638412.0196587743,632333.5180868894
5.0,780214.7599583927,779548.0394582968,779247.9615792099,777387.4039426339,779239.3965021456
