,TRM,RLS,TRHS,GHS,LR
0.2,85634.55205770364,84171.64601131614,84161.12920830815,83698.44336660342,83698.44336660342
0.25,34633.40039678765,34678.10925897578,34432.14754449156,34307.579148998964,34307.579148998964
0.3333333333333333,122350.44365033922,126265.34324139885,121405.58493437915,121264.26132798054,121264.26132798054
0.5,123663.01217785699,123953.73462681324,122063.73596450132,122207.55418271851,122061.73303861583
1.0,274359.9698479272,267090.59415131045,264642.42799794313,265017.50811600796,264366.81076528557
2.0,428285.57076340105,424896.9914042132,422039.7914505091,422649.9794988426,415388.2458429165
3.0,674115.0774616937,682976.6681324351,669990.8137964043,672184.7801274229,669111.235667748
4.0,907896.6842514956,895430.0225048929,899464.0532689902,897519.4664448866,891016.9587456802
5.0,1136962.8257441414,1127217.1808434853,1129128.217939692,1128176.22176959,1124661.378372059
