,TRM,RLS,TRHS,GHS,LR
0.2,25438.459977539103,24532.378637305315,23620.100458740144,23581.63173710818,23581.63173710818
0.25,31869.57594158788,30358.795892931557,29996.9916783019,30079.76488709845,29812.504810189712
0.3333333333333333,49357.21291728034,46977.56839140425,45702.042944439636,45533.92145116705,45496.38885399227
0.5,82338.98983233915,79348.26740983168,77980.98348360388,77980.98348360388,77719.23608801447
1.0,197010.72187518014,189292.73688224348,187926.81783379972,188225.61685129022,184630.59899101636
2.0,365552.84005633125,366015.6800980231,357833.52546920965,360502.847025192,356490.81708449934
3.0,613279.1328762969,603476.2922964069,608524.5288499825,606468.2821175196,592663.706281765
4.0,674797.4555289036,661144.5693568941,669492.4777968084,663162.1390499069,658223.8367031901
5.0,904730.3332911871,895024.6730698593,897658.0271844864,898099.6374401798,896307.1007063288
