,TRM,Local_Ratio,RLS,UGA_RLS,TRHS
0,709223.2670537354,704705.7262186462,701845.8102309951,708174.4811729563,706171.9240909659
1,588470.072877864,580839.0382603972,576825.0648581944,583644.9046986452,582692.7649063193
2,446234.5498373849,435161.27367629716,439356.33596980904,439279.1762987611,439959.73886943056
3,310078.5838952567,298481.5859614675,298730.31569727,303273.8021000987,302920.46514664486
4,177337.24037270588,168922.89087266542,171812.10057687957,169764.9695710476,169196.7059494618
