,TRM,RLS,TRHS,GHS,LR
0.2,82079.674126014,82189.86294176933,80995.63001877833,82618.18958132107,80888.09653252583
0.25,29379.184119575213,28503.929206256664,28215.16617986597,30319.889445819135,28215.16617986597
0.3333333333333333,51507.01435426638,46385.66579143702,48240.24414507065,47858.823258600365,45408.87140283811
0.5,93276.08407182405,89285.51182796723,89161.58709206397,91988.11476350256,86877.23845794654
1.0,267964.37015823723,264588.24742462323,264892.11541790253,266122.4829414278,256824.75651414093
2.0,413801.2053053973,409651.15015008685,411527.32599911856,410509.3456985046,408053.4207884681
3.0,557348.8071216465,550054.8551423779,554643.5730920176,559539.1382681582,557987.5877842279
4.0,781580.3562869811,778696.8747451443,781344.0395330692,778560.8052036793,777772.4114793643
5.0,960969.585696955,958110.4271885864,960711.7315689531,942704.6125087664,952398.2008830527
