,TRM,RLS,TRHS,GHS,LR
0.2,37290.520009524706,35786.00208369667,35768.17960759564,44264.30586554256,35768.17960759564
0.25,41433.89012093099,39419.439059084376,38465.61987369204,45509.53627779408,38368.796152384646
0.3333333333333333,74479.84095077502,74321.87481335041,73542.51381913236,86364.42651338123,73207.99529731061
0.5,100774.59574766786,94597.50755267515,94597.50755267515,101240.76276954681,94597.50755267515
1.0,339602.1438352921,338289.289627468,337482.53673411376,336619.3069530195,332009.9638765327
2.0,514889.3719500662,500064.7495995696,513177.0071623236,512734.99970077095,485032.743692866
3.0,651923.9851748431,648342.4285308267,648239.1263974223,616986.7786265935,647539.1604406805
4.0,1070143.7252859517,1074616.083615397,1070087.1801014172,1075854.0587216807,1070379.7680714487
5.0,1218314.5191337115,1218505.5588420515,1216882.4392106587,1214452.380278891,1215316.4337709597
