,TRM,RLS,TRHS,GHS,LR
0.2,29733.864574667223,29131.73344568615,27126.459011395487,27998.14832946247,27126.459011395487
0.25,34032.16306929057,31598.726699283972,31775.52339649056,33174.154727597095,31210.527295314238
0.3333333333333333,58714.21172623023,58610.34827105664,57700.2336232986,58672.35951907952,57700.2336232986
0.5,93261.85345804825,90226.97116095781,90323.50883145606,92387.21660052733,89725.3981786263
1.0,195196.06463362358,192195.51769049553,192454.44119211676,192768.0151837404,189543.26486452034
2.0,358285.08447704144,353080.7348649762,353271.00939269696,350783.4507170802,348316.98107458896
3.0,527982.8597360012,519367.8825791645,527982.8597360012,518072.0460771468,519514.9376532834
4.0,736072.4111658037,735153.5226740091,733050.3725380257,734996.7838106683,733743.437870655
5.0,857854.7023293561,853941.9498742732,855528.3806905962,857755.3443988549,853654.4459679672
