,TRM,Local_Ratio,RLS,UGA_RLS,TRHS
0,621364.2152274182,617441.3157458921,616207.6432716745,623428.7771303145,618966.923294413
1,502265.3344522173,493153.3899564203,497452.7092854766,496769.60220779316,496393.946182053
2,402645.6687132911,397413.43225068,399422.3201907735,398081.79650244553,396198.4587135428
3,281569.36140199355,270330.41182023246,274869.6538150016,275136.3471874508,276548.8198270073
4,125142.83866969903,120713.48719432675,122627.4335477155,120922.98732306606,121399.87066048321
