,TRM,RLS,TRHS,GHS,LR
0.2,40309.47558838587,37253.49288131584,37146.1523938266,38998.50930841375,37059.858452376175
0.25,49917.71237697344,49259.56503729715,45632.91184463284,50669.756729580826,45516.853136794234
0.3333333333333333,72834.17340359578,72173.7370263178,71208.81655214874,77975.4216411524,70716.34224743837
0.5,80173.9889341003,76025.02272567865,74779.38641998771,76397.77506959789,73837.33640995563
1.0,219239.0660102502,216078.11381923506,215796.6000639344,217579.63607905846,213612.6917963067
2.0,313356.4317227468,306517.73893720075,311664.3305234441,308719.55920219555,303418.26835254056
3.0,495366.5594153516,485739.90983842424,492329.46627528715,485737.5144634729,484206.4523298949
4.0,596929.873869914,584890.1734326032,596363.8290119213,586950.5590283833,580568.069020221
5.0,822904.7596241403,811905.5437951285,821111.6187204453,807960.7109935263,813479.563447822
