,TRM,Local Ratio,GHS,RHS,TRHS
0,59123.96999758937,54082.94340451933,54498.25000345208,69618.19875527055,55642.663474305504
