,TRM,RLS,TRHS,GHS,LR
0.2,3732.728802555978,4013.9249683037087,3732.728802555978,4013.9249683037087,3732.728802555978
0.25,8151.967893950977,5038.505911154511,5038.505911154511,5038.505911154511,5038.505911154511
0.3333333333333333,12237.993134474407,9248.258434927673,9622.388261213058,9622.388261213058,9248.258434927673
0.5,14655.372211458434,11211.75393356397,11211.75393356397,11211.75393356397,11211.75393356397
1.0,48415.34372166828,39209.6092874136,39209.6092874136,39209.6092874136,39209.6092874136
2.0,90209.85122763104,91621.00888418405,89182.70446421583,91621.00888418405,91621.00888418405
3.0,104534.76516361519,103322.9727534019,103322.9727534019,104295.43017505137,103322.9727534019
4.0,149389.48017272673,154265.20663178762,147974.33664672397,153364.29246212353,148951.83301742724
5.0,174703.63239114996,174473.44941736158,173459.42898855705,179703.0453597046,173459.42898855705
