,TRM,RLS,TRHS,GHS,LR
0.2,51461.15323741755,49130.164177218525,48032.05500993802,49130.164177218525,48000.04169522648
0.25,53220.121822055284,50192.61164924474,49472.7996899483,52772.10484293244,49031.892734036286
0.3333333333333333,51370.611824742504,49921.375623110034,48017.83657681097,51202.12216661558,47278.563703112544
0.5,136945.2469300581,133442.5285160826,133058.50787092122,133884.18936002412,133058.50787092122
1.0,248552.32437032016,248053.44180835213,247698.81826472736,248612.2771337357,247092.50798199634
2.0,399433.0492980209,400687.98193761567,398036.6967380609,396214.6319909035,399435.3274456685
3.0,556891.191958989,555595.4402965738,553624.9885906267,550090.5486251013,550098.8353207083
4.0,712538.0971102803,715724.923075844,711418.4716842625,716591.851163521,708969.6603223515
5.0,861248.422178318,857539.8078994495,860019.2903690819,856147.7978471284,856171.4852918654
