,TRM,RLS,TRHS,GHS,LR
0.2,36773.87521918422,35702.59324881814,35652.80783867564,37029.00292534553,35186.07860974626
0.25,61807.2443468578,60266.69001473653,59127.69948595568,61559.09713321962,58985.407622523184
0.3333333333333333,62099.49467397131,60872.54404415418,59761.011813274454,62048.452702656265,58874.59977047671
0.5,89156.14377821604,79622.29387962024,80150.6509701325,81529.15750546614,79514.87783715788
1.0,254274.56394726672,246748.65604858348,246647.57218261802,247374.80836222635,246477.84455668545
2.0,433403.79869188956,425254.16364983434,425125.7310321532,427643.77528455085,422726.65352664096
3.0,604273.4337591177,589902.9587965746,602067.230152497,584159.566159845,594178.538308403
4.0,724244.7044078491,725353.9487968044,722663.4455137824,729157.7907901495,720639.4506410228
5.0,897147.3157026569,894163.845976961,893322.0295107524,889322.2925276532,886943.6264304072
