,TRM,RLS,TRHS,GHS,LR
0.2,49035.25100329342,43984.897633244145,44342.07589637406,46914.87312579531,43391.53284186912
0.25,63392.515543753994,62742.89637611502,60175.30549317535,61468.99732275368,59593.67270790484
0.3333333333333333,52507.80661307143,46041.04556788195,44573.922628164066,46282.704083441124,43868.205366068774
0.5,161379.1179515032,153406.4911714959,152822.4506067045,156649.1356914801,151896.81079205862
1.0,293686.8132381688,290782.2697441502,290454.84260522656,291068.6915998474,286942.85013960593
2.0,462545.63165464095,457367.4491786317,451776.91160985833,444665.36441079905,451231.55159002804
3.0,731274.9980482243,725574.6225394997,729434.7514190817,734100.1156675075,720540.1166532025
4.0,941544.4381002736,932329.9595480191,937782.0335794794,939619.0001309613,925224.509425019
5.0,1067598.4012741793,1052301.0223168752,1065004.6396671769,1057347.848298307,1053854.2298321165
