,TRM,RLS,TRHS,GHS,LR
0.2,29632.91294095014,26399.113130368798,25748.955142564446,30881.73139698842,25659.673319513317
0.25,69656.51123022578,65694.5053618996,65621.48770472842,68873.3816046075,65208.69692297801
0.3333333333333333,51806.13912223394,52282.56121966539,50105.91576336902,51697.90576592716,49366.304623168406
0.5,124337.0643063444,120602.6017079189,119486.54916333621,123764.98246244737,119207.54839408168
1.0,208346.33907563484,205060.56631981148,204612.40035882243,205809.3121043843,201152.20794570926
2.0,351027.8969864592,338087.7929141961,348087.62813658576,338133.52560307033,337910.9920488685
3.0,602208.6484241319,599459.8904373773,599660.8612726342,590732.8591770638,591143.5888271249
4.0,664092.5486099804,653291.8097331875,662165.0056125871,651504.0850093658,661146.899868607
5.0,745523.3647541935,742650.3043652461,742775.2149055942,740550.290063697,742348.3312132631
