,TRM,RLS,TRHS,GHS,LR
0.2,17165.237192969726,16192.22634932575,16198.03090656418,16104.910871500842,16104.910871500842
0.25,25154.91743086964,25681.475242245513,24807.022985518117,24807.022985518117,24807.022985518117
0.3333333333333333,37185.67161505833,35835.73422822623,35550.95116784405,35553.72098096638,35550.95116784405
0.5,52322.65204144614,48374.0374322746,48658.70148719854,48374.0374322746,48374.0374322746
1.0,102315.29363486443,95548.21605506439,96275.02678418986,95471.0967636924,94578.82030049691
2.0,255052.58427010177,243078.6439930723,244464.00093826276,241901.39441227782,240284.73833183106
3.0,329961.49710467237,321304.0610183168,325638.7032794931,323551.7013414844,319349.98812753626
4.0,440343.5699697761,437893.75114223064,436291.07407294743,437009.34369343985,435651.86334345455
5.0,521556.9719343818,518040.98368897603,518180.5993803541,525586.4820723772,519649.3214455227
