,TRM,RLS,TRHS,GHS,LR
0.2,29538.647348589886,32864.529480389836,28446.956441746413,31256.854158824848,28446.956441746413
0.25,45148.766202780804,47109.22873573773,44807.18694920575,48290.28210904341,44807.18694920575
0.3333333333333333,70122.59579159385,67577.13121000271,68758.04491248586,69579.96227475662,67577.13121000271
0.5,81291.0065668441,77674.69071884821,78406.5940152402,83476.39701902661,77480.93701619128
1.0,261643.50424397364,252927.71643870327,253339.08459133012,253913.38239080648,251591.0632966393
2.0,348201.6283619779,338382.90520891396,346387.14425611467,338421.7856062145,336907.9050215346
3.0,576892.8776359244,573717.2534931101,573555.9429448416,570812.9969671302,572085.9077184611
4.0,821572.7877623491,822912.1566954182,819924.190524204,821166.7087253993,819924.190524204
5.0,936015.0844083022,930658.3655491658,933780.3671908758,931961.993961445,930405.3784593153
