,TRM,RLS,TRHS,GHS,LR
0.2,28983.354395180984,36139.378327784405,28173.00569766421,28173.00569766421,28173.00569766421
0.25,42715.21601831525,36851.67842189687,36851.67842189687,36851.67842189687,36851.67842189687
0.3333333333333333,38287.93769719569,36652.04857273889,37028.38370230148,36459.929060409966,36409.24503903565
0.5,80900.14524398894,79384.26469436284,75640.99511782631,74813.9802538106,74813.9802538106
1.0,155728.79566433583,147431.89452614143,146305.63800286138,145542.92018869662,145542.92018869662
2.0,292663.83195094904,295027.44538063,290804.18856048357,291925.7454876207,291540.71614545456
3.0,372901.1671790113,366782.9016054655,370306.3070915123,372298.8813873033,369588.49825958954
4.0,539192.0497896915,528445.5160183447,535047.4545420115,537927.299927353,529374.3703239133
5.0,615950.4542305944,612237.3198071339,613708.9904229303,613060.5274758099,610831.4425538648
