,TRM,RLS,TRHS,GHS,LR
0.2,28280.67358165428,27162.193032231917,27162.193032231917,34478.086413527,27162.193032231917
0.25,43717.46917903683,48125.93021655439,40746.695985651786,47126.731315925106,40746.695985651786
0.3333333333333333,58739.79384129511,56120.460975231064,54812.51867910252,67736.82302729976,54747.22760647134
0.5,105147.55656535832,99327.50006788124,96850.99457793948,99951.30502494612,96535.28800604727
1.0,251064.77069235567,237535.18294942292,237060.46562615904,241982.83335652226,234869.86451684593
2.0,420675.1311497585,413931.3041177537,420097.1243872201,418440.97798583534,419725.93876777845
3.0,547037.0829956391,547380.7884820198,546972.8352809682,551536.7282946846,542001.5659319772
4.0,723646.7306361435,717923.7386283574,720310.5109658022,704387.0253552817,717849.9881771667
5.0,875248.2136467367,868469.962186462,871600.0599666048,856679.9951106022,867581.026766071
