,TRM,Local_Ratio,RLS,UGA_RLS,TRHS
0,719877.7336761748,711764.6486099784,714780.4582835049,715819.4892928998,714473.3833261557
1,571334.0181179172,565741.5252308475,563169.1217563323,562844.0528183999,565928.1413860362
2,429994.5731330262,430733.07482007355,428661.18180069805,435416.2743537996,427581.1018355897
3,326549.1285789113,314976.4973459718,320863.73175827746,311562.61590370355,317041.01462518604
4,152535.97745771767,145157.49447731528,153153.29299304963,145762.17012910856,146783.44640301034
