,TRM,RLS,TRHS,GHS,LR
0.2,17405.4622143296,16031.10369455754,15759.169843866757,15759.169843866757,15759.169843866757
0.25,31350.26905627494,29947.328871224126,30046.587877690636,29811.807212584867,29811.807212584867
0.3333333333333333,37480.868344535316,34602.69670128735,35150.10200404412,34613.542798736446,34602.69670128735
0.5,57824.09009853854,54523.26209258787,54894.68512393367,54452.97144546116,54400.93565041229
1.0,130055.76732151493,119728.19629076037,118894.8033126595,118849.20133068923,119687.45627491339
2.0,281788.95364093035,273199.4017231812,278183.684667987,273125.1783442423,272161.51486471214
3.0,348650.8429129716,344249.8225433445,344598.71556486865,347949.4966625293,341529.3719158798
4.0,421273.57264723326,421522.1462134513,419816.5155714154,418782.45034852636,416581.34716023144
5.0,559135.7672203401,550679.0299611933,555132.270889234,551052.7036967908,549678.9398587733
