,TRM,RLS,TRHS,GHS,LR
0.2,29190.861442343055,27754.52149329828,27636.29526636594,26188.31275723793,26134.31590118628
0.25,28711.236415963154,27379.004725204748,26585.9065441363,26585.9065441363,26585.9065441363
0.3333333333333333,48047.33162990023,47151.428768992446,45870.32217794648,45888.68464887153,45858.2646432849
0.5,73995.43495643507,72706.19203857225,70933.21384176961,70450.1643012986,69891.97905926545
1.0,213020.80445111214,210426.3051398066,209126.8710644623,208091.24806202328,205558.42047573515
2.0,357501.9036828041,342669.72689056525,346109.4681177057,341976.48597373127,337592.3362196324
3.0,619132.4076397838,605171.0174767798,610060.6581040992,612727.7216947125,606092.0269275345
4.0,683485.3592527878,672499.4757145579,678403.417446746,682104.1810625985,674667.6130086724
5.0,812729.3166262028,802733.4090681744,802019.2565490853,797619.276335246,795540.1029401545
