,TRM,RLS,TRHS,GHS,LR
0.2,19554.150941484113,18545.390934023828,18241.904452659877,19637.942843214772,17844.730418511845
0.25,41975.812618559634,41842.66764511353,40536.431294810536,44503.31126410594,40536.431294810536
0.3333333333333333,41167.46534114702,38902.90597117612,38265.650608938944,40028.91452026924,37051.22515784936
0.5,78746.04314972032,77260.46583145318,76689.72287359858,82183.41268058012,76064.92171555306
1.0,132106.87585443287,122107.36590969394,120602.34487519246,122704.4251687945,120454.51690185169
2.0,339104.40667049296,333140.9550902211,332170.74250697874,340056.35126046924,324997.2047169831
3.0,448638.7082491109,440777.98439233477,442537.4733376207,444756.22081318963,436966.9276412107
4.0,545567.7675591103,536570.7620336948,541433.8848267924,541726.5125906972,539666.9181392314
5.0,711297.7110287237,688581.5290766233,707469.8108022028,697851.0866886799,685259.4999704883
