,TRM,Local Ratio,GHS,RHS,TRHS
0,122452.6770011212,111268.94246005623,111676.2329656171,113225.38610840231,113963.220893569
