,TRM,RLS,TRHS,GHS,LR
0.2,15246.38927545663,14933.604058636081,14600.702371547977,14600.702371547977,14600.702371547977
0.25,23103.512860274375,22884.262602866667,22441.59952524242,22402.02046993243,22402.02046993243
0.3333333333333333,26368.216013146968,24616.611603579404,24403.21280976008,24239.03156769034,24237.333081386285
0.5,47627.58541481047,46886.76817875402,46140.62124604585,45965.741280410955,45687.47832849141
1.0,97099.59532161131,92023.87092179355,91828.01904768009,91723.64568213122,91723.64568213122
2.0,227140.73841259646,220525.97207369434,223448.48557939348,220113.27145073237,215694.46887385953
3.0,298898.28715450305,302314.64198721456,296445.7616308479,294850.4523364994,294091.01891356125
4.0,445170.1285279176,451360.6477064996,443479.08217016654,440336.1078953937,437163.22124745586
5.0,465997.2674908626,472036.8900070138,463475.1073462925,461098.7212134118,461012.40947713575
