,TRM,RLS,TRHS,GHS,LR
0.2,40377.37609656957,36995.51102708762,36592.67069558588,43010.35462729509,36446.22490928687
0.25,44541.92646062808,43211.22746962405,40870.95561714817,42905.760985320216,40547.0644491575
0.3333333333333333,45225.2873927936,43965.616531863496,42991.00065743649,43700.869364715436,42586.75175917829
0.5,94577.25460397387,86277.57796134932,86348.26327316681,88086.87411427207,85786.23140911633
1.0,282397.64169400866,277585.11567087244,279687.9856116327,279807.6698242766,273371.1430651753
2.0,490025.1613331838,485242.00050278334,488113.8526763234,488055.2759622048,481289.69969691406
3.0,509601.16501235793,506585.7928866041,504074.31543958443,504991.4150860158,500005.96917816973
4.0,705323.3651467693,700486.2544418868,698628.7863669685,694176.5087227118,692719.4268286066
5.0,967190.1505460284,961403.1466658269,964635.3256467371,939542.9449886983,961719.9915449474
