,TRM,RLS,TRHS,GHS,LR
0.2,18333.74637263454,16706.63778741537,16733.433576514857,16733.433576514857,16611.157460101775
0.25,25370.84057360411,21511.542099615395,21506.141603423977,21506.141603423977,21506.141603423977
0.3333333333333333,58935.53974857263,59302.80311366427,57853.125152713095,57643.541775840305,57643.541775840305
0.5,76098.23313334702,72725.31881904924,71001.2530276284,70935.20255125745,70935.20255125745
1.0,115775.4903844155,111811.0719403052,112449.04592207551,111817.18795271125,109030.76942281643
2.0,316962.5354734444,306031.93735749135,309166.41668376134,312042.9680471283,303098.1729896383
3.0,427858.7884096081,420900.8930261296,424031.08157317777,428300.10844001867,419002.37955214997
4.0,552364.3821017419,548797.9552336835,549160.7573458719,557213.4298021893,547303.2587254852
5.0,743600.7926441084,723034.5772146032,726816.114887593,733286.6382143258,724311.6030822215
