,TRM,RLS,TRHS,GHS,LR
0.2,29946.506610844954,28123.61106351413,27777.801233514532,29899.39495782537,27777.801233514532
0.25,39760.233861478,38871.05094939772,36927.642784522555,38449.560761556,36927.642784522555
0.3333333333333333,59541.17849401015,56854.32030644403,56854.32030644403,60159.18534530168,56854.32030644403
0.5,83666.54137764295,78835.41709206699,78963.31697676194,80722.86225316793,78668.97300497368
1.0,262342.6501713514,261234.70619692566,261325.60338141353,262075.49238775525,257824.0038629022
2.0,364927.4777521434,358735.4171593456,362721.52655810124,367211.54227803077,362431.66800300044
3.0,608087.6859802883,601427.7137860128,603855.8365823821,602694.193488389,600955.9191570653
4.0,780296.4276097942,771992.4831579258,774648.1921563373,770078.2036015347,770878.4999413084
5.0,901808.7453942989,900910.6861382382,899810.3983522266,905029.9560316805,898147.4186936839
