,TRM,RLS,TRHS,GHS,LR
0.2,39445.19801496659,37268.91903411643,34683.63705555438,38133.04827399529,34683.63705555438
0.25,54265.64053426489,48467.12275217013,48533.989479577256,49203.03490868898,47874.618627610915
0.3333333333333333,77129.52652975806,74620.05018627738,72147.88637650831,79679.04218601629,71884.80479672288
0.5,116173.65591456076,109653.09479868854,107993.21825294511,112014.03199572355,107993.21825294511
1.0,259338.89071038752,257454.13577380351,257873.49927029424,258500.68468447222,255158.57294691683
2.0,415388.2100670481,409785.59648384625,410775.0583983051,407985.1699310591,404640.3035166409
3.0,532189.66316326,533721.6357983998,529404.6051305571,522292.34489582345,527121.7188014158
4.0,688397.5288550082,687553.1874168692,685824.0281958063,688375.3252514986,681333.037470877
5.0,862623.0630631929,859137.1943171875,861411.3766960049,863567.196082502,857942.0722110306
