,TRM,RLS,TRHS,GHS,LR
0.2,36221.841932461284,33954.13927287894,34648.945308878065,35512.91450146859,33734.28744179287
0.25,43343.173318356065,39650.240784241556,40783.804269370725,40079.82515839137,39638.976618615314
0.3333333333333333,50436.47605662213,48816.79447422773,46622.707322712595,49611.63423128887,46610.883114048214
0.5,85600.0452886919,83360.28666322054,82716.68029590294,83681.77327290333,81957.28378478001
1.0,208423.7735036857,205637.082793648,205997.06850664882,206965.47372467926,203808.47570629473
2.0,358950.90901686606,355351.42388811504,357712.2634200588,356201.38013549655,354656.60743262735
3.0,498121.43990932824,491381.07619507925,497579.81154454703,493845.7977026075,494424.2301691082
4.0,636617.0957858744,626876.4749403279,634822.2017824464,623845.9777240888,627648.5306636001
5.0,825426.5347531121,820812.6910400813,823208.019583656,820265.2959420473,818197.0405602691
