,TRM,Local_Ratio,RLS,UGA_RLS,TRHS
0,518872.1794688788,512845.17446963355,510657.63519981445,513341.0767038986,514259.1721638717
1,423650.65012357995,408394.956380137,413356.9084839023,413222.67869980703,417979.1865280778
2,329488.54476523155,323906.55501404667,323071.68215740676,324701.00892534305,322962.92796349747
3,207423.73977536423,228821.5074199917,199604.98869259073,199062.44871051735,200940.1233619471
4,87742.70128176053,88505.38958391554,81283.8143285539,80267.88080585854,80410.53482456174
