,TRM,Local_Ratio,RLS,UGA_RLS,TRHS
0,479964.79806834715,469639.8780703022,467670.43776803475,476075.6889856048,475678.28296683583
1,381729.34061026137,375852.1453417432,374395.4033039734,377119.04332562425,375602.6104186574
2,294087.54501185345,287227.7551057274,275564.7904936335,275423.5213489768,284837.3960930626
3,238445.23982598906,234347.43527241162,231418.63736334434,235694.2255279536,235171.85450678784
4,88625.20772578132,82014.23313931804,83381.6364447699,82014.23313931804,82130.29608729895
