,TRM,RLS,TRHS,GHS,LR
0.25,14976.51420972447,14464.004897446359,14464.004897446359,14464.004897446359,14464.004897446359
0.3333333333333333,27949.959706202586,24392.76511865395,24392.76511865395,27785.690304485088,24332.2976696204
0.5,37091.85201758621,34497.09963045472,32950.857700920686,34497.09963045472,32759.353791847258
1.0,106477.48233060709,112318.84692379921,100992.09060359161,111307.13527512914,100867.61346715616
2.0,184821.9532984929,180417.91820947296,181710.58783563445,180371.13075445837,181710.58783563445
3.0,236721.50078023053,231244.7204808235,232121.120980267,231244.7204808235,232121.120980267
4.0,317717.5220856791,316059.1820244241,317585.9602319282,325263.10218781594,313864.5760366118
