,TRM,RLS,TRHS,GHS,LR
0.2,37541.91862534508,31109.076345615365,30372.271091649873,33989.66638795296,29814.134913549067
0.25,40834.72946839853,41975.63562156294,36982.31198782092,41278.040014401355,36982.31198782092
0.3333333333333333,62231.686770419816,57972.9993652834,58395.85418643675,62120.99015874004,56478.220657861486
0.5,102210.94961869462,93736.13771826153,94357.4324950293,95835.52371371578,93320.76609920675
1.0,239506.53997982596,234181.93610663485,234371.77725072514,234820.09031973453,231783.41770082695
2.0,506255.94766148296,504940.1743563687,502540.58726245654,502518.14263696905,500035.67312044406
3.0,646942.8263454194,641318.9689114051,644279.3973476174,643274.6186525063,641541.9967460785
4.0,725430.440234406,721500.2547344997,723485.4542394249,723236.9830237972,721788.9136008611
5.0,994303.5638210375,989734.8695335417,991232.3970556101,988310.0187859936,990251.090362901
