,TRM,Local Ratio,GHS,RHS,TRHS
0,20158.382388721806,20037.70361937528,20037.70361937528,20037.70361937528,20037.70361937528
