,TRM,RLS,TRHS,GHS,LR
0.2,31893.460579689687,30715.96412348126,30471.116254547516,33819.58520630742,30468.275805403013
0.25,35016.15738626827,36719.85401105233,33497.686186548104,35975.685481068795,33279.97977861889
0.3333333333333333,76758.08468078934,75562.58701296827,74384.26698409044,76425.98274445282,73776.44511086169
0.5,81645.92754326575,86436.13666436211,79692.58661329141,88791.1994487379,79692.58661329141
1.0,277109.3073286698,274464.7394117498,274009.3546699794,274970.29001348343,273136.6517672027
2.0,418208.5330580045,416278.43792902457,413168.5259107716,408956.00470285414,409043.2233022033
3.0,517676.59985528735,516423.4340843937,513261.9682894753,507188.8584895717,508998.15217562637
4.0,778138.9410438836,776557.9322602818,775952.2286703414,771898.1524827252,770340.7161835851
5.0,819186.8427892039,812774.5540886642,816075.1804361222,812368.9896366927,808344.4487985017
