,TRM,RLS,TRHS,GHS,LR
0.2,31340.529949119835,30296.2851447334,30390.59334387632,30423.78968101348,29228.859572520258
0.25,49597.95709252918,50696.88519514644,46592.08230919622,51070.52678209185,46582.34151939812
0.3333333333333333,85030.9902137788,82194.67879920479,81728.84658545624,83296.24701614572,80889.31928560152
0.5,128419.06589544001,125945.30140016577,123570.12498157003,127450.89158563454,124363.26782433943
1.0,310891.1134016792,310039.2275897622,307937.51291762217,308734.41013327095,294630.4892250298
2.0,414152.7284842484,412307.7504284232,411834.3280693711,411974.7355155032,415228.5278674106
3.0,606028.849410845,602032.8261737748,602863.0339503193,602622.2321260856,602562.6418557891
4.0,815472.5141180917,804875.4346654152,814283.7553018455,802165.8360486986,812715.9523074703
5.0,1004855.5820537793,1005501.835007187,1003976.3526243435,1002623.7506221493,1001758.7753610158
