,TRM,RLS,TRHS,GHS,LR
0.2,33478.03096874412,34261.49573259416,32708.85044337347,36398.11534410325,32708.85044337347
0.25,37292.730693994825,35535.62263324775,34874.2960263764,37458.5983096451,34232.95173852294
0.3333333333333333,63042.252380921185,57389.99641278713,57520.48427561656,59082.27929519211,56880.89438205837
0.5,84775.8072022009,79202.79513522498,78866.49265084538,80650.83022718618,78107.95501477434
1.0,235584.56127103567,228713.542331779,229284.27493992847,229712.6323031863,225447.38320424882
2.0,382274.6397068744,364119.3263511568,372814.71729582635,362018.0861473129,363886.21773136215
3.0,553434.5245424592,535305.078269411,543592.9997403423,531559.2653404553,533548.7201264914
4.0,669858.8961322337,656038.1080136304,664643.7910795615,657623.287192596,654053.030898093
5.0,795212.5414753488,779714.1816651451,789706.7432770074,777651.4556346516,783639.7535897306
