,TRM,Local_Ratio,RLS,UGA_RLS,TRHS
0,469958.8210083503,459423.3487434618,458736.73417979473,463094.64615359117,465184.5469481693
1,357534.14406783774,350304.1627077835,348845.7545173055,348726.50901035685,351466.8832405999
2,289314.495501061,286163.6795260026,284128.90699037735,286802.75665184006,284366.17149712314
3,222455.88761859873,215196.78605741996,212286.86234233886,211538.68952760508,211801.8631370636
4,82121.62072871473,70129.28143303025,71510.98419329463,71124.23597048524,70254.80063391806
