,TRM,RLS,TRHS,GHS,LR
0.2,23140.568131001157,22812.245407810737,22367.14951234001,24011.171991696734,22241.570667847755
0.25,37496.11769827057,36516.88234300161,35568.541114879925,36214.245683543486,35322.54498230597
0.3333333333333333,47373.47512321135,46554.56735057203,44866.549396908275,47555.43683728814,44691.8241403444
0.5,63672.13664991087,61910.10254687755,59779.226363290756,61511.398495304515,59086.066617439385
1.0,125254.62349886354,116901.26523100722,116084.70645129305,118776.3606567319,115902.39283104506
2.0,288712.07390716154,280217.5117194626,284443.33738532965,280974.63809236966,277049.6617565224
3.0,392865.86939456506,381191.8353213415,385951.90389946743,374232.5267914616,377930.3256222809
4.0,531163.7290217897,525288.2316060552,522426.2100888297,523091.3566779163,522509.35738791485
5.0,609866.543234488,600349.8032448272,604911.9997019888,593897.8590836057,596579.0639293345
