,TRM,RLS,TRHS,GHS,LR
0.2,18509.791653395394,16455.16769897057,16699.4520988844,17791.70800948779,16455.16769897057
0.25,32850.0389544003,38658.04609007368,32515.653507485975,34586.11105197013,32164.4105024605
0.3333333333333333,29261.454000664664,26997.465739822725,26908.237444625167,26997.465739822725,26835.86598628226
0.5,58425.57356774887,57234.05307233935,54531.42118164235,62732.647506234476,54263.567090301876
1.0,177015.87114555296,172622.24520919373,171999.06435742337,173269.4149874884,171303.52490658558
2.0,342540.9299834352,331168.4933086437,329521.894162078,331239.57437582384,314188.25976028247
3.0,476434.8331908878,468362.55352145917,476434.8331908878,473298.14150378,475997.5478509975
4.0,623119.5445094119,620883.5603917585,618380.3686734015,621927.0066763739,612652.5286084055
5.0,862058.8661792849,848313.3141304916,849496.6196644802,843385.2435169015,846859.430547948
