,TRM,RLS,TRHS,GHS,LR
0.2,28071.898243580355,26932.31883888479,27135.615555319804,27387.32322078088,26932.31883888479
0.25,35982.66758173089,33864.95523899176,33823.87589219198,33258.17877402436,33258.17877402436
0.3333333333333333,99564.52260976216,97106.36550451453,94625.2143101661,94391.82946477013,94075.04926078764
0.5,92582.212248751,86813.67456906126,86087.44159949063,86247.31298615853,85767.681897013
1.0,189336.83401713718,176943.4089278325,176024.64420858366,174538.0186500887,174204.47859819778
2.0,374916.0852537599,363311.6096233456,365864.0396213385,366489.23033904843,361473.31128552736
3.0,502113.08452769095,491451.5747389813,493937.79349842976,490697.851632795,482632.6181256122
4.0,625137.6197012411,618620.5730681063,618117.861456593,622667.8036225699,611498.5075686782
5.0,844968.0414437801,821833.5661220386,837691.4945250754,830936.1543915141,824805.3330185708
