,TRM,RLS,TRHS,GHS,LR
0.2,32749.78989798376,30568.789381471128,30568.789381471128,32851.83677565675,30568.789381471128
0.25,32619.209279846036,31654.418585542717,30331.28049191343,31655.18653086999,30330.512546586157
0.3333333333333333,58510.83677867481,52769.309828862686,52665.34645600698,53337.83509027803,52071.10641166388
0.5,83087.00406186588,77330.89255493904,76779.04336878199,78863.22804584047,76453.1039338193
1.0,216398.78550536867,212625.14265088827,213472.96297408533,213347.89938718628,211988.72277717778
2.0,339092.3037165437,333173.4519605314,337183.7314037631,336178.0088808511,332170.0538442122
3.0,493218.0080557748,487455.1320086191,489965.81998115504,488083.93234553153,483829.70485930337
4.0,650053.2509319091,644234.1535350978,648389.687003914,646215.2097526275,645824.7589661272
5.0,718866.3993050726,716251.3357524741,717606.7537814686,713389.6582155378,715120.1480573805
