,TRM,RLS,TRHS,GHS,LR
0.2,45992.94253767715,48894.08741249441,41500.207296880035,45981.08349614526,41500.207296880035
0.25,56287.39057022067,53578.56159297919,51229.577586648404,54830.90009337284,51083.809087480426
0.3333333333333333,76852.02177274456,73237.06205116589,71625.9599965575,75928.8224969958,71625.9599965575
0.5,73874.39106302618,66090.80544405302,65981.99730955699,68331.94897020215,65500.88672378776
1.0,201901.4594383924,193246.896846422,193589.6120279883,194363.4606398577,193039.9086361086
2.0,428820.26777088764,416585.9405636227,423439.393552111,419725.75908015616,420344.5521103576
3.0,471909.36758802633,458402.98232249933,469099.2017859648,458815.32868220366,462826.2138927879
4.0,605463.375994205,601843.2305990427,602784.2313167269,603825.7033903617,599958.1165723721
5.0,777359.0398760999,767665.3536969016,773942.1863942507,749617.266253871,765442.5974043339
