,TRM,Local Ratio,GHS,RHS,TRHS
0,38633.25298737861,33003.25372437516,33166.456772894504,34039.25366909013,33995.53530697263
