,TRM,RLS,TRHS,GHS,LR
0.2,24808.519035553327,24375.035730099586,23818.101562939213,23833.991871248432,23818.101562939213
0.25,36825.343411179165,38672.62287509081,36272.2037315259,36272.2037315259,36272.2037315259
0.3333333333333333,54679.95690309983,53912.080663165754,54017.24097986674,53393.8453522247,53371.58212696762
0.5,94077.85617682953,94290.7389555226,91525.77640837278,91398.6002935168,91034.16939362949
1.0,162114.47087385628,159131.7811372006,156112.8646380168,155503.82993733836,154271.69734358753
2.0,418361.23707340384,414450.55369613954,410766.66705364606,411821.84386287944,409790.6115367058
3.0,535193.0673401526,528209.5809390726,531238.2162990174,530913.9504593965,527953.0753765114
4.0,702950.013316756,691970.3006666944,694680.8986494316,693845.7781383743,690062.2488754665
5.0,852434.8601342376,843269.7329437614,846779.3409336379,851972.0043063917,843753.2071108727
