,TRM,RLS,TRHS,GHS,LR
0.2,28458.700268521527,24795.34071922186,23176.67040646622,27003.166162046895,23176.67040646622
0.25,43024.84353741164,43782.12491449175,40993.87834428702,44771.002632973454,40762.59647945097
0.3333333333333333,50055.3905184882,45080.905804769805,43099.49935508506,45080.905804769805,42628.4156587077
0.5,96304.05114951142,87777.23744030342,89256.139928709,88857.41878975043,87777.23744030342
1.0,193118.32722114807,174636.1668730805,170691.0923542725,173157.32640794464,170616.33896180772
2.0,348442.22859423136,338950.38911189203,345650.2707496053,338233.9665253505,346346.2296754057
3.0,504786.78862733254,499000.8726014189,500704.3861146824,496678.4735263806,500763.0263019217
4.0,658035.0164837446,649212.6763446294,655755.7548543448,643588.7879494701,647987.7048792067
5.0,866129.1284327278,850946.1373324143,861064.024102664,840966.8907999723,847765.1876471922
