,TRM,RLS,TRHS,GHS,LR
0.2,22476.772575637337,22448.366148456287,22348.807461539767,23769.286415122337,21871.828880665205
0.25,41120.08709380344,38955.83478633623,39064.141157777245,41220.38515797408,38955.83478633623
0.3333333333333333,39441.043858452664,38898.89222849174,38418.8137674858,38464.96275788821,37222.83366630569
0.5,81764.78330750589,75755.47002096327,75368.58861565197,79395.2092014525,75354.85147339132
1.0,178538.74772924857,173798.32781026236,173785.41973453914,174478.19658924025,171040.16053889893
2.0,297024.8446724853,290029.86822849803,294934.2061174742,290592.01880530757,292117.16600389825
3.0,431730.2381407921,430533.12958902406,431064.36826476816,422446.84753033787,429271.6456778735
4.0,561156.5975437106,562538.7604386309,559195.9249898753,556944.8382592928,550573.2565030287
5.0,777758.0723927295,776425.4244469345,776291.0663318177,775973.8530524244,775916.791564884
