,TRM,RLS,TRHS,GHS,LR
0.2,36750.887719786566,33717.98211293685,33342.903450052036,35317.28379298329,33002.38042876741
0.25,41438.537073093474,38115.151347166706,37402.4600525625,38210.23119479619,37267.28826099634
0.3333333333333333,55859.58645893559,51770.368794150076,52104.49388097892,52508.04412210974,51729.773164426355
0.5,73124.6162695018,66323.80050486547,67394.79744303199,68411.22718998937,65626.0423577331
1.0,229028.59202768243,225155.04669425203,224646.9595753974,225138.50983090256,221511.727337507
2.0,300483.9077462921,299590.9230714049,298665.48328371125,296446.0127953223,294612.29405645095
3.0,462779.7598874673,462248.8562220646,459875.41647805646,456608.941466649,457280.7227353934
4.0,611706.4950411008,607971.5560143512,606113.3014059874,606547.0922890849,601351.0816337622
5.0,716721.4524808757,711287.3692399017,712522.3519107075,710532.3932052305,707059.2140951374
