,TRM,RLS,TRHS,GHS,LR
0.2,26961.697918917183,24542.076717304648,23905.299702433833,23862.693550218664,23862.693550218664
0.25,40038.6270707633,37986.76112365649,36069.789426818556,36069.789426818556,36069.789426818556
0.3333333333333333,58923.21143900417,54369.179506216766,53478.502117098265,53650.34881389393,53247.31383545333
0.5,97248.7911706543,94438.73003087586,90492.58374963429,90358.90084888086,89934.85936989886
1.0,210728.33709365435,195924.25717230138,195277.4217088366,195142.3485074011,193638.90925078403
2.0,431349.30215693015,423014.42245437036,424737.663279565,422351.6060786523,420947.11250679166
3.0,605995.3507024486,605005.8274582878,601037.1627905127,600115.661101198,605424.6492627559
4.0,791211.0192803069,788535.0673637696,787216.735724809,791896.7709264102,786639.2422920897
5.0,989139.864795061,979838.9623384839,985631.1239698266,978695.4536435838,978634.1377532507
