,TRM,Local Ratio,GHS,RHS,TRHS
0,52665.76581089026,47557.59238202126,47570.47632033451,49095.749441188076,49269.159669786764
