,TRM,RLS,TRHS,GHS,LR
0.2,39977.033752495874,40627.206369078885,39291.61168099658,47135.67181879888,38300.935107482954
0.25,40504.332140893515,35474.22674449514,35474.22674449514,37686.51599337034,35017.11061618517
0.3333333333333333,47732.30792587391,40047.93962135926,40122.873566786446,40749.17910005163,39054.91349029853
0.5,95216.68876298267,85285.36183750955,81346.22432102401,84948.55336702717,81344.12642634205
1.0,263911.2671607112,256323.1549706761,255514.6062625945,256456.81547776592,254672.71550930542
2.0,425345.93689076585,424502.6546004849,420900.2960441754,423328.2959393431,431827.18656182126
3.0,524549.8396066056,526048.6160318375,521974.86255460064,522396.6438186675,521079.453992701
4.0,697563.8801827438,688840.3673187719,696729.7151855301,667958.0134893071,692112.4100163385
5.0,924435.6516600138,912470.7785072151,920794.8285761815,888702.8838017093,907781.1709287965
