,TRM,RLS,TRHS,GHS,LR
0.2,36700.2516665234,34393.53887577611,34393.53887577611,35572.031152154304,34393.53887577611
0.25,50709.358560356246,53322.566643735176,47517.32595753219,53322.566643735176,47517.32595753219
0.3333333333333333,53064.7129243485,50986.419141701335,51447.96801897553,61370.67297046769,50814.28657324816
0.5,98440.55938508546,93022.09236787297,90181.9687994433,101157.75486510863,89951.35218835264
1.0,286008.1486841224,277704.21085896227,276175.9887575866,279024.6149320867,276023.03750778985
2.0,366989.625865254,370544.5350025831,364782.83110190596,364986.3749285762,363689.8646366048
3.0,533159.4298900552,530407.558517993,529599.6804113135,520248.4512124435,523039.0331567548
4.0,722490.2457784049,714106.7958632711,717177.7854279625,713336.923452692,711254.8574926578
5.0,833891.6224359557,825297.3166994012,831251.773520668,827776.7086189499,825076.3479068623
