,TRM,RLS,TRHS,GHS,LR
0.2,30801.38519264289,30873.832471333688,29927.993928468022,29627.122137166505,29627.122137166505
0.25,43022.73626461875,40900.27645735563,40027.87767325205,40112.2350669052,40027.87767325205
0.3333333333333333,76152.74507208298,71779.57895543966,73126.84359588519,71593.07460436504,71317.2339609652
0.5,87738.45919291607,83484.51233025265,84524.01324069385,82771.58651325468,81334.67658555025
1.0,169803.3099342492,163926.14633901464,162119.7021906729,161655.17696716008,161222.48196711895
2.0,378757.7189810853,366861.35882012715,363272.1022914201,362903.3739164663,360439.9645863495
3.0,543462.546535664,530845.6788142901,531186.3163747009,531426.7563635515,521811.2233710798
4.0,736513.8366509759,733526.138796551,737176.1654998045,737030.3140806931,734875.9119655612
5.0,829726.4196474875,818341.465981736,827148.3404480964,821470.5613221333,819285.3674432298
