,TRM,Local Ratio,GHS,RHS,TRHS
0,144421.86503661325,140101.71780855284,140102.82544896836,145002.26497933792,140935.89832200087
