,TRM,RLS,TRHS,GHS,LR
0.2,49900.234028759995,44547.77411864214,40766.47089561353,48138.34251730223,40766.47089561353
0.25,43562.94013782439,37288.717428707256,36947.411154428635,41455.77924407057,36947.411154428635
0.3333333333333333,80094.89094835758,68955.96657759532,69063.94604938642,71151.59853396671,68636.34779788974
0.5,104653.34912948246,95596.20733935208,95905.70212339716,104388.03507508466,94912.07612937898
1.0,246768.07138349878,236569.81812802012,235864.91671398233,236635.19921165588,241854.0724866685
2.0,456927.0595022596,441615.0814408801,453322.6605895446,441245.0586848532,438388.9073159267
3.0,600874.9878880958,590697.4020626049,596033.0857308608,596671.3312900679,595537.618410539
4.0,787555.937106383,772407.1545198048,776573.8894444744,767056.139242142,776883.6827328588
5.0,977779.2069162921,967088.933627825,972230.0003866596,961394.0199544253,964297.4715047525
