,TRM,RLS,TRHS,GHS,LR
0.2,35631.25719736507,33304.180944198866,33244.89525357455,32905.6074898504,32905.6074898504
0.25,32836.684806665886,32888.85171628038,31747.120606135202,31478.496321484905,31377.80526277487
0.3333333333333333,64326.476614516214,60385.7679942596,60192.42259845603,60724.412769306364,60057.4581295918
0.5,71625.54788359263,68737.8787499861,68133.46256605381,69275.30016391687,67812.58124421666
1.0,196038.65618007988,190223.38330540663,189000.77011089984,188704.68373819746,181674.63908567428
2.0,337906.489398937,331839.9710162894,333634.8249970705,332439.5773195138,329028.3917981752
3.0,538945.241256009,521790.92342964566,534302.7858628446,532746.8800984143,536767.2500599149
4.0,661139.5467065901,654237.7221711639,656459.5816121616,646705.3671049618,650532.1540876164
5.0,793752.480693551,784994.5251946817,789645.4431992962,790467.6891991822,784441.3970769249
