,TRM,RLS,TRHS,GHS,LR
0.2,43678.08761789277,57749.255170806646,42480.63409754379,57878.72238353626,42440.94969342624
0.25,46137.32103286059,42366.63954869993,40797.44986546243,43583.04564551642,40173.601008886
0.3333333333333333,76965.44665375126,72336.23350082673,70544.82360331865,74270.34953507784,69779.76332406062
0.5,107192.73371182772,98549.5883159041,98104.05550522912,104767.99005321799,98104.05550522912
1.0,245916.52733310522,243736.6708665748,243563.96101409468,244241.68155955686,241244.70484108687
2.0,410546.73833082226,399901.58091411414,400348.6712757204,399617.0514789269,394738.8818548595
3.0,598411.2467909068,589777.1930061106,593054.7364540197,588492.1487325811,582984.3371634291
4.0,685966.2845842537,664624.5220952651,676749.2545234722,676933.3529654082,678196.4119080219
5.0,841120.6736271426,838253.251171515,837899.2749831696,835890.7403553105,833704.1364470826
