,TRM,RLS,TRHS,GHS,LR
0.2,27485.32116981096,24325.017379245983,24950.430617040834,23417.728144938985,23417.728144938985
0.25,36853.41262196768,34966.63007246803,34840.05195733754,34806.86246973419,34806.86246973419
0.3333333333333333,52419.590156836144,49443.736251770286,49443.736251770286,49443.736251770286,49343.494475143714
0.5,75080.80695744678,71652.80865447268,70053.55035716106,70054.31957853312,69619.02838353196
1.0,171050.0513516561,162468.5385033578,162168.5312963518,162070.49884704914,160888.16537700535
2.0,365533.44356585696,362394.94423074106,361901.250185513,360556.5917146446,360218.76197070547
3.0,535483.2806264636,524048.5553871944,529730.2138420439,524108.50824972935,524452.7955511607
4.0,680022.2041886785,672763.8305476148,674493.9234399195,672246.0281832414,674560.9419401529
5.0,832703.6844152558,840574.1360943503,830574.4947060992,839204.2961607885,828157.0367937583
