,TRM,RLS,TRHS,GHS,LR
0.2,21570.016904763703,21040.018216273555,20772.140736356003,20454.92964975504,20454.92964975504
0.25,20429.70007788088,19914.171972730037,19633.427085609685,19633.427085609685,19633.427085609685
0.3333333333333333,28854.749187844325,27510.261621166024,28048.27952864627,27508.31336699653,27508.31336699653
0.5,42873.70491560268,40345.43195950756,38901.86466588161,39019.92417211366,38891.923847020335
1.0,129738.14248623479,120887.45213781703,120459.90029915793,119932.80592710263,119761.83461438742
2.0,266826.1078952441,263741.4180501125,263642.52790120133,263325.1694701966,260869.54746834649
3.0,362329.888189732,354630.0142318166,358611.47364721965,349586.59287247946,341636.3907147019
4.0,443002.65478875744,439282.8796394213,440534.91350981174,438260.4541311696,436249.44671829266
5.0,504625.1805882519,503781.5870436398,502264.35921676137,505840.1890126562,497476.99820651795
