,TRM,Local Ratio,GHS,RHS,TRHS
0,57382.00761839243,52996.25520139316,53333.968212332744,53380.438177070704,53301.18106078378
