,TRM,RLS,TRHS,GHS,LR
0.2,25923.285161615404,28588.216805577274,25697.27160702087,30014.02308094185,25697.27160702087
0.25,50482.270934598695,47001.32021282495,46733.90126128402,49857.72384603459,44915.62229578065
0.3333333333333333,46560.405619517885,44028.01876065533,43080.21589595056,46237.767751574116,43080.21589595056
0.5,88291.63020342508,85461.7385281381,81727.1230024186,87995.13640319639,80355.42431863587
1.0,226461.42671337634,220849.13949200336,221407.83073512863,223718.52452326674,217883.8445050524
2.0,374054.1950895117,365936.05117474915,369306.1483008042,367405.925108903,362446.93518743233
3.0,499107.65781709034,483684.5962361393,494418.8517658024,489628.9645092915,479909.27230603417
4.0,720035.5071378417,714392.1604359577,718831.2655045917,712934.1379590594,716170.5572193243
5.0,852412.6799276306,848119.8421125874,849932.5905365745,846419.3583857053,848931.9678204161
