,TRM,RLS,TRHS,GHS,LR
0.2,27933.413168334177,29752.21248594611,27448.017196201734,27397.795623556674,27397.795623556674
0.25,29466.25814514558,30377.6401557606,28665.831409977516,28292.091264402057,28292.091264402057
0.3333333333333333,47584.44029846812,47222.17807842507,45996.40523829257,45804.656026065124,45804.656026065124
0.5,61110.808599556025,62097.50130799828,59027.15017930767,59035.91859521651,58688.360116969096
1.0,151731.79260431,142320.61360608644,140657.84928540906,140449.21887102336,140216.3535951113
2.0,328138.7550599998,321554.7979779806,324613.9593150426,325953.3912256072,317808.2922094835
3.0,447450.72900241433,443747.44631170935,443541.0964198263,444485.28929057927,440808.465779255
4.0,542006.2939398446,539825.5843283705,540089.9500370434,536435.5927741346,534844.3506397196
5.0,669681.3986297655,662787.2255789269,666379.525525726,661252.2750502633,659752.379221498
