,TRM,RLS,TRHS,GHS,LR
0.25,17745.185346675553,15083.802084488652,15083.802084488652,14367.605657227869,14367.605657227869
0.3333333333333333,20089.850671849035,18735.075234500724,18735.075234500724,18735.075234500724,18735.075234500724
0.5,48793.44802151665,53093.04541420718,47212.607277393436,53093.04541420718,47212.607277393436
1.0,124946.25000150816,121515.51892488672,121220.32118456339,121322.60708849053,121515.51892488672
2.0,217258.9378135603,217258.9378135603,217258.9378135603,218078.14362604043,218406.0293520968
3.0,258511.68618985827,257675.02817632043,256556.3811061723,257231.29611083106,253029.89211045302
4.0,343878.1616736206,341903.292834267,343433.3063438261,340821.43204030086,341467.20763974136
