,TRM,RLS,TRHS,GHS,LR
0.2,38754.356291726275,40250.85541299163,37814.50507723613,40250.85541299163,37814.50507723613
0.25,35090.63126126687,44017.44578156753,33441.15326649126,51362.51299879019,33441.15326649126
0.3333333333333333,40604.49755928732,39459.64845900113,39337.73568886296,40031.74872699056,39337.73568886296
0.5,82545.24412072173,80521.21169527814,78854.24428794747,80543.30464010332,77795.46916234292
1.0,264530.64292390423,262885.6205910635,262518.37974929664,265768.9771588877,262018.9698797744
2.0,362057.94222978695,357327.11983446573,360035.3382101835,352226.39445004327,356709.4168632722
3.0,495703.97030109545,494637.87076618377,494717.7408857201,494408.2379075136,492448.91201291006
4.0,600050.4096581166,598533.754029296,599651.594385182,599206.5070307123,596708.3339292184
5.0,706400.9403653558,696863.8442291234,705211.4073388795,702802.5890139682,700447.5152746985
