,TRM,RLS,TRHS,GHS,LR
0.2,54156.69637417048,53932.51147162277,52307.973781384164,58198.52340308549,52078.646212493084
0.25,33903.30369998543,30852.05603553428,30577.75933181166,35556.90777479009,30311.13911098911
0.3333333333333333,85151.66916620763,82438.2484515475,80578.61332192722,83240.72966602666,80514.67155717922
0.5,81694.57992823805,76011.9834772173,75891.48612776045,79770.40266258278,75372.44480807842
1.0,247950.80718593582,247542.5926172513,246320.2976132076,248093.64671922612,245610.6395607707
2.0,373961.4867021291,373243.98712164967,373243.98712164967,380654.17518327443,371241.1749736671
3.0,524504.9670709238,516227.52519123326,518628.8151819943,517379.82543627656,512376.541513447
4.0,663947.54118249,664332.7411779986,662157.246727927,659151.9431004494,659151.4464503677
5.0,920698.9717459375,914239.4751243674,919412.3890881966,917086.6419449697,911767.340655169
