,TRM,RLS,TRHS,GHS,LR
0.2,41910.25109669163,39506.22579632733,39095.016736352576,41933.47438780473,38310.350043244034
0.25,57187.06800200235,55581.232137216364,55228.24084607524,62134.821134270314,54737.345685111046
0.3333333333333333,55936.4818847077,52869.017230826925,52903.42787721053,55890.31448623199,52259.36764896418
0.5,108710.4495343515,102614.3248787708,102050.13592235875,103111.25704140533,101273.90401195147
1.0,251100.0262590101,242482.07849643342,242198.46558667425,244179.18110930538,241596.84762633566
2.0,396131.2036553516,387773.39415038255,391595.14226475486,384800.51820185134,390318.4380331651
3.0,565643.2138797913,559202.8490823157,563128.2092470537,567976.9365825559,556605.7180587591
4.0,826582.9458371487,820344.944247473,823755.4323670566,820696.1160886037,815524.2458104844
5.0,924238.9938923619,917823.8402783101,922414.6454889111,923619.9071653845,920758.490396312
