,TRM,RLS,TRHS,GHS,LR
0.2,38304.65199738651,35702.13326860979,35702.13326860979,37247.446121985195,35417.80835626053
0.25,40038.55412664723,35415.56823155919,35415.56823155919,36760.85355834054,34996.138351887166
0.3333333333333333,59629.22333761387,59548.02814313163,57300.14970707821,61329.83219082898,55766.515099787866
0.5,72076.51583424566,66027.26094565545,65451.44893592329,67033.32437967343,63967.01824856662
1.0,211891.56819480177,207007.4220775674,207934.05549091275,207580.9619647711,206648.04898774534
2.0,316387.63140174793,315059.5644770961,314087.2378039035,310482.13604175905,304292.7789459828
3.0,543511.413719773,530307.4988004402,539667.5584462804,519001.9370480884,532957.4603381976
4.0,614890.101851557,608643.3224346237,611785.6822907226,613857.4488057805,609595.9428940169
5.0,833718.6809146217,823344.1306308762,830998.7827633548,829066.7325434803,825306.1861200182
