,TRM,RLS,TRHS,GHS,LR
0.2,30323.988752072542,27548.61977635802,27762.305504176933,27384.75814019238,27384.75814019238
0.25,30375.269237316465,28186.796843159576,28186.796843159576,28186.796843159576,28186.796843159576
0.3333333333333333,52107.19769063205,49069.75950749351,49122.908357548964,47874.13100055381,47874.13100055381
0.5,65227.3977128999,64833.73319351399,62884.00602764459,62374.398089543756,62374.398089543756
1.0,178089.12950827094,164722.53681901525,163873.23454311615,164263.3726578804,162178.3356924611
2.0,295973.73115344427,282801.7670738688,281530.8396331999,283211.17935878056,279676.2763511118
3.0,422311.8540680887,412100.470754341,415705.3731488667,414800.17606351705,410356.35457923624
4.0,580104.6304397408,565563.7600546892,569435.7860475746,569274.7263019411,559816.8423609597
5.0,666377.9142998428,652529.1443204242,661126.1534174131,659716.5470203874,654622.198368631
