,TRM,Local_Ratio,RLS,UGA_RLS,TRHS
0,639636.1285206615,622259.468355435,625653.1728168314,626115.5780580166,630159.2934791661
1,535811.3373181798,517614.9757013425,521163.2331554926,524905.4826566171,526914.7284134936
2,425492.74081999,407725.2567111283,411175.1413895882,411899.270402037,415187.2352896103
3,291593.23567734647,271144.8973891909,273138.13453280635,272160.9895541984,273605.30271057476
4,143643.12646638148,136641.33380870477,142074.0909261544,137534.345446399,138766.4748267701
