,TRM,RLS,TRHS,GHS,LR
0.2,32228.560891151425,31441.594602072073,31033.488292119517,34070.128852223526,29930.649746192306
0.25,41401.21216132653,38709.34324842254,38354.81426515811,42545.96940711899,38354.81426515811
0.3333333333333333,63008.43890329565,59294.00349371319,59294.00349371319,63782.4233236403,59038.76407227101
0.5,78179.602866906,75915.23789150115,75542.30555001991,77749.04271425253,75432.50538867764
1.0,208116.17447558415,202791.77909081773,202496.1465907646,203574.94079195615,198150.95126796173
2.0,344512.90543923294,340229.1966508613,337988.04102924635,331143.3065374028,335423.9346295603
3.0,451769.4474843585,439823.53974783514,442996.3599458833,434434.6837708384,438479.9325432444
4.0,576623.5067257354,567473.2365383605,573748.052398614,564974.5839883217,566666.877651052
5.0,693435.8318893657,686971.8055615028,688497.9736359125,688725.5397135301,684229.8170180772
