,TRM,RLS,TRHS,GHS,LR
0.2,24976.78154399915,24089.60893913171,24386.96195085703,24703.285026233734,23994.901499901334
0.25,29038.068326167002,27827.777783371235,27691.30511104842,27827.777783371235,27691.30511104842
0.3333333333333333,31777.773922224,30175.449986092044,29883.39813359603,31515.054210937025,29582.996916837434
0.5,57050.16135094215,53501.01580947937,53142.0352357157,58001.726157455894,53142.0352357157
1.0,150074.82257020776,143158.6380944971,141307.61704956193,144196.55759238775,140277.80213513313
2.0,279596.8807764107,275774.3888034946,277940.3634704594,277231.24925821007,265848.76506645314
3.0,384460.6503086437,388467.63554421207,383965.57405984716,381866.31508845196,380686.1181129159
4.0,482579.8807419676,480791.5111292236,480630.2171353524,471189.0411771055,474437.06555802986
5.0,603148.0479974719,600413.3221285688,600673.1289645839,600114.124445321,599904.108737133
