,TRM,RLS,TRHS,GHS,LR
0.2,19854.183056527792,19469.01125819472,19518.94318425689,19518.94318425689,19469.01125819472
0.25,42626.111087560734,42545.590923921445,42048.013801120214,42048.013801120214,42048.013801120214
0.3333333333333333,50519.93854479354,49131.637283802826,48881.83309743257,48796.81526156638,48796.81526156638
0.5,66659.61500535632,61788.87552716774,62297.23306713546,61132.133276387685,60810.769452367866
1.0,129228.39136116888,122846.92172313102,121764.84663505392,121771.38725380493,120547.06207474323
2.0,297138.95133331884,290630.4514570655,287511.4142520368,284388.541340445,282180.1077674353
3.0,450651.23372039763,442221.6896494228,446529.3114824846,441052.1867642947,435774.49713046
4.0,536025.3947352825,529607.3403583122,530613.628043091,528098.0457127063,526220.9755609266
5.0,688257.4533609567,672829.7732940919,677896.5172582542,671501.7040449885,671789.329182772
