,TRM,RLS,TRHS,GHS,LR
0.2,19390.197214333435,19051.082302956478,18996.188931649896,18837.102071912635,18837.102071912635
0.25,41990.993121853375,39567.645845700485,39707.389174718766,39297.878648768055,39217.12303745701
0.3333333333333333,27953.675954433504,24558.110249814345,24686.43329809313,24686.43329809313,24558.110249814345
0.5,57870.59764145489,56857.219433000624,56301.849150220296,55857.58913192745,55857.58913192745
1.0,138819.26010070587,132095.5895698797,132016.92039260408,129756.74863874243,128903.60352994139
2.0,293846.9010547174,285587.304374082,286398.5195694389,287701.50395849766,285669.6314357298
3.0,364805.9711172573,363303.73831271083,364109.50653934915,363047.9450455181,361677.91933965904
4.0,550105.8021370469,544909.4208573216,546206.1403430955,544466.6667001501,543772.5327841007
5.0,623316.7340068955,615893.4782016792,621875.4135652549,614946.5050025608,617414.8963183261
