,TRM,RLS,TRHS,GHS,LR
0.2,26912.699719720935,23889.380736696072,23892.755510937855,25554.669483265425,23889.380736696072
0.25,55305.77243711697,51449.81070770564,51441.13988784605,54314.318720307085,51429.38982232624
0.3333333333333333,58659.12066918639,48880.37379250389,48707.397808585774,50993.563899825625,48156.985410023255
0.5,121680.1703314828,118745.3010532884,116146.61389819886,120541.53475396933,116045.90051050883
1.0,310367.82170372264,308943.5147204248,308244.79409656505,309390.90598864184,303284.9673435886
2.0,421268.4092871479,405511.26913715753,417853.03416648187,407718.0298097124,407543.24934240285
3.0,570528.4050309998,563254.8857010268,567460.0893628577,560065.925335097,562260.5976078392
4.0,722618.9856660096,708234.7353230917,720657.798455438,716257.5941165009,710417.0117565771
5.0,954801.418600114,949225.2873718478,954311.0441297211,947286.7805989649,950044.8040184455
