,TRM,RLS,TRHS,GHS,LR
0.2,34773.659873416414,31963.793842798856,32034.073862279107,32572.896272325368,31429.243702010746
0.25,39175.36352990074,36768.56939179338,36823.63382430383,36998.17463444265,36404.51510208763
0.3333333333333333,63285.981268564545,63258.189903309634,60077.52681881938,65308.82506503497,60057.75845913893
0.5,99869.97447899108,86167.81806572103,86545.52584788812,94599.14382125113,83778.2775131069
1.0,226144.7522412133,222021.9629730109,221266.51282706662,223280.38784279415,221037.12655334326
2.0,359997.3060372639,350307.181474213,357444.61823565204,351173.3759233451,349977.79832203005
3.0,541523.6836267894,525816.9031916589,536844.7919254112,533651.9276655169,533712.8368094797
4.0,642949.2941975596,628815.3007077619,640849.9590525397,634602.5050766611,630151.7386594998
5.0,825056.3464779846,807984.2917584748,819819.2668746877,803763.5430717847,812841.9026676037
