,TRM,RLS,TRHS,GHS,LR
0.2,14015.229605904286,14835.792139096902,13723.982711493609,15012.471121286213,13547.303729304298
0.25,24902.223103657136,23383.469560134105,23093.700874809692,24945.019090253194,23093.700874809692
0.3333333333333333,22463.019047842008,19598.330237029204,19598.330237029204,19598.330237029204,19598.330237029204
0.5,44421.18510108812,35188.319886261575,35188.03419254232,37506.7235933683,35188.03419254232
1.0,83111.69120162385,79719.6556377097,79719.6556377097,79719.6556377097,79717.19326223683
2.0,175446.65687192348,175094.47782584047,175094.47782584047,175094.47782584047,169497.0938426677
3.0,254533.6823291646,254482.611370284,253258.30239963625,248569.63775213974,249319.8089728022
4.0,320925.12441121246,321270.15636074124,320524.7080691719,317113.5279411309,318057.637538549
5.0,404895.15363282355,403228.26477278623,404230.852271796,407310.2459793702,401965.34327178873
