,TRM,RLS,TRHS,GHS,LR
0.25,12586.017919227144,12586.017919227144,12586.017919227144,12586.017919227144,12586.017919227144
0.3333333333333333,8920.789769338064,8771.832588277222,8771.832588277222,12732.180220035432,8771.832588277222
0.5,34116.54917889095,32466.56624119441,32466.56624119441,32466.56624119441,32466.56624119441
1.0,59616.88817817177,59616.88817817177,59616.88817817177,59616.88817817177,59616.88817817177
2.0,118820.18599980616,118548.98468305335,118548.98468305335,118967.96339969324,118188.89683554291
3.0,138315.37302347302,139160.7635386253,138315.37302347302,139539.92065594016,138315.37302347302
4.0,197950.21912006082,197950.21912006082,197950.21912006082,200259.17673827053,202517.9583450598
