,TRM,RLS,TRHS,GHS,LR
0.2,22222.2218603831,21050.36081254715,21741.23263606069,21050.36081254715,21050.36081254715
0.25,37724.210550764874,34534.33272011037,34424.70201310088,34450.81968200973,34409.31391322969
0.3333333333333333,47961.63471193173,48934.18271334581,46034.857106851945,46034.857106851945,46034.857106851945
0.5,46989.00705630873,43553.98077440829,42359.01258533419,42043.512169569854,42043.512169569854
1.0,108579.68215526451,101148.36417432153,100210.90909468493,99938.03440563395,99315.49194567549
2.0,298718.19753157673,292329.11890876334,295476.48307969957,295282.2289789668,289945.08032863965
3.0,319575.4980795086,320366.0496529554,317126.76764861646,317040.4196569378,315226.7621814988
4.0,486868.14152313466,486108.7715141309,484269.0632628839,487186.4392594557,483545.6909259183
5.0,657746.3328200286,653202.949279101,656641.5066904457,654265.9734826514,654882.1512962529
