,TRM,RLS,TRHS,GHS,LR
0.2,20357.104939948447,20636.119864727345,20046.485965687512,20804.89542673406,20046.485965687512
0.25,32809.08953334651,32938.54815146011,29778.928743382352,33192.830939702355,29742.500663896833
0.3333333333333333,47860.80398682188,47822.9494647664,46162.06797790312,47822.9494647664,46162.06797790312
0.5,85447.95801671174,80945.6007606586,80445.46308949456,83578.40912360408,80099.4524342179
1.0,166414.3405604975,161953.55623421597,162409.69166729867,162958.47766691656,161737.95682572795
2.0,307354.6587493009,304376.73676676233,303321.93182911526,300760.4160130055,303529.9210087607
3.0,463677.8941520257,454543.71779735864,461849.33359282016,457524.84117838234,453027.44218561024
4.0,565657.856698391,557837.657548169,558513.4433865764,560584.011880473,555300.3868161727
5.0,737902.1318121023,728466.0931260505,731951.9884322725,716031.6538050254,728224.448751736
