,TRM,Local Ratio,GHS,RHS,TRHS
0,54536.03880114441,46472.61421383915,46472.61421383915,47550.59928331243,47637.61374481853
