,TRM,RLS,TRHS,GHS,LR
0.25,21686.083866955858,19431.72447596104,19431.72447596104,19431.72447596104,19431.72447596104
0.3333333333333333,35795.48294841951,33946.00211211288,33165.500718254785,34565.894705376166,33165.500718254785
0.5,49116.84553331068,41860.46770045537,41876.40512714232,44956.481393567214,41860.46770045537
1.0,118557.26890438364,111392.1087542262,111392.1087542262,111365.08811262678,111365.08811262678
2.0,210997.68275789826,210169.7007737599,208499.0391298862,210169.7007737599,208034.70931253175
3.0,303613.94940551434,302453.34714555135,300227.128662532,283325.96232551563,298727.5775608537
4.0,371699.622465763,366934.1381590194,370746.2406587594,366294.8784107255,366039.80271665636
