,TRM,RLS,TRHS,GHS,LR
0.2,47197.72912362107,46303.42132232927,45028.6816021555,46580.09829180572,44873.19417194846
0.25,81979.69706506252,79620.42988911379,79749.91339366832,80624.37376925042,79055.68355525345
0.3333333333333333,70113.04524196571,66324.1220130157,67112.05189693847,67232.59281058365,65760.52873908018
0.5,117717.86174042677,111053.46047908702,109833.1563737079,112925.48674740369,108458.2234179787
1.0,316831.12187038315,309825.77642124635,310088.4793149191,311421.7603529068,309114.6241301529
2.0,439404.159689539,434010.8706653914,435116.0748259573,445198.33094032406,441534.0726414193
3.0,659696.0937989727,651956.387668578,657687.4954243001,658256.9709786966,652524.7451921636
4.0,882154.6408111509,878439.1143506254,875618.789141655,872612.4523067245,871205.641939287
5.0,1059384.2283918264,1047426.7943089424,1056762.0513095646,1055407.4937027637,1044107.2156189972
