,TRM,Local Ratio,GHS,RHS,TRHS
0,28379.7268870983,28379.7268870983,28379.7268870983,28379.7268870983,28379.7268870983
