,TRM,Local_Ratio,RLS,UGA_RLS,TRHS
0,741203.2909630715,729419.4570915736,731685.677645874,734270.5755167318,736222.1802412147
1,663579.3948770345,648068.4005957763,644338.5151074937,654483.996051131,655563.3688903542
2,507822.8897201509,503824.25154082035,504280.90634683904,499857.2084213879,501233.7300920766
3,251409.7592870577,262693.1294405053,238905.50302334968,240412.68627927089,238583.64651748375
4,138981.19541864796,134013.239977194,133553.19295400678,130517.84977598101,130525.72762114098
