,TRM,RLS,TRHS,GHS,LR
0.2,23566.287049016682,22675.94280476632,22827.717832402588,22827.717832402588,22675.94280476632
0.25,19610.98868660197,19409.002240771668,17136.44439018765,17136.44439018765,17136.44439018765
0.3333333333333333,33516.66430304557,32120.174118951658,32120.174118951658,32120.174118951658,32120.174118951658
0.5,46826.563109367875,44544.531282708886,44661.086209441884,44510.80314013879,44510.80314013879
1.0,103860.97475684797,100121.729868117,98983.75220334076,99983.11069965064,98983.75220334076
2.0,247920.47461048083,241396.5823612715,246191.06465799644,238990.79960861278,237647.4909906556
3.0,343029.85123816226,343516.76812266925,340412.40474816103,344377.5350579808,337749.3567725729
4.0,424810.9766958212,418278.309701628,422224.59482052014,425530.5999035526,418132.8216441878
5.0,513178.8750576883,503865.5793000371,511476.766206967,506631.9520309059,506854.9232974354
