,TRM,RLS,TRHS,GHS,LR
0.2,11812.60912324546,11126.612552959356,10660.642812939288,10955.21912041712,10489.249380397052
0.25,19080.401848409656,18017.601855192323,18335.169875609652,18371.166668077632,17952.762676867573
0.3333333333333333,22685.276286683118,20314.848630060067,20708.52518056958,20817.887188507957,20144.218374811935
0.5,39479.441785840005,36010.31880513573,36010.31880513573,36861.33051087539,36010.31880513573
1.0,93469.5502241112,87037.36393621049,87054.5345711555,87326.10699386822,87037.36393621049
2.0,202368.7327484412,200277.98169487403,200272.19663281587,200583.98377185158,199854.9790120806
3.0,235699.32162977758,235126.984252923,234280.0927094748,232764.90853281727,232745.86911235758
4.0,327626.5365801908,324593.1340437752,327528.026575719,327587.0839789879,326356.32235780946
5.0,347595.67926284013,347018.8023054548,347595.67926284013,348700.9495621886,345243.1256423982
