,TRM,RLS,TRHS,GHS,LR
0.2,20000.695877693517,20341.72437806965,19411.475908317632,19411.475908317632,19411.475908317632
0.25,24138.406199853078,21501.285252496164,21921.957618604814,20994.146549271696,20994.146549271696
0.3333333333333333,43617.55112703499,42559.77692515068,42193.570092712616,42377.7465529521,42193.570092712616
0.5,88139.75214852067,84616.7954820805,83498.8135535442,83231.99591376333,83110.36261372779
1.0,142975.6419322946,131158.7708948547,132705.46209985798,129365.16081011105,129365.16081011105
2.0,276279.34437106,273048.67323425045,272667.721978448,272938.10310475685,266792.6379998856
3.0,408955.15885385755,403130.0397214872,401155.8638426545,397633.83276120084,401449.10227276676
4.0,472329.9320152822,462191.71439776145,467449.4863389176,464305.5724042615,464059.4519197881
5.0,639140.4629450142,629765.7135328416,636330.9931674724,629172.8083801505,629708.6204166218
