,TRM,Local_Ratio,RLS,UGA_RLS,TRHS
0,749428.4066311395,745223.8907832764,746877.9647875174,747121.4047102806,748559.8313554589
1,608828.637568972,600584.8955799931,607252.5591849706,605209.5890057249,606151.667666904
2,469910.49110064335,463303.2420797964,470366.8302270036,466477.71130600566,467435.7462792892
3,310728.6404861731,300320.8965161214,301845.1958594777,304638.5742747625,304078.505357572
4,164163.19990937205,156243.9112009768,165164.2118562259,156952.2397927759,158947.37706448123
