,TRM,RLS,TRHS,GHS,LR
0.2,31855.56798916126,30750.699148090138,30743.225087865536,30750.699148090138,30743.225087865536
0.25,43255.35720872651,42279.50134884054,39990.06960406764,43091.85846394847,39990.06960406764
0.3333333333333333,47993.52820191429,48611.86379215901,45493.2938756447,52036.066395149595,45493.2938756447
0.5,74664.4016562602,70607.43984881777,69727.40471394514,74372.87298893271,68936.01442155108
1.0,226632.1271578385,224036.6932315735,223306.14450555807,224031.477267071,221137.43521791094
2.0,372787.9632037651,364421.289338847,369802.76633884106,364326.6699370338,365250.5826476429
3.0,524504.7728003279,514057.4042887244,519667.9721174865,520487.4902707935,520770.4076158431
4.0,709543.7486459509,708868.0410121075,707643.3401287145,711060.2621500817,704593.6800720382
5.0,711110.7266011393,700143.8493010299,710032.0394767462,707554.791395998,700231.0624882724
