,TRM,RLS,TRHS,GHS,LR
0.2,45516.62168778383,43644.401959973846,43838.97657551943,44764.35830349757,43643.53112502892
0.25,32575.690230236367,32926.75015991044,31937.58481107885,35256.36996934868,31858.788474935685
0.3333333333333333,53453.718940986386,49175.54469330512,49096.91746258101,52452.757794682395,48858.204315550734
0.5,79326.92006600273,72310.01710718255,72226.94915143255,73567.35164121586,72165.33933626134
1.0,205239.35634267656,204082.93846177493,203043.70622931683,203301.21131026934,202639.96658978643
2.0,381141.0579597383,375608.35548451444,376765.6496786562,373231.76972034207,370849.7058558933
3.0,490131.7081322223,489129.5322301935,487052.6723870334,488566.83779762115,485884.24545080063
4.0,697184.2999706663,699166.2954397602,695105.8892897677,694674.6551618779,692885.4938558221
5.0,916503.4108313824,910204.2461287237,914032.5519327554,916171.1217129867,911533.1612857931
