,TRM,Local_Ratio,RLS,UGA_RLS,TRHS
0,223697.33398905283,223375.8774301306,223649.20042725312,223649.20042725312,223649.20042725312
1,183309.13874670543,184286.89211602014,183669.325344743,183898.97306720132,183642.25208590008
2,139355.75550304537,135941.00815712512,139193.77090550063,137044.1601534881,139004.02046153726
3,107143.85969498796,107939.42888148729,105040.10783600801,105216.58773477926,105216.58773477926
4,52506.58902392914,49859.57743560846,50136.06686976849,49859.57743560846,49972.45384972503
