,TRM,RLS,TRHS,GHS,LR
0.2,27016.11095936645,25391.961359992172,25391.961359992172,25155.3941331258,25155.3941331258
0.25,32226.67822708455,32786.35590551139,31482.238632854067,31482.238632854067,31482.238632854067
0.3333333333333333,35843.05889407734,35104.20084367386,34793.60728713548,34726.657874202705,34726.657874202705
0.5,60436.87893002471,58078.438895725674,56823.85612889914,56823.85612889914,56823.85612889914
1.0,148214.5757242214,141793.8066278474,141077.8100625132,141238.19543265877,139232.7544935719
2.0,310994.51902622957,300035.21250563464,301957.23390348104,301629.7115852339,298453.8790913916
3.0,403367.7154214846,394825.6331471292,397021.3689531028,396038.4874755856,389289.06342137937
4.0,513452.9826598503,512672.0049172037,509909.11704821046,509104.4823401862,505233.34921891737
5.0,649965.0229905653,640339.324973548,645461.2243293256,643720.1925618357,638602.0358848395
