,TRM,RLS,TRHS,GHS,LR
0.2,39561.58128433936,37935.62037271548,37759.75148760687,37759.75148760687,37759.75148760687
0.25,30800.11923668172,28503.17801830874,28208.99926697786,28812.44957204895,28181.60239265357
0.3333333333333333,66297.46564461947,60706.99305810611,60706.99305810611,60706.99305810611,60706.99305810611
0.5,98997.21757993396,108281.84415424,91284.80202477955,91284.80202477955,91284.80202477955
1.0,198435.59754862986,185223.8121704044,185068.47484706948,185015.1239563258,182637.33866490136
2.0,372763.67790281726,371385.9796391175,365609.58903519146,364966.72297199443,361418.19443530904
3.0,540423.446852957,527288.8589790867,531446.9974191583,529683.0123077864,525312.3881561277
4.0,689077.4065642239,681390.8259076354,683346.8333935715,682825.1082326382,679371.5223453795
5.0,812477.9703533353,803965.809859102,810768.5175068675,806034.1588549856,802509.0019228566
