,TRM,RLS,TRHS,GHS,LR
0.2,29509.641381276622,28453.47043963633,25827.545136639656,31306.79194783985,24963.674457329522
0.25,47908.5389742512,49336.53015255136,45078.28579867072,49336.53015255136,44929.54425761215
0.3333333333333333,54036.39397644035,51534.7161431846,50902.85435610598,52497.15119462999,50847.83183793274
0.5,99370.36541747242,95136.15472098587,90812.61258517545,103180.76323393825,89115.8740181929
1.0,252934.56188509442,252945.76680835485,252086.70049462185,253299.29511673425,247280.6569097431
2.0,364712.91758875566,359143.56145186455,358818.6628444262,358941.3482611865,356782.6146132107
3.0,511290.5284406917,506341.85144743783,507538.47533619805,499427.0972150173,501009.28320820304
4.0,684063.8969288293,682560.6417383635,682187.0968277971,677873.3927836851,680408.8864651589
5.0,875366.783591666,866039.122095346,868351.7584000207,866075.1065263548,864913.0870295456
