,TRM,RLS,TRHS,GHS,LR
0.2,39268.86301265058,41555.96677222196,39066.62063591285,42890.18890471378,39066.62063591285
0.25,44614.90633667752,45119.102883082815,42468.34683853182,46905.84289573213,42468.34683853182
0.3333333333333333,41068.17168497536,38607.69157943644,38972.79386850071,39639.31846259166,38077.63311075281
0.5,87343.99149684657,86283.40318158505,84490.03420494132,87972.71394501689,83807.04675242907
1.0,197616.0824465765,193499.6841569696,192587.92018246668,193226.3492654335,190980.68090865656
2.0,364606.93857088115,364552.92487366864,361763.5346934891,367410.8870736973,360631.5429338387
3.0,481359.4248149446,474986.2796013618,474057.33305971936,474732.15680342325,473190.20653389307
4.0,689803.0839185874,678484.8480843932,685525.1976247753,683997.1785629583,682148.9132441666
5.0,850793.0977258842,843442.5764391628,846699.8599330788,837382.395283257,843203.1710429871
