,TRM,RLS,TRHS,GHS,LR
0.2,38184.347959929764,37647.59987671765,35776.71448017374,39696.44734673089,35453.327705637144
0.25,43827.00772740048,40770.03359826475,41717.86590878597,43320.79826471121,39119.6902935286
0.3333333333333333,108797.94837971947,107637.63689707003,105145.63244446611,107992.61634805554,104747.16803046004
0.5,93657.90056168119,85381.31816759038,84328.95651206485,87366.96460766927,83817.34087777068
1.0,249526.96024649296,244347.27943145568,244916.13632212687,245482.1328498491,241340.10990479522
2.0,435059.56413832883,425839.2174322727,429683.85253679554,415904.39094487415,421583.9048299569
3.0,612301.342551069,601780.3927676,605741.8188256648,602777.6775669941,600758.4731600006
4.0,832906.2507796431,828985.4133283735,829989.6002654288,830983.6149522513,829982.9391623829
5.0,876688.9525610793,869379.9853511141,872025.1890975744,869253.1215021077,869853.6812486984
