,TRM,RLS,TRHS,GHS,LR
0.2,40351.14645514066,39694.1437430148,37934.670038810225,39029.63876582781,37755.58926165849
0.25,34406.668480322754,32457.228055605836,32515.59398332352,35889.12153372477,32176.951198884537
0.3333333333333333,48141.25324092566,47530.333307436376,45888.734905087535,47591.090156153135,45638.55949819155
0.5,73409.88490956239,72128.7154302363,70953.9758014346,73459.2103048272,70918.03799778139
1.0,181315.69951644776,174805.62736509423,176000.34994453038,175615.09120774205,173532.9180261856
2.0,306628.4677840641,301024.7300947504,300996.7004724629,292828.1933989515,298784.9132269804
3.0,427583.15746339166,421438.653266034,427302.8792507557,420315.48346409487,421291.7024546209
4.0,578146.907550743,572812.8416038457,576955.955679657,572536.0012528256,572516.826212062
5.0,719191.6282510418,715662.9729811864,717545.1443754485,699742.0799414627,712847.7242257389
