,TRM,Local_Ratio,RLS,UGA_RLS,TRHS
0,629309.9747272461,619567.73469096,622279.0539176511,622539.0011905783,624124.326196289
1,516844.81541870954,504426.33874940383,504734.0358657057,503263.1783394023,512463.5065408123
2,397709.2830767853,386422.803726934,388418.96235181624,395102.08337238804,386778.77368566394
3,276289.58720475284,262209.6334595905,265978.9770662783,262209.6334595905,265770.53122887394
4,108739.39112585559,100811.83546834833,105689.47087596025,101137.41483789888,101086.89589382483
