,TRM,Local_Ratio,RLS,UGA_RLS,TRHS
0,605793.8220417339,601017.010824011,605077.508907432,605327.2358049061,605625.7958803298
1,490532.0698906058,482679.1703682588,482844.94858786,490625.72220489755,488463.58175809105
2,379518.01647449355,381925.3570128298,382406.71209553676,382940.65398489416,386390.52465622796
3,309371.6348471808,304230.9692844942,305256.8616063092,306231.7198049441,306467.53324902366
4,122566.77435222149,126179.00138759716,117867.05700935333,117871.26198369151,117558.36853963033
