,TRM,RLS,TRHS,GHS,LR
0.2,42475.559205874364,40043.679880460295,39379.81956563069,39564.13832253298,39379.81956563069
0.25,38910.34794323986,36144.11149131793,36124.70457001748,36144.11149131793,36124.70457001748
0.3333333333333333,69486.25414713693,66858.17165511365,65355.28593476929,65727.68948560217,65246.558002435915
0.5,93827.089071076,94838.09808286099,91998.04577811297,91803.1575091332,91803.1575091332
1.0,224475.50092923807,218327.83548752614,219646.80650379648,218881.51050029256,217890.7396496962
2.0,362935.4824469916,354836.154897553,354450.32395305164,355021.0310033086,351431.1203799864
3.0,532034.1770355855,527649.3548989486,527221.011399234,528682.3217487572,524077.4174086677
4.0,679015.6078611016,672900.8892547906,676447.4917692912,679523.3504822623,672624.8507073803
5.0,871489.0366116326,861040.0752670403,869742.4521485248,865264.7173835428,857362.8273684712
