,TRM,RLS,TRHS,GHS,LR
0.2,36827.44013017988,31683.60968419863,31611.557690341826,34743.8313369911,30994.038493639877
0.25,42483.31663769189,36168.57047603125,36168.57047603125,38971.34869886318,36168.57047603125
0.3333333333333333,64078.823350719365,62657.79230356797,60364.89521371737,64537.352141709,59258.00181789218
0.5,125884.10995420153,121611.62862779912,118985.83267833792,124869.01532134034,118492.51435962383
1.0,282874.3336281875,274825.6456558198,275214.36412539484,275994.1658966446,274460.3309588606
2.0,422688.18605730595,409642.76194485865,420960.2066122449,406501.3143589305,407754.05531839345
3.0,612386.8103850993,600063.3502486199,607820.2026295261,610727.7819640471,601766.0259621252
4.0,805235.5794351505,793082.8377251109,797158.0606985248,776368.9694589085,791087.3770399279
5.0,1005945.4586599794,995489.9325157162,1002351.1898552155,992875.4057548239,990518.7773270577
