,TRM,RLS,TRHS,GHS,LR
0.2,32242.19998670874,32137.591896725175,30474.125589501095,34622.43053282522,30474.125589501095
0.25,36277.3793282606,35013.81964160785,34827.69961768577,39075.79887525807,34356.331892556154
0.3333333333333333,45335.81776955283,44858.602436521855,44592.98725852958,46848.12539324593,44585.38543779361
0.5,68917.14391243804,67083.66804440867,66364.45390818286,68590.47582036587,66303.01362831396
1.0,163832.72170118795,160356.38264905204,160356.38264905204,160895.69960438434,157278.32135982407
2.0,290588.4377452948,284091.28614775144,288138.9163603455,286838.1170773755,286898.2281505995
3.0,418970.5403958227,418642.89158873574,415887.99049342086,415214.4177715147,411953.7630309958
4.0,559956.0680659955,558449.7768102936,558892.1082462238,562543.1051595949,558313.8017758349
5.0,659660.6833583885,659954.4068230377,659582.175681809,657280.8167864517,658727.5662584377
