,TRM,RLS,TRHS,GHS,LR
0.2,37480.08833090416,37685.857871799075,32275.217943820506,37685.857871799075,32026.87755355201
0.25,30791.910046989306,29577.899520745686,28662.16955203713,29046.0895083093,27989.79137533331
0.3333333333333333,65196.64736801514,66104.71609363548,62963.61301930069,75370.76365032858,62739.1231947035
0.5,132307.78380310538,125991.62978823028,119022.07282161008,125327.13503246433,119022.07282161008
1.0,268761.86047024076,259831.01950072084,260312.52868111158,260735.56700400152,259064.2314835342
2.0,392099.7662511937,385273.5201453681,385737.9523939312,390544.09354053903,387465.7479276512
3.0,552376.3829104465,539981.6111778546,546806.369392461,540866.1025294756,540265.6354440621
4.0,845039.2348679537,838190.7377529548,838786.2474214584,841852.0776859587,838289.6855509987
5.0,974252.9691232446,965672.7279267648,969315.1109486106,969430.8388218972,959707.0029372412
