,TRM,Local Ratio,GHS,RHS,TRHS
0,41454.76992991427,36895.77770519218,36895.77770519218,39974.24959808816,37612.18078340808
