,TRM,RLS,TRHS,GHS,LR
0.2,16351.127254313433,15442.25726697521,15442.25726697521,15953.593986859216,15442.25726697521
0.25,15277.179033021048,14276.18048300188,14276.18048300188,15896.301394805938,14276.18048300188
0.3333333333333333,30143.734457770224,28619.066994447916,28382.876102650585,30577.99799732532,28382.876102650585
0.5,46003.872630344704,43808.44602637252,43524.5122898026,43700.40175334398,43524.5122898026
1.0,98395.6890800484,90130.14057455062,90595.2630341149,92756.88892255761,89990.50398230039
2.0,184488.7646938913,179803.81464748783,180612.32472684202,180363.85210787563,177311.9457643779
3.0,336396.28046514874,333652.35170493124,333209.3744657846,333186.70281711797,332333.52547891275
4.0,475350.2791360931,475334.8052776742,475126.1281469098,478304.4412570233,473910.8893888307
5.0,542124.0114336875,539772.1925219732,540637.1150628126,541693.5979605968,539720.9047544592
