,TRM,RLS,TRHS,GHS,LR
0.2,53562.265393530055,50986.981619437305,50131.81721554586,54322.07798537413,49485.19940650233
0.25,53030.776353254856,49841.28409952443,49520.760494625465,50917.76222319234,49520.760494625465
0.3333333333333333,84765.49766170714,82460.79960510296,81684.65469972155,83786.87842333419,81684.65469972155
0.5,149067.54628806698,141035.18824051294,140415.40773221882,141657.10578579293,137099.10305493328
1.0,334441.54828590655,330906.72948531475,330748.95874382753,331356.72937055817,328839.0487518321
2.0,474089.0302735347,466537.1043625597,469768.6647100564,467583.62586756534,461760.9347443231
3.0,703219.7940839638,693890.2309024293,699292.9342767727,699016.4351707031,692804.3556801145
4.0,926695.4243915515,920530.1261897148,923712.75359629,919862.1203809701,913046.4911320211
5.0,1264016.3378524012,1257835.6473758323,1255555.186210555,1256137.010719392,1253191.767761542
