,TRM,RLS,TRHS,GHS,LR
0.2,38612.3836854524,36658.466683889914,35966.63843505443,40106.29307781205,35962.57066425717
0.25,29313.062196826668,26078.12910730766,26148.14490905631,26853.95169637043,26078.12910730766
0.3333333333333333,50363.857251469126,48702.05209560207,47364.07529686188,49526.047435313965,47192.8728538862
0.5,85621.8298021519,84254.43638422042,83345.20431866404,91841.87900119335,83345.20431866404
1.0,219134.90774719187,215367.02337540753,215863.99944426309,217284.6540173331,214148.80124582633
2.0,284284.8936345186,283444.79071771156,279434.6494054552,280438.656608237,280430.0296814415
3.0,451135.7860110767,447564.7760199068,448657.9992689528,447531.5303269041,444468.3606518782
4.0,586695.2517506365,584439.8456955544,586182.809858911,582586.1656253773,585922.0490714933
5.0,776834.064568689,772497.5078686512,773926.1906507704,770179.4366775438,772440.8210582745
