,TRM,RLS,TRHS,GHS,LR
0.2,52809.605601577234,51448.604777981134,50012.19490814532,53202.46849485692,48795.272749373995
0.25,40389.51327020394,35774.42393231272,36868.012506328865,37407.71955913496,35758.374906176636
0.3333333333333333,49538.86514747268,42765.82448890791,41308.50985051699,43456.72941278841,40935.35721504304
0.5,70956.52179038482,64164.54888576338,64282.68860358493,65746.355455202,63981.58157744719
1.0,207101.67054770293,201835.03644091552,200790.04236772904,202577.8650312673,197539.60563619147
2.0,325036.7996206459,313273.810969522,317220.1223097036,306031.979636876,313776.24488510936
3.0,517048.1587003383,496187.2420794333,510445.0637856947,503450.2857641151,495195.3458135625
4.0,620733.8842419493,603111.1043878152,614886.9066686628,608247.9812881625,608258.2273818171
5.0,722293.540463195,707973.7114181829,712500.5263186463,711659.8928651259,707190.1652638898
