,TRM,RLS,TRHS,GHS,LR
0.2,32933.68699834278,31993.993132089156,31993.993132089156,34046.753482784305,31932.138344251412
0.25,48687.98163454027,44652.518402384005,44063.8594216616,52383.5942498031,44063.8594216616
0.3333333333333333,47248.751594161586,45947.09158222033,41584.971957405665,51376.00851720202,41447.23518313869
0.5,95446.01426711027,94655.69549822845,89786.56939465858,96073.65911501858,89347.4143214456
1.0,213429.88517430844,210550.65781532106,210374.867267303,211047.7226925575,210372.64911558235
2.0,333975.6051682642,330328.09336401435,327535.2737311515,323469.3286143511,326338.65964763286
3.0,482857.34940095164,484093.15151331184,480773.6211865256,478347.7302098233,474919.59593378945
4.0,624153.5720414321,622402.1822961441,622857.7648231416,618189.0868715878,624925.0915909988
5.0,759253.0585155869,750252.553832754,758267.5188658623,746863.5674287422,751844.4944862488
