,TRM,RLS,TRHS,GHS,LR
0.2,35950.97523814072,35119.21964446717,35388.37427953236,41547.85967403292,35119.21964446717
0.25,44048.37605553369,44389.31232934952,40371.91566758576,45558.51680946145,40371.91566758576
0.3333333333333333,61886.546028450124,56555.92791693925,56555.92791693925,63224.82487319357,56466.05265886909
0.5,83643.98580670077,74281.59552564335,74948.43414212037,75176.17899778974,73877.80152239713
1.0,234421.63349163582,232159.92806036083,230837.6125000487,231953.53873174047,230425.72989934759
2.0,366809.55040932045,356748.0537348315,361894.1797396966,358706.2489985517,354742.9524313686
3.0,496271.33068479114,483793.1189313573,490537.8976945875,489007.51014456566,485063.3685851068
4.0,708575.7538179919,698917.1744999101,705845.9965393738,686213.6214520471,697685.6205695544
5.0,831855.3421930814,824816.9955824625,828260.94112975,824779.0350520189,823615.1837499889
