,TRM,Local Ratio,GHS,RHS,TRHS
0,77884.85353776085,74678.02558021969,74678.02558021969,75666.64177308309,74678.02558021969
