,TRM,RLS,TRHS,GHS,LR
0.2,22235.137624309067,21953.219212580912,20205.282300053426,20196.171900797443,20196.171900797443
0.25,27345.855887019687,24931.81414699356,25316.98959038831,24931.81414699356,24931.81414699356
0.3333333333333333,30578.379891779703,29968.103024060714,29633.58009527225,29635.974549701772,29633.58009527225
0.5,40706.33181474522,39142.4095510385,37420.30684741708,37365.53300319059,37365.53300319059
1.0,125790.34729469368,113487.73649021196,114067.62599937113,111874.7418714262,111513.67037347952
2.0,201494.86564893968,197051.09220618935,200446.07029347136,198070.18756430148,194870.6259550185
3.0,291798.0126435124,281667.29065099615,288545.10978340294,283563.72679863346,281169.09514926386
4.0,380274.8401500991,371698.61396984896,373708.9122788133,373580.58880000626,369907.9789534859
5.0,481559.5165221942,474580.8643094567,479940.1016079274,478093.6105054165,474048.03926062665
