,TRM,Local Ratio,GHS,RHS,TRHS
0,52695.511438061294,73405.25430908444,49760.61503179475,50568.318811182224,49694.80547955834
