,TRM,Local Ratio,GHS,RHS,TRHS
0,151360.72413693304,165566.87144113105,142868.86078879284,144211.5428162292,143163.8210080908
