,TRM,RLS,TRHS,GHS,LR
0.2,46249.292209588726,47187.64832977768,45466.47074489827,45465.627700198675,45465.627700198675
0.25,33763.9225805811,32409.637153728647,32851.584598547604,31775.177239764296,31775.177239764296
0.3333333333333333,67621.49199485648,61467.256431313755,61459.84678010785,61420.065299929134,61420.065299929134
0.5,133213.63683124317,125841.65116463073,125210.91158014312,125173.50194748463,124706.8185595332
1.0,191789.2880675572,184255.61616077312,184765.227902912,186020.35334727517,182196.6550583327
2.0,386799.15971170884,365258.3024717358,380840.0154849239,372014.50567960535,370974.3240020714
3.0,518803.71073695255,504621.23596741504,505754.80406090885,505486.8575677838,504399.9775688634
4.0,645212.4977054213,634676.5637878256,638215.3153615516,627515.8182717488,633915.6016792894
5.0,807447.7533200085,795726.2910803652,803907.6194503298,806186.9663090353,797281.715389056
