,TRM,Local_Ratio,RLS,UGA_RLS,TRHS
0,978211.6065090464,966757.9185376385,966567.7338496987,969486.7139283024,972048.155712869
1,824187.8711741373,815422.772766724,815452.2723695447,817727.3208856913,819451.7841436269
2,644617.965191739,634744.0076376189,635598.6684650168,634553.57859177,638674.6119161854
3,464454.2109093351,468685.14202427893,473141.0661099965,470102.4749238459,464705.98436130723
4,257373.80887449713,241683.56272671607,243689.37890222832,242466.6734606165,242899.02869739756
