,TRM,RLS,TRHS,GHS,LR
0.2,19666.48960725228,19142.18927273256,18142.939558131868,18186.802730134925,18142.939558131868
0.25,35576.87211621871,34824.31865167197,33274.12520555934,33274.12520555934,33272.37791262797
0.3333333333333333,48162.242051061854,49600.1793496856,45774.43956354228,45967.705689644514,45665.53979317809
0.5,64561.02222212216,63346.10483314164,62632.529143261316,62403.396069732175,62200.643677044965
1.0,134291.29939904655,128643.62820566421,127019.37461100289,126989.10739134242,125962.41740876662
2.0,296500.16246888315,286762.8027655702,288454.80579667236,287752.50854626164,285099.5289729947
3.0,404731.01817902434,395379.15268897545,398039.01889803144,394800.54841691995,392848.73974421655
4.0,555019.4329596052,550631.3574229871,551371.6935867725,551266.4648623886,545135.682667158
5.0,663635.3138399714,651116.4804770761,655408.78034129,652422.986499029,650488.0857743325
