,TRM,Local Ratio,GHS,RHS,TRHS
0,48261.521835433225,43204.998080893,43222.84620791269,44241.4229676758,43326.68122205042
