,TRM,RLS,TRHS,GHS,LR
0.2,21468.09571371637,21201.970435906154,21201.970435906154,21201.970435906154,21201.970435906154
0.25,21751.879010694945,19082.68700045871,19082.68700045871,19082.68700045871,19082.68700045871
0.3333333333333333,19605.563698254668,15122.56350728759,15122.56350728759,15320.361533975552,15122.56350728759
0.5,35420.523396388846,30851.63293281493,30851.63293281493,30851.63293281493,30851.63293281493
1.0,98083.55585821062,97041.05423097982,97023.0372308752,97041.05423097982,95370.0632174183
2.0,169853.6521282863,172325.49078692752,168795.6143796481,172442.12409116866,167324.67289137573
3.0,408537.3241966043,403216.9435297483,406323.7814575643,408290.5979470773,403295.54370774335
4.0,347601.48563993705,347573.8458013683,347402.5218144846,344137.9297934389,348733.42314575287
5.0,495184.9165293467,489033.84049198433,490712.482611667,491770.93695353216,490597.41357291245
