,TRM,RLS,TRHS,GHS,LR
0.2,20704.325866925647,19343.93181803397,20704.325866925647,21088.723648244297,19343.93181803397
0.25,16037.525544784925,15692.17275396167,15692.17275396167,15692.17275396167,15692.17275396167
0.3333333333333333,21593.521136666037,21434.503945220124,21365.98169429189,21505.822849969496,22313.951360532727
0.5,52239.67322735918,51896.36044278547,51111.75790412736,54066.045036182586,50297.873575744816
1.0,107347.90287383646,106626.5985355743,103650.41449137984,109029.44992526366,97194.63506921422
2.0,213483.91649175272,209846.5957902833,211613.32979922567,210964.24342909214,211613.32979922567
3.0,231895.45774238376,229106.52645178375,231895.45774238376,231895.45774238376,231895.45774238376
4.0,337628.5740920094,330534.2458980295,337056.0187709703,329547.29778233636,330534.2458980295
5.0,432938.71937143686,431088.41661130125,432184.4575087538,431230.2753633327,430769.47180861706
