,TRM,RLS,TRHS,GHS,LR
0.2,25497.719942738207,22119.176765132,21270.747072083886,22119.176765132,21270.747072083886
0.25,44442.71547599517,41125.0253692478,41125.0253692478,41652.777613982544,40243.529933867
0.3333333333333333,56369.21258325703,47859.09226427897,47859.09226427897,48599.858694355025,46680.563439930105
0.5,72254.01892300489,63054.54516979179,63074.89748049482,65840.07896822221,62711.765553698955
1.0,261106.0635500042,258652.47956693772,256893.05341289923,257809.09722635674,253453.92379558328
2.0,469006.89969628374,461666.2885307495,466892.82633798994,473861.9972120556,465484.9465257853
3.0,625306.0521627537,620105.6768768609,622026.16359277,597019.1859150892,601410.6543517786
4.0,757476.1303725368,758303.0287964542,754995.984486925,735006.2634398558,751816.803896074
5.0,846945.2753285926,848348.6271073944,845035.929489565,852627.6752799271,845617.2136459504
