,TRM,RLS,TRHS,GHS,LR
0.2,30204.040809285678,30934.607071423274,29217.689410196137,32136.182660972838,29016.478172229596
0.25,35787.493889197605,38021.75434269678,34979.488198849016,38023.33103754387,34703.53972348433
0.3333333333333333,53864.65096137812,50935.003977846376,50268.66266583656,55690.94016006297,50061.20606559423
0.5,72279.71898909502,66410.09748176,67922.71750688272,68340.95731246905,66230.6291656289
1.0,154739.2850270579,146729.8525439445,144969.95915064742,147712.97376024237,142529.68981071623
2.0,350984.83150512713,346428.3982995285,344687.90801875194,345234.5689639366,341838.70344508486
3.0,473876.7365045302,470036.14480700955,469593.3647386798,467661.3533117952,463099.05390831176
4.0,660301.1161855692,656430.3550646458,656227.7850862037,650966.2759513718,650767.821374733
5.0,715312.5603896333,716006.4888267645,713024.1611899474,710260.5157194447,706020.5812086588
