,TRM,RLS,TRHS,GHS,LR
0.2,7529.931763060255,8575.451293610102,7529.931763060255,8575.451293610102,7274.152538549995
0.25,13210.669027367105,12442.202959048422,12442.202959048422,12442.202959048422,12442.202959048422
0.3333333333333333,32850.044116328325,31320.2685397262,31234.399741849895,31320.2685397262,31234.399741849895
0.5,51848.09854858692,50683.76851812513,49366.547489312194,52601.49990277891,49366.547489312194
1.0,100684.26752441397,95015.08927391487,94965.20665929937,96148.59615622925,94094.27227079736
2.0,178564.41973009042,176073.47498459375,176866.8772765769,178762.61869765632,172974.2929304807
3.0,203512.90244614967,201864.18632836384,202883.41838441114,199080.73354979663,196100.91830933906
4.0,300639.2013045155,296798.00247025915,300639.2013045155,296958.72549940116,293156.39596868114
5.0,389833.670940181,387106.2331547444,388652.5507148882,385168.1146911882,379726.38445581053
