,TRM,RLS,TRHS,GHS,LR
0.2,22874.350561181174,21258.25981254648,21132.76760663827,21391.261775368504,21132.76760663827
0.25,51612.199042226006,49021.43020313815,49311.06616157516,50056.652953735036,48962.58464687493
0.3333333333333333,30721.22678878565,28989.594377798636,28273.964722749966,31369.271233403964,27595.948287731186
0.5,88779.06291696307,85302.97053039049,84574.99035037684,87303.6307244703,84574.99035037684
1.0,147452.43377851904,140096.8070376906,139323.0969372032,144801.0773400984,138900.0816252989
2.0,318367.37421722576,311275.47961554164,314057.8163988739,308404.4381277698,312048.4250091777
3.0,334168.6820867587,322960.07682226633,329842.3637688845,321982.3033090938,323850.7916331897
4.0,427877.3547624184,423812.9260919401,426091.8624917689,430076.30206546315,424103.94041119615
5.0,612598.933461127,602039.1933533031,609400.3031405288,598712.9451386158,604925.7008850625
