,TRM,RLS,TRHS,GHS,LR
0.2,33464.02293324716,31763.0590168972,30850.280491996262,30804.066924533294,30804.066924533294
0.25,28210.651269513484,29334.091217265563,24754.917454626386,24754.917454626386,24754.917454626386
0.3333333333333333,51106.04323655108,50423.4908546468,48097.033045682125,48056.27754838395,47931.317515143994
0.5,111894.39586229256,101540.66122321504,100710.97965770224,101163.31782723253,100707.85847100792
1.0,216920.08108615302,211241.37394528347,211409.47105181662,211802.10966626255,210858.28066435855
2.0,400815.8896179767,399315.1698808083,395999.5686171029,403674.168783196,392163.2811512911
3.0,455608.99203738273,444634.1371471113,448376.13350281346,441614.86248205876,440779.05981400213
4.0,579411.7196478099,576295.5814191466,577239.8258241428,576039.0930641292,575298.9126342419
5.0,789942.9204439983,786991.4100731711,787722.2837853403,788199.7351613297,783912.2452999002
