,TRM,RLS,TRHS,GHS,LR
0.2,21203.92655576183,19787.26559594497,19689.169086893588,23259.943416275684,19689.169086893588
0.25,21927.328773075602,18333.80928360419,18709.29421666849,19670.933346882644,18333.80928360419
0.3333333333333333,41484.451775521484,41212.32783783849,40481.406099689964,43538.53662662456,40481.406099689964
0.5,64272.667653532415,60525.19554985788,57666.84155673917,62498.29321312382,57666.84155673917
1.0,134711.54254540397,124728.68745039761,124446.8075039202,125673.60745482807,123967.44396078897
2.0,267160.5902450221,263377.74085791793,261357.34315940423,261000.69836504018,262788.7073696765
3.0,387411.14571756107,379338.7233497103,379058.0691288924,369163.2657408867,371872.0082816894
4.0,509023.38961590076,503524.09489964927,506148.55236866145,502593.4850550486,496065.33437695686
5.0,636869.9574277239,632501.4372238743,628875.7577437425,624503.9807446217,626932.2676991207
