,TRM,RLS,TRHS,GHS,LR
0.2,50288.74931312779,47964.38056342593,47863.313959777544,51123.13132684,47863.313959777544
0.25,48966.02161335987,47834.46548334895,47068.9326164825,50551.940301353054,47068.9326164825
0.3333333333333333,44300.243773923066,41455.12140229224,40594.198389386074,41954.422614134004,40510.14991555799
0.5,147190.81742474934,143012.4386531412,143012.4386531412,145430.57898083184,143012.4386531412
1.0,283321.35739871225,277426.61827342235,277426.61827342235,278406.0283081822,277111.1248844599
2.0,474128.9022590313,470745.15637478704,472847.59891395504,471528.07764499966,470029.8086560118
3.0,624360.4172029021,621982.5720662003,623448.5667359772,605662.7304302622,614238.9416737505
4.0,847226.8609147412,848036.696268295,844114.1497923357,842777.127115509,845349.7841216583
5.0,1036752.3235512448,1031084.403956751,1033714.6885843871,1029162.9036247364,1028936.9198310926
