,TRM,Local Ratio,GHS,RHS,TRHS
0,145369.19040717688,149154.11190292027,139740.88772205808,142371.48921606148,141673.8870493673
