,TRM,Local_Ratio,RLS,UGA_RLS,TRHS
0,474707.6259266212,474087.4313598753,475625.84935271257,476000.1457597874,474564.4256828563
1,375401.32298207993,374748.6922903006,374205.55616148293,375857.7150869374,375234.1699405507
2,301275.1863999239,299487.08823391504,303094.9842748032,299487.08823391504,299487.08823391504
3,189185.19604081212,187758.15280790112,188278.61483021907,187758.15280790112,187666.3623259689
4,115353.36156063587,113155.721613323,114424.48922071305,113611.74535318607,113842.90243403225
