,TRM,RLS,TRHS,GHS,LR
0.2,7881.7245936726495,7878.28752085657,7878.28752085657,9359.00245055713,7878.28752085657
0.25,9748.748489671409,9419.783451866246,9419.783451866246,10060.689992018706,9419.783451866246
0.3333333333333333,26655.03555977942,26810.17292748149,26655.03555977942,26810.17292748149,26655.03555977942
0.5,21839.02593859538,21761.648356504444,21761.648356504444,21761.648356504444,21753.36975321844
1.0,81997.52347463407,81997.52347463407,81997.52347463407,82113.38391316288,83663.0355971993
2.0,126343.74090337854,125111.44211948426,125111.44211948426,125111.44211948426,125111.44211948426
3.0,138282.50275123643,135294.65735195964,137609.7691052303,134200.8185022767,135294.65735195964
4.0,162367.98693012266,160701.69706421625,162367.98693012266,162367.98693012266,160107.76752850725
5.0,286587.2435009388,288505.14095060976,286587.2435009388,288178.9760575536,290149.0313358696
