,TRM,Local Ratio,GHS,RHS,TRHS
0,87260.44615904716,85424.28061821473,85733.84061466367,86126.24416370777,85424.28061821473
