,TRM,RLS,TRHS,GHS,LR
0.2,35350.040476416965,31559.61952481874,31119.39807939508,31630.004891032175,30948.027706679775
0.25,41635.61269845814,44444.33590307398,40341.54068197349,40255.34375521974,39861.431554350245
0.3333333333333333,53698.64103200952,50614.156626728814,49502.87641863955,50587.747078186905,49212.984923978926
0.5,69428.06235246616,63549.874873317116,63778.11582361249,68665.79338521657,63244.107357880785
1.0,213791.63440646,209296.86255853547,209033.01244897878,210316.52560424537,208883.18267885988
2.0,315090.294156793,311921.60500319814,312351.7155489373,305049.59862130857,311604.8421462544
3.0,454017.5960377246,452497.9461030366,451465.72741921345,439185.64494050475,450741.14436674525
4.0,723211.0706105361,715949.3859522057,720254.9727792474,710218.7470766521,716828.7552981321
5.0,748542.721436487,746514.246414825,746015.7346812108,743170.9004208563,742383.6215858589
