,TRM,Local Ratio,GHS,RHS,TRHS
0,121444.20019808837,131415.93108016517,117129.43589757703,122972.56073603571,118037.16301197707
