,TRM,RLS,TRHS,GHS,LR
0.2,50236.804476327554,45842.13317088898,45842.13317088898,45049.79027832207,45049.79027832207
0.25,53194.70774981142,48935.78266461256,49736.271744549,49158.5727729049,48789.6801975788
0.3333333333333333,52112.15644733791,47779.45482889959,46659.52678908746,47115.83792330831,46385.54453420677
0.5,98477.62778672458,84104.70757278759,83023.37563664353,83270.07997454438,82611.35699398734
1.0,222079.31774592117,204055.38041007402,204619.9606332019,205168.042751841,203389.29251452765
2.0,421029.26243648335,407983.47765292367,411156.9553380273,412025.54859589663,410516.86263903446
3.0,552534.9488656345,533866.4188536524,545827.9194021397,542198.6075054662,537832.7711788359
4.0,790987.2461145174,774200.1800583033,775813.3493471948,777829.4380142302,773081.7821355372
5.0,937475.5934389087,921139.7416123814,930942.072000873,935423.6667730195,920612.9546863439
