,TRM,RLS,TRHS,GHS,LR
0.2,26010.581340488843,25703.483123443475,25187.561375292447,25753.32572280013,24231.83862335002
0.25,46635.89022748661,46097.447901560015,44921.151828460825,49972.311464524835,44921.151828460825
0.3333333333333333,53146.30493138887,51519.4195835753,49874.87751844977,52860.83718524743,49624.618801874705
0.5,67346.99190982775,61352.87926667351,61712.50244694897,61790.14723128744,60578.56982482839
1.0,183873.42249081834,171434.85093438442,170383.49527516522,172790.7458107547,169537.65786023598
2.0,476149.75673787744,463475.2777203053,465269.7235697674,465076.4385372495,459335.873839794
3.0,598203.7504415152,588632.2988169387,591791.5935376205,590772.7652102094,570302.9793765786
4.0,657455.2737617827,654305.7808715171,652997.0055586833,652551.530005082,650858.2591099895
5.0,888658.6530062021,878866.5907743501,887138.9305952021,880489.4581895312,878264.8727028209
