,TRM,Local Ratio,GHS,RHS,TRHS
0,25032.053110381814,22593.65145093707,22593.65145093707,23685.638925479234,22857.59966220329
