,TRM,RLS,TRHS,GHS,LR
0.2,166892.8729098192,165314.70239878303,166208.59277629896,170142.45581410357,165314.70239878303
0.25,58405.53930950307,55445.68802136952,53984.01750207758,56445.47508370196,53984.01750207758
0.3333333333333333,51981.78024081691,48642.97633073246,47640.23830436792,51421.15618311137,47603.50334394652
0.5,211798.8067601257,204784.97032376827,204287.65144270886,206938.23995003547,204013.80595546166
1.0,264910.32076351077,261727.58211950283,262450.95991051215,262980.71593705966,259150.69982856687
2.0,430540.475131262,426700.92020584113,428125.4827582667,427056.71497857943,428075.9595247712
3.0,594613.2319047617,590782.0772574026,591522.868700426,572188.1388099223,589325.6727806581
4.0,844753.2100998496,850493.439311559,843827.6911154365,838270.5242776467,828709.0943519981
5.0,1101925.092160755,1093793.4689577168,1095688.000833244,1095433.8505705032,1089969.354094522
