,TRM,RLS,TRHS,GHS,LR
0.2,26813.814489213368,24545.200962450734,24138.329482503563,25103.0923386159,23972.97903906917
0.25,40304.31200758336,36571.921999825965,36528.1325418601,37646.248341695944,36528.1325418601
0.3333333333333333,45270.04150656078,41816.221479268155,41914.56896937764,43888.94330442568,41734.13852775729
0.5,72396.19256064623,66107.05284622934,66107.05284622934,66716.3379495754,65824.71873672072
1.0,201337.08817721726,197465.90037810605,198034.14348682176,198995.47865186594,196788.680048519
2.0,298708.25307414186,292875.5269261378,296639.27859613806,293716.1045714817,293716.1045714817
3.0,406237.84786412166,399991.7866107698,404743.02572909626,397105.78454321896,397065.9283539343
4.0,554136.9020962132,549637.1186091027,552295.2854228097,547412.4524328284,546054.3147139351
5.0,670488.4903952162,669506.2539102255,669558.6276336109,668234.2634460706,663451.4896044978
