,TRM,RLS,TRHS,GHS,LR
0.2,44765.27456197134,40567.552538189855,40520.117957860646,41884.60779396268,40520.117957860646
0.25,66035.89705980876,67011.34818449173,65445.004697717144,69990.33305296548,65143.922419168775
0.3333333333333333,60528.71490468736,57752.95580825624,55149.57905728748,57332.01591793305,55101.02632070053
0.5,150809.68374961943,149053.8876174202,146439.58858095485,148471.2787935828,145818.39462492714
1.0,239678.73477134955,235509.37692403325,235611.6792218295,236269.88995371264,232617.42849468478
2.0,393911.4850444808,390910.6351899502,391134.32224504213,394674.00222469674,389655.9638811722
3.0,603853.5705080162,602404.4088959658,603245.8847826025,601379.3423344184,602472.6350493608
4.0,805679.5216642423,795727.6052942604,800373.8039451787,796569.995964813,794997.5043119381
5.0,1067569.897953941,1068814.8208662854,1066254.4510331606,1069503.4124129447,1064341.8209326467
