,TRM,RLS,TRHS,GHS,LR
0.2,24594.277370674135,23548.152525736623,22496.14240597182,23765.271172782937,22398.08581863754
0.25,41407.410980231114,44758.96541042009,40311.22349252688,46000.225462568604,39399.10541350383
0.3333333333333333,59382.66893132937,59274.36210866557,58134.05216242452,66060.1630898517,57856.00493748781
0.5,74581.23432711061,71773.94537030542,72266.00712187395,75135.57710385385,71518.53303942058
1.0,181494.84412746533,176184.07448154583,174603.50320448919,179965.51462862114,174384.17754943433
2.0,390109.59250044706,379278.0189674434,384265.9287062585,385359.5951145423,362530.3756814905
3.0,507086.4652596788,501269.63357340073,506130.7509579325,490792.81299389637,499101.29474517505
4.0,667172.7128639187,659783.2527553872,663319.6399698376,653110.1893187908,658529.5942218755
5.0,809274.5346450112,802880.3927358651,802631.0109093629,800593.9310709294,797932.3626050001
