,TRM,RLS,TRHS,GHS,LR
0.2,51378.61871141184,46649.10378231995,46649.10378231995,49356.323485011824,46649.10378231995
0.25,36139.694707054165,32430.589851169138,32430.589851169138,38174.87618985818,32300.59637341471
0.3333333333333333,54257.391348654855,50579.71927484925,49468.6024746999,51847.40266535149,49180.49565010317
0.5,116371.75146149275,113486.1992289489,109483.72516665836,115102.6280310819,108778.00568868442
1.0,229617.508614608,219564.82332895245,219533.6866977969,220428.45586804074,218115.7555764339
2.0,417431.3109993858,413613.09409372794,414920.705763769,415269.46648639726,411761.9899153152
3.0,698588.8706000319,695991.1467499087,696273.2499087728,695878.6309797487,688681.1130879686
4.0,926252.1790079483,918880.8965225263,923511.6217248169,921401.9785601479,919717.9233351566
5.0,1163140.6896672933,1154108.0478625554,1160632.7818836833,1141355.2429717234,1153333.10337171
