,TRM,RLS,TRHS,GHS,LR
0.2,26946.82292555771,25256.799629727582,22165.421755896296,25219.604762410003,21946.015149141054
0.25,29659.20143271527,26005.684937465005,26699.117797826024,28782.081134096094,25878.654232742374
0.3333333333333333,55262.23012173871,50723.20789917608,49753.83519289221,51612.7577277568,49703.209252281005
0.5,83441.42030062171,72338.04878015419,71989.1261266731,73665.17438746805,71989.1261266731
1.0,270423.1573342226,262231.99943284964,261752.6616824264,262698.39306133986,259888.32534669622
2.0,384286.7753539419,385199.33824865747,381005.65931635426,377904.26586349093,375157.46419061313
3.0,513316.88940765563,511396.41907702136,510392.7335556128,505355.1130122228,502943.30112593004
4.0,678860.2005470054,678200.1644937,676472.784075876,676041.3209688454,674295.8525993396
5.0,878749.1442475546,867043.523037855,872923.768938566,869792.5026734555,862531.5738269391
