,TRM,Local_Ratio,RLS,UGA_RLS,TRHS
0,535583.6950294572,529391.4093040513,540382.1531322772,531620.6891242664,536102.1912791854
1,434199.5200317282,429289.85643459234,437571.64153311617,433022.49915330595,432440.3319786194
2,346159.1148665698,341694.0555754553,338756.97953658766,340254.0100009067,342440.7001699098
3,230111.2806783269,223066.5842400803,230761.85460310706,224946.2588960722,230105.7748966814
4,134598.74427745552,128714.6195066099,132095.02398274012,128714.6195066099,129154.2133305392
