,TRM,RLS,TRHS,GHS,LR
0.2,33089.84078142406,27834.063972277436,27834.063972277436,29424.042733633934,27736.129043555047
0.25,46371.69839068493,42884.222559092574,38644.83726792288,44640.68019086041,38644.83726792288
0.3333333333333333,85185.98025089173,78593.96651029379,78024.054840395,79993.33882251196,76944.20114308417
0.5,98661.52670886443,90871.08523171669,90059.25406058236,92282.02283325749,89653.98488604624
1.0,269570.86422447325,264433.60037885664,264934.10386258404,265341.5943199156,263585.22423121735
2.0,426933.43102679815,419187.1691380806,421287.6506102666,421771.63939497434,420619.6814028847
3.0,512282.8602644243,505936.91468526155,510119.1348126225,508582.72170519346,503813.2772448491
4.0,646369.8612765328,644452.7145265804,639811.2807983309,645975.8080987544,640895.361026302
5.0,857610.543271463,847969.9627293323,853665.5643413462,851911.4848330031,845588.8350635866
