,TRM,RLS,TRHS,GHS,LR
0.2,50829.02664175937,50558.84980208019,49143.09250990031,46998.94598885172,46998.94598885172
0.25,57077.62852736752,52909.819372339596,53045.623295983416,52864.50989872437,52864.50989872437
0.3333333333333333,73787.3785166962,71689.2640432985,66529.50682833946,66164.26855218488,65653.43449739463
0.5,96533.76664156871,88192.11762575923,87386.69175027759,87534.5718769226,87215.8265763478
1.0,296294.1834332685,282647.4659110021,283288.22887982405,282286.5433165963,277410.4731217097
2.0,427402.8871784779,414371.7349865467,413555.43874179217,411414.4619866982,411414.4619866982
3.0,521609.4203068445,508906.7520749133,514238.93978336814,516916.363168788,512247.3816953364
4.0,775440.3969538413,761299.6135595922,773781.181026531,779426.8292453635,767747.2491144502
5.0,891370.2971035875,877563.6345487587,884656.3243840255,882073.052874402,883799.5372438923
