,TRM,RLS,TRHS,GHS,LR
0.2,50835.3641801702,38826.37802918343,38639.208786636686,39061.23442882299,38639.208786636686
0.25,53143.70162014814,46061.74653726441,46716.810412673745,46546.4235794797,45803.24177345673
0.3333333333333333,71952.71051599998,62468.23932293928,63075.834241295786,62109.57775022843,61975.9491587846
0.5,123991.65037317837,118975.05679315218,115559.0798635744,115404.73717088289,115354.33664176032
1.0,257903.9285951114,239629.81849384177,240839.3504622496,239017.66996287313,238835.07006868758
2.0,484251.7370012849,466374.05842240737,469521.6709640313,469768.1866392994,462155.8491759974
3.0,629411.1082732705,619033.1783404571,621168.3581577427,621516.6601571321,615580.6314267716
4.0,826544.3360803743,803052.0620432138,818085.6984308623,812641.247507843,803594.100723962
5.0,980783.3944554549,966250.004877762,974073.3252335214,967968.3018207494,958746.1515720675
