,TRM,RLS,TRHS,GHS,LR
0.2,15413.65485652933,15398.295501986406,14552.00921164306,14259.994627538035,14259.994627538035
0.25,29557.17310922686,27745.95561746262,27216.378574591698,27000.162851864272,27000.162851864272
0.3333333333333333,50665.18697032692,49256.99676691128,47073.3806894398,46788.41118952358,46634.885387833274
0.5,52965.59025104151,45639.352465955744,46420.4117157609,45532.087443393415,45532.087443393415
1.0,131889.5556404568,118027.06498820795,116275.64627803607,115615.66029901429,114749.44002572732
2.0,250648.71496388823,240814.17505415675,242676.60299760362,246528.8870382611,241814.73260950277
3.0,341899.9244570895,331982.57965665986,335982.36625708087,330886.00307605806,330947.5964375667
4.0,439844.75354641094,426753.9716903437,432430.5111252185,433895.3810920322,424946.10136734485
5.0,524156.02773236216,510162.1529916851,513877.62190540275,512935.0092880035,509106.26639999554
