,TRM,Local Ratio,GHS,RHS,TRHS
0,14325.43128921901,14312.924664052478,14312.924664052478,14312.924664052478,14312.924664052478
