,TRM,RLS,TRHS,GHS,LR
0.2,35895.756937843966,35702.18742607076,33028.04400239746,36508.36209958269,33028.04400239746
0.25,51079.87102191509,43261.185554454176,43008.23408374742,45097.675919768546,41688.10029241353
0.3333333333333333,54300.36458287056,52186.89626997172,51872.31003284877,53095.58837773966,51872.31003284877
0.5,88946.60978179095,79776.23138483107,80016.22692286599,81603.5816708342,78434.27462781084
1.0,212213.6138090162,205197.82442931732,204653.75753932842,206349.46348707593,199263.9514067907
2.0,351681.9233964969,335093.68087694043,345501.91743201576,328171.7853712499,332782.5421144112
3.0,474726.27892870805,458115.61127686786,472330.22844449006,470446.0737122704,458148.4348106689
4.0,651597.5660391103,639006.5115486091,647691.380131506,645855.415405865,639481.7091781588
5.0,822503.7561014637,812534.8905108178,814191.1402227401,811128.483249473,811039.8524836291
