,TRM,RLS,TRHS,GHS,LR
0.2,21408.993288347057,20923.91908598365,20923.91908598365,20923.91908598365,20923.91908598365
0.25,30868.026703624266,29747.158729388666,29080.063081910495,29080.063081910495,29080.063081910495
0.3333333333333333,56988.307745766586,58549.928991134635,54773.78187806544,54773.78187806544,54773.78187806544
0.5,68124.61688195876,64483.449801338196,60515.60965385856,60846.165106096894,60482.40150344723
1.0,178680.49527989418,176560.14931677256,174224.7734669019,174642.86238725475,173445.65865655305
2.0,309055.4736211641,305174.45862516173,307029.85942723736,306076.2573101972,303525.92582244263
3.0,499867.0088815994,492627.83296530205,496868.0361792148,495846.6063683693,487565.5823757635
4.0,662707.011460484,655730.3393997407,661023.5516947237,654730.3232810718,653360.2058990174
5.0,786955.384751765,785864.3387613312,785850.6069875379,784247.8707928631,782806.805528323
