,TRM,RLS,TRHS,GHS,LR
0.2,29950.28194885604,28039.27692798546,27047.106714901172,26931.644451722517,26913.792867390348
0.25,44994.22968668535,43774.7299724746,43540.912529747824,43540.912529747824,43540.912529747824
0.3333333333333333,52585.16252389963,52792.79511296076,50848.416468445954,50574.392607131405,50574.392607131405
0.5,84744.3142018467,80459.17554350253,80419.10411669879,80321.98351965676,79850.64584858221
1.0,158631.35820553935,155061.22885229517,152625.1096256393,153202.63942257804,152878.61699750074
2.0,366977.3777193076,358726.1306277924,361346.2036820861,362206.6120740606,352633.3585507921
3.0,485496.46205386776,478734.0069159358,476333.2256526736,478784.58282672917,472355.89311617846
4.0,642477.5013632837,635836.5782964241,637138.6806088149,634075.3648883096,628408.0581268462
5.0,763753.9047236216,756545.9343359169,760680.7804711672,765118.7514509789,754957.5224735928
