,TRM,RLS,TRHS,GHS,LR
0.2,30944.09286839901,29750.1285909433,29615.157986979,29523.517985300838,29523.517985300838
0.25,48338.62924539683,55245.31945627516,46238.38780807916,46187.055088016255,46187.055088016255
0.3333333333333333,92644.6151945993,89772.33083783815,90023.34535757569,89485.6061097187,89485.6061097187
0.5,89338.8055988193,82478.79300540843,82129.25142512983,83133.167018469,81715.67498331059
1.0,247889.81150186708,239617.1184768715,238044.14042824862,237237.51794780273,236500.16343358895
2.0,393056.09040808544,383824.2402975145,385859.7265929407,383895.9468862174,378599.76815122546
3.0,634777.4615600416,620486.3683058365,625440.9349718634,617618.1677915299,615844.6573004405
4.0,795439.2619960322,788495.5816720531,790521.7891469651,798798.293804527,784919.378447779
5.0,916417.1332477243,907212.9794846661,912630.0341883667,909243.2646545374,909442.4591177625
