,TRM,RLS,TRHS,GHS,LR
0.2,40228.25673878754,38974.932028369476,38972.32463744536,41390.151065775506,38628.02994423777
0.25,41903.21200497148,40639.66223878711,39576.36224599459,43539.85580918393,39190.47902272209
0.3333333333333333,55609.626301925506,50250.6172473473,49609.582660260654,50214.672238010724,49507.03713411886
0.5,143759.67687279,138580.833028096,137534.566125151,139771.71569684014,137011.44373214868
1.0,222636.20917744964,216641.22874764935,215864.48398334626,216137.901205478,213355.0933886603
2.0,393344.31056589173,393602.2458625406,390342.21189631097,388523.8045260056,385805.32036867127
3.0,555138.5324779999,551519.7163353347,553652.3523590354,545985.838627663,551848.7313540304
4.0,749653.4357698594,747766.9242194202,747025.2818123021,741098.2251493318,744425.7843618635
5.0,860587.2579267834,857801.9601635444,858827.1348847791,861239.2718182383,855575.4432889408
