,TRM,RLS,TRHS,GHS,LR
0.2,26143.95867340835,25284.93473909032,22923.69840980994,26507.604512252157,22923.69840980994
0.25,50822.865730937054,45638.61280543591,44684.99571690499,51535.15401458898,44684.99571690499
0.3333333333333333,48590.9484434528,42702.07069863778,42919.80706554704,43836.551308968614,42188.68692790854
0.5,107921.86748969348,98840.68784526539,99377.78609005439,105594.94498969859,98840.68784526539
1.0,230329.8647723677,214298.782354451,213789.28371855564,217054.6368486519,213218.03208749302
2.0,429435.75447836076,418008.104499117,426902.2656006273,417955.1507544516,414991.7650191827
3.0,598536.029594002,586197.0354525342,589647.250914773,584708.6557061872,577268.876982018
4.0,726086.0002437698,716105.6831420881,720289.3255579968,715124.5540065924,711843.5257322997
5.0,866709.871467036,854122.2990052225,861871.5725576406,855089.2930305445,851364.9417569046
