,TRM,RLS,TRHS,GHS,LR
0.2,23935.71286023441,22679.709678276184,22461.677808516102,27337.30017596685,22461.677808516102
0.25,35903.12102094869,32201.297840227002,32299.271496929832,41442.51724000644,31756.007575400614
0.3333333333333333,63021.20525130328,60833.39175348946,60897.8119282128,62540.75693788282,60311.84398805393
0.5,76666.93036697584,72337.37635019692,71303.74441585735,72591.93972666058,71303.74441585735
1.0,190388.1359166807,183891.0548606774,184848.11532555666,184927.61178262936,184343.9032319692
2.0,335802.36954362894,332970.1261694854,332979.1923552958,331693.46835693065,327447.6020200467
3.0,480141.4882026833,469557.23511075205,474693.5821700994,471754.02140417707,468030.8192323992
4.0,619909.5010545969,619693.6953769751,619179.3888245216,618818.4031770669,614120.0966892585
5.0,695134.7719465346,696320.0803446423,693087.8270437672,690435.0748242964,691637.5173802153
