,TRM,RLS,TRHS,GHS,LR
0.2,21823.201394220374,23034.804324041266,20290.872433826407,20290.872433826407,20280.564342539197
0.25,46663.4530822662,45870.70467697488,45220.27633688895,45025.48595576376,44993.55690049674
0.3333333333333333,43235.09697323883,40759.34826739557,42235.47470575003,41422.40554921674,40570.52389545366
0.5,59417.03350865033,56301.68154680844,55486.615590542584,55295.73285494257,55295.73285494257
1.0,144477.78971959837,134042.6215215233,132706.85602169804,133886.63554485442,131455.63430085056
2.0,290083.76750394213,284440.9654517545,285452.0714554104,283654.8299411154,283092.2476210476
3.0,406407.86000819394,393807.7186088099,402930.9641495784,398322.0288758813,396821.4540130073
4.0,485971.37294475065,482807.6167229933,485871.7206393107,485780.11946346506,483262.7821223255
5.0,624114.0057198707,616502.0688515074,621528.2117035966,620270.9689503695,615013.4524175159
