,TRM,RLS,TRHS,GHS,LR
0.2,16203.638281491058,15447.050237161784,15447.050237161784,15561.486565603593,15447.050237161784
0.25,26444.51457296248,25085.470796034628,25072.884557890007,25072.884557890007,25072.884557890007
0.3333333333333333,43834.85745415912,43611.74982267014,42364.45499469632,42402.54421480083,42364.45499469632
0.5,65870.73531202358,65039.521874503625,62785.114185806786,62491.48435250815,62430.366035095496
1.0,148972.25789515334,141937.70879250087,140295.72113702644,139406.09204701355,138551.41040706023
2.0,258172.9651200417,241960.39300453442,249525.96668143885,246789.90305514497,243592.75541073023
3.0,355445.03818561323,348610.7457510594,347956.6902574114,349018.08979257697,345017.0334694938
4.0,418783.2979151134,416330.7643662479,416842.202892853,418238.8647273078,412686.65550859395
5.0,540980.840543908,537862.1269113035,538742.8240537831,544660.4161493625,539277.3723713928
