,TRM,RLS,TRHS,GHS,LR
0.2,41954.433363995406,36929.48408378386,37907.355627325756,37744.835335847834,36183.78745040675
0.25,58551.07143297752,56108.01926560689,55529.46128771908,63907.87282049177,52598.41865497867
0.3333333333333333,72403.1861017538,65015.46186428216,65141.84105199736,65228.715937348476,64774.059506617625
0.5,98043.96163663206,91832.78280697211,92157.11366247396,93819.09253344336,90563.61542271383
1.0,251358.98913850094,244973.45174025398,244539.7807696279,245571.77010616506,243727.57360812338
2.0,508183.58658087015,504243.6666702715,504076.30048950424,505660.14937358367,503544.460868395
3.0,621886.2549113001,617104.6525657661,618668.1845252643,616770.1254411828,616887.2712307571
4.0,887433.2297834113,885632.3574717978,885475.0641916005,888156.8006265872,885430.4948437593
5.0,1108483.7770761899,1107877.518019364,1106122.7400727863,1098041.4942238843,1105808.413301606
