,TRM,Local Ratio,GHS,RHS,TRHS
0,52495.671994405835,48899.42954977636,49236.84403762195,54184.2484121105,48899.42954977636
