,TRM,RLS,TRHS,GHS,LR
0.2,30265.3528888966,29743.7590458755,29759.770922324373,30997.67944103586,29052.617038413187
0.25,23387.944091244706,23915.571684862578,22983.595509784645,24128.839178669,22912.07608314924
0.3333333333333333,45897.37721455961,45298.862710563764,45298.862710563764,48481.143543493934,45285.143729711715
0.5,53507.90001273933,50952.212604228975,50778.235333846824,53191.48728462712,50606.34901027536
1.0,133129.50555596303,128826.26724011979,128110.75409046256,131123.40845569142,125466.09678075704
2.0,315135.80735576386,300088.9060012755,304708.1231579431,297293.8329302584,301037.46834379615
3.0,462308.27059678914,449619.60577775835,455002.40690777777,452168.2668848527,452778.7284802011
4.0,595516.5994397759,586390.7275993373,590929.9452624745,588626.9637048489,581069.6275479108
5.0,654647.6913721664,645178.4191505479,649839.5878802792,648269.313901425,643187.3573697004
