,TRM,RLS,TRHS,GHS,LR
0.2,26111.10148561921,25140.160231208294,24904.91227863487,25552.817627826673,24812.344569377743
0.25,47249.69057100923,41377.58852969011,40348.472570152895,42174.4948523316,40348.472570152895
0.3333333333333333,37522.608671859896,36432.05112292376,36296.731689650485,37463.077105254575,36003.93338466403
0.5,90477.66227908403,84990.35309402278,84501.59018551532,86585.74914714236,84122.30944291223
1.0,208764.3328154195,206140.28697785997,206274.26303756074,207653.47230550484,205076.17089057263
2.0,421583.79583368293,416995.99875534745,419238.73972428555,419214.613712489,414058.8752201864
3.0,673274.104598719,668535.9744022245,670839.1966504691,670436.3779214424,667489.5571941291
4.0,644749.4118735116,637460.1549900717,637665.8874219627,637998.6462589145,637963.3182975516
5.0,891737.2777344637,883427.2984744387,889760.2348100403,885868.6154621762,883068.2189451101
