,TRM,RLS,TRHS,GHS,LR
0.2,19703.568994284644,18998.66117109845,17929.535687415926,22275.722213742258,17929.535687415926
0.25,28071.02954477139,23673.322477844933,24005.744675376187,27715.972825332632,23673.322477844933
0.3333333333333333,33030.77179384715,30862.498769781894,30145.755257187357,30299.056527016754,30073.15775208047
0.5,55926.56040049723,51219.239153722905,51285.51169908772,53764.292508361556,51219.239153722905
1.0,141549.9703085181,119875.2340619907,120685.0549929139,120765.16627135078,119803.36368042981
2.0,304845.48175329296,292162.4932157766,299255.78876440786,270968.02585296845,295330.8146222517
3.0,405452.0807843549,399125.2514909136,401354.16165577463,389366.78494600026,393351.85110594874
4.0,531405.8460645386,519561.1803068334,521200.8430819654,484239.47171902435,513393.3782421508
5.0,572676.5638529107,567739.1968349625,567979.9739005438,559267.0062013739,564048.7981738152
