,TRM,RLS,TRHS,GHS,LR
0.2,20769.14679166563,22487.456141316758,20111.789900979536,22549.806599955766,19422.785612911317
0.25,29915.107747629063,28460.175659762364,27390.33840501534,31343.294794886264,27071.244402634766
0.3333333333333333,43322.09909472953,39167.81305709954,37899.72843654061,38969.73331260837,37593.02962345435
0.5,67909.51971612417,56784.41984085481,57787.861042753124,59480.42736046668,56581.141096120395
1.0,142028.7842213157,129439.6949277914,128066.44747854165,129618.95710643413,126916.58404302622
2.0,286667.68250218953,279165.68421586737,282107.2620321093,279746.19470282446,278398.28118769353
3.0,409560.0201979858,401503.4136847503,406468.8537393462,388672.76588255004,400408.67995547375
4.0,562152.3230167208,562303.1783343046,557291.0581514955,531107.9353447402,559359.2850287231
5.0,614598.1697854841,608274.8463096452,606579.5099982101,597057.3291650859,603853.8583820609
