,TRM,Local_Ratio,RLS,UGA_RLS,TRHS
0,531205.6036484157,524112.16058071883,524956.9603023705,526272.7454339871,530033.1595627163
1,415291.6929665521,407898.8414923488,408779.8035510301,409660.3388820602,412770.3166738623
2,342955.5877458551,333852.5006908854,334152.77693738526,335123.39315941604,336289.7998946108
3,251529.05663838628,237736.58558470244,242943.3459791765,242118.39379158022,242657.2193239907
4,112737.40498018291,105478.79677595482,113323.75798580331,106478.17629570529,106247.38392301014
