,TRM,RLS,TRHS,GHS,LR
0.2,20421.534446738428,22197.09983232469,20421.534446738428,20421.534446738428,20421.534446738428
0.25,18853.501217968253,18800.51695104495,18778.335792809026,18778.335792809026,18778.335792809026
0.3333333333333333,37267.281580433555,38765.0065909667,36542.183725014955,36255.83402641651,36230.81497777091
0.5,52565.68904161095,54058.693577342856,52076.93355386121,51956.24841955668,51956.24841955668
1.0,116225.88268703563,113123.12424236313,113019.11228176285,112908.39960593719,112434.48003804164
2.0,230369.5044132882,223816.92258042327,220389.63179573033,219133.50878939364,215795.59485784677
3.0,324218.60579161346,318811.8766047258,318551.70000205684,317858.6845524764,315203.7641199029
4.0,404196.6861240457,398437.8516779052,401340.12946474174,400342.20774143277,397515.8294709668
5.0,475901.348917488,471666.0273795359,473903.63242013584,472726.76752613246,470251.38788209454
