,TRM,RLS,TRHS,GHS,LR
0.2,43870.514292073225,45472.29312111692,37895.4384861619,48112.402041823225,37558.490935798174
0.25,44123.25110544838,36330.34566644723,35582.75158631766,36687.93893935169,31910.47638712905
0.3333333333333333,79777.33501124027,69095.83111895302,69705.1842523899,71025.8849181292,69095.83111895302
0.5,117921.86263802602,105244.51694284905,104946.43248936438,107778.54237830582,104124.92484382531
1.0,280729.2168285703,273351.0947115139,273653.92897948384,274499.3254935203,247541.64341757493
2.0,422923.0504610574,410383.52286765724,414458.5782041922,408989.5291364515,409795.5780939295
3.0,583830.2447109594,574757.7928839138,577619.1300018923,563158.8576050284,573609.9881157738
4.0,755913.4761196442,745268.8650152253,747166.3974461537,717493.3851985299,733362.5419993941
5.0,900128.678755867,890558.3676911626,896192.7196517072,886412.2335987029,889099.9654265255
