,TRM,Local Ratio,GHS,RHS,TRHS
0,60257.5454515226,57247.612511081876,57530.820695186725,57825.08489073986,57540.812678924834
