,TRM,RLS,TRHS,GHS,LR
0.2,40190.33341582785,35478.01072457775,34580.525685330445,36714.183430046716,34200.55229324128
0.25,66477.81199069605,65729.55723489054,60240.77972144999,67275.39456176176,60232.92252573272
0.3333333333333333,67139.96182040568,66647.58160199363,65703.54494226848,72548.02867016742,65262.354345215375
0.5,149012.88332777913,145805.6961837847,145859.3073604838,149523.25883400074,145677.90082548762
1.0,248851.4091621818,241131.66325710944,241991.7016125673,242216.1238587599,240312.36427897046
2.0,437555.88372022775,429619.424508073,432205.21732900804,425472.624343075,428118.52300305763
3.0,586543.1641885437,577725.0355176401,582143.8985501376,577294.2473582567,569994.5407449418
4.0,774113.8186090916,763188.9504543451,768103.8995630847,756317.9250152252,757000.8867323865
5.0,998265.1266750556,979029.0155190892,992925.3319545515,982562.3176409156,980457.3769957678
