,TRM,RLS,TRHS,GHS,LR
0.2,52670.39628813031,49188.38517914172,47852.89572721309,52754.89889939789,47852.89572721309
0.25,66734.65344582968,62402.91079492641,64692.89517454824,64740.332118692764,61400.560125218435
0.3333333333333333,75078.36010747177,72134.47639912323,71590.45580737018,73280.1820316328,71538.31493153019
0.5,127081.5555278204,121388.04990302211,120841.56446544475,123982.1445084708,120838.30311129354
1.0,298600.11740086117,293602.3454092628,293539.05188059836,294886.22260047356,290377.4513479955
2.0,437530.8015374369,428623.34777674853,430950.59006150684,411027.34263332636,428330.5828134663
3.0,650218.2172807048,641488.4563874651,642798.3150490739,645846.1370682485,637414.0059833814
4.0,770284.2102953251,763651.3695883892,765085.5882843485,754673.6630732397,763033.0454752742
5.0,1003180.2866826947,994131.0492274663,999332.7536308207,1005120.7465376164,988369.383282321
