,TRM,RLS,TRHS,GHS,LR
0.2,30125.522196488782,27411.46175578209,27411.46175578209,28811.02661472878,26995.94624608192
0.25,48852.19849887838,45879.743751970236,45774.277540463445,47852.20026626623,45746.15448608644
0.3333333333333333,51456.11484999904,49991.0582743998,48799.05250875095,51368.01117524778,48324.19362181759
0.5,93339.73848275108,90396.06372595197,90196.62794347506,91638.15120841819,90008.73104684071
1.0,223874.70106676163,223201.4332499143,222891.76169720647,223274.8461280626,220208.39960507894
2.0,395862.0368121951,391954.4835113741,392782.720783303,392511.2690130562,389835.271102282
3.0,529124.690828828,525016.0289764346,526222.1536985133,524550.5221408543,522426.18684530904
4.0,682498.6597653702,676718.111955877,680476.7065116483,666537.1793037944,674080.8633577123
5.0,872525.437773937,868521.8926874874,867947.3691770738,857414.5835964406,866721.7603805442
