,TRM,RLS,TRHS,GHS,LR
0.2,25806.277490896042,23959.82369150593,23731.938280943334,25435.530419230876,22980.73827071624
0.25,33576.93709424972,31984.280824527264,31306.08849095103,32134.605999858733,31155.763315619562
0.3333333333333333,42206.57807671803,40964.56321656996,38888.4407263139,41047.53437774978,38888.4407263139
0.5,67647.52605366289,64850.857483700616,63954.9821870688,68300.50244197247,63602.57649024901
1.0,184428.701566042,181226.4435848291,182266.11168862402,183143.70522247482,179706.14738907764
2.0,260282.46783356697,254939.96176312224,254435.02228020827,255224.0394204001,254079.45867713104
3.0,394994.5593191492,385351.47429854877,391969.16536248405,388661.9320182103,384018.88717056764
4.0,487788.2856636291,484237.27687354217,486957.19489149185,485594.77186255675,481973.57209691225
5.0,615373.9493152921,606296.3147459374,608309.4012472639,605376.6057127703,606715.1533698331
