,TRM,RLS,TRHS,GHS,LR
0.2,30513.029413452707,27484.94057445552,26830.675655205298,28679.561587099808,26756.002652649084
0.25,110996.60959857842,109923.58872074063,109150.84764022818,110182.13528428797,108209.03884900293
0.3333333333333333,66094.81704861044,60298.003531125454,60504.95066423763,60799.515046642926,60148.41043895664
0.5,108188.96202852805,100414.84104060796,100093.80519712172,102175.55799497543,98797.11082931542
1.0,283119.39926412556,278083.25587681687,279008.3873433294,279268.9695394689,277595.3870795037
2.0,440179.6979862351,447100.9140270348,436734.5520095826,436552.37319796666,427998.688207694
3.0,700584.7240975982,695431.3238249843,694026.2045007237,657153.5182123639,691102.81027913
4.0,819083.8366811404,817213.2680984989,816136.5836314679,788218.1872380745,808388.119461353
5.0,1210695.4526471437,1204676.6436875672,1207463.242641944,1181774.3010219156,1207345.1782961986
