,TRM,RLS,TRHS,GHS,LR
0.2,18481.399135565578,17496.516019785486,17496.516019785486,17010.55347707655,17010.55347707655
0.25,18249.713643937743,17374.942967442228,17374.942967442228,17374.942967442228,17374.942967442228
0.3333333333333333,26899.96625350531,23429.997772553394,22786.055619443985,22786.055619443985,22786.055619443985
0.5,44953.36965746158,41232.80919860374,41590.86319822519,41102.49366733892,41102.49366733892
1.0,132420.28216475004,126764.04200519309,126764.04200519309,126317.37076746662,126234.54336838853
2.0,199443.44096006028,193702.0673086335,197799.6575382649,199735.51407082923,199707.07451758534
3.0,286227.2799656173,288503.50930709625,284123.6016796985,281906.1890136225,283867.4630380474
4.0,357544.34256802907,356089.1735522716,352153.44045930926,352155.0884374014,352153.44045930926
5.0,434393.0734613878,429185.1394639363,432866.323705637,433441.18910397927,433749.94609187136
