,TRM,RLS,TRHS,GHS,LR
0.2,38626.31145801838,36949.707222898534,36949.707222898534,40731.38880900344,36933.19985799689
0.25,58237.89374445375,56542.36608209832,56068.90454996278,56708.955257274705,56018.43547666776
0.3333333333333333,64298.93854804674,59697.830684459856,60141.66105090778,60946.71003681608,59353.2201579812
0.5,100008.42811886144,94190.03756396656,94162.50226708272,95884.01561555015,93037.45641397395
1.0,269606.81345077994,264392.32223226223,265680.43972483615,265029.20430774754,263060.6079321612
2.0,395110.29693502875,383196.2239599642,391079.6824084792,386285.49648875324,387163.6911057043
3.0,643486.4614799964,642938.4519406466,639724.8249072317,625963.7594715081,638640.9742352868
4.0,734258.0303727975,732523.6215685843,732730.0570731591,731508.4043696004,734638.3118912115
5.0,988058.8798097753,979956.0509342618,986678.1950562074,971515.47473431,986392.7207648943
