,TRM,RLS,TRHS,GHS,LR
0.2,32030.195903135264,29880.09331140144,27649.015242812173,31766.921980698145,27649.015242812173
0.25,51481.276719772475,48797.73304158775,47686.96047335334,49472.83074156563,47675.45922581158
0.3333333333333333,66096.70546182194,61209.40671518787,60982.311525488214,63915.66924190081,60778.6999244164
0.5,79160.75376541525,72505.65183737702,70730.49193418089,74141.57397410265,70653.2261830645
1.0,253400.92564095394,250776.92635007188,250544.2080680128,250926.73853465862,249096.95289806562
2.0,372554.71784155973,357828.2160130631,367901.4074730415,366291.28196345497,358576.2071986403
3.0,516778.275136388,517137.8635592185,511929.49325964035,503116.15056791727,510650.17376104224
4.0,730569.9528210626,721972.5547732634,728131.3074050272,726350.0994596337,714679.3169299898
5.0,840048.2320259033,825639.353646843,835296.7432385541,824027.875084242,821514.6280759969
