,TRM,RLS,TRHS,GHS,LR
0.2,20191.241079235908,19527.304692269987,18868.742527859904,19527.304692269987,18868.742527859904
0.25,26673.867935629238,26324.49429349538,24571.23617134938,27274.70515073731,24455.233664884065
0.3333333333333333,45713.344580384124,43630.03188290646,43630.03188290646,46439.66671570315,43491.66344872821
0.5,56118.506484465484,50105.589878019106,49878.6317351543,52801.386325871674,49085.6623385373
1.0,149897.09192375565,143275.8913979928,143697.87893507502,146578.37107199477,142766.5149016687
2.0,307618.49643185275,298602.38130321365,298974.68442577234,294280.5239283195,297965.0275803772
3.0,364251.44034647616,353022.7895440477,359599.81656606926,346534.42229172424,351267.1257574808
4.0,516264.5662650314,510622.47579153336,512112.39771359926,510897.66976095195,508933.27097007446
5.0,591981.8087028208,582104.4419779335,587351.502648464,575278.6414770107,588250.5505855764
