,TRM,RLS,TRHS,GHS,LR
0.2,9910.346719747999,12201.560234049693,9524.581358822354,12201.560234049693,9524.581358822354
0.25,15539.23436188516,17177.714300103427,15000.329005342373,17177.714300103427,15000.329005342373
0.3333333333333333,28358.358993623922,28462.37984623244,28358.358993623922,28462.37984623244,28358.358993623922
0.5,39262.512661564295,37685.664380757764,37229.592074018015,37685.664380757764,37229.592074018015
1.0,86602.51060710366,82538.42437965932,82538.42437965932,86432.33886033572,82538.42437965932
2.0,184897.12169475056,184174.39712360362,183896.45064321536,183896.45064321536,183896.45064321536
3.0,277102.99621895637,276875.28028502304,276747.9616328357,270977.4371572023,270694.3025193092
4.0,287083.0134875272,286994.43444164837,287051.9501117457,287051.9501117457,286994.43444164837
5.0,356703.29239105136,356703.29239105136,356703.29239105136,357069.5992852455,355098.90846675605
