,TRM,RLS,TRHS,GHS,LR
0.2,35859.84957060822,35796.183296146184,34670.545173508726,37668.8275208253,34670.545173508726
0.25,25868.220333531335,24381.955146458487,24387.887529528824,26660.14057244983,23875.569299372346
0.3333333333333333,29746.42077617319,29570.04835345247,28540.69398323634,31227.603605458105,28540.69398323634
0.5,55141.47726572702,54640.55115723366,53178.41090101017,55358.70206960222,52557.007827026435
1.0,151185.05080846814,146066.8877940336,146182.3801358672,147763.95418090347,145989.990345583
2.0,263869.71812440647,259296.34297306827,261717.0670764544,259716.1115669893,257301.14224474345
3.0,378041.3811783758,374755.97405504505,375227.1162847054,370103.4758149193,373515.18809766305
4.0,446161.8632764,440369.65578859986,445120.90274613333,436223.16945143556,440756.25584985386
5.0,581617.5738004072,572636.911339336,578326.6510205286,577216.6842082449,570808.584636692
