,TRM,RLS,TRHS,GHS,LR
0.2,19859.533408591917,18900.782641857528,18900.782641857528,19010.221652903914,18900.782641857528
0.25,24825.42810185509,23757.168274364347,23757.168274364347,23757.168274364347,23757.168274364347
0.3333333333333333,23370.774584615276,22390.609735519483,21167.092034573336,21167.092034573336,21167.092034573336
0.5,73012.64084024707,68570.01118660126,67448.51025168016,67266.61412758195,67266.61412758195
1.0,131479.67853020597,119975.22746012516,119783.37871632066,119571.26363272073,117456.25292382327
2.0,259046.89189116043,256525.3743512057,253993.9049246599,256155.67392663055,253884.01476170673
3.0,322159.4018963708,332396.3694350618,318740.0432203073,318666.54850246455,313872.3468951209
4.0,517544.7942180312,513762.42621592834,512323.93091361574,514808.4713124395,508286.511260005
5.0,575723.8617648813,571161.698519686,574684.0116653974,571415.5643426805,568995.8195966388
