,TRM,RLS,TRHS,GHS,LR
0.2,29978.895506432935,28922.990175079573,28844.103662074052,32125.548450719194,28844.103662074052
0.25,43694.51571808701,42256.68141842959,42481.972098339334,43920.126719939886,41660.6336022502
0.3333333333333333,46266.014990279014,43831.22258462698,42825.88683014634,45064.987926818794,42460.389050481346
0.5,86575.75273929535,82442.71949310762,84210.00956274132,84395.98085339794,81634.25518228898
1.0,211817.28317406442,209500.33695707173,210200.3663014531,210372.9017696451,203364.64570031277
2.0,340557.5344620241,320619.92987766437,330146.47145585006,316479.28263081284,321505.40839275566
3.0,473748.2314981425,468420.37592073233,470877.48378866795,460493.3241154669,455915.27708795236
4.0,677366.1949987445,674010.1848511902,674938.0606638653,660128.510048198,673145.1667828992
5.0,795854.6604276283,790298.5404066624,793933.74017888,792235.5148816995,787932.4203299283
