,TRM,RLS,TRHS,GHS,LR
0.2,35318.4635755873,33989.44193792992,33989.44193792992,33989.44193792992,33972.57871456309
0.25,25316.495479161993,22493.3166028484,22580.26938655016,23025.09737648658,22493.3166028484
0.3333333333333333,51682.74482681891,48057.963983938935,48057.963983938935,49450.43003507547,48057.963983938935
0.5,65693.05184461798,57935.18094617967,57441.303947311324,58313.432581570094,57220.467458683815
1.0,194698.6323892424,191160.75497390865,192105.2602565493,192037.18569872985,188940.14193513786
2.0,298701.38292478386,296646.00523711357,296357.4712398526,292942.20013437193,292961.2025488381
3.0,435131.94301870704,430537.95714068075,431247.2526179782,432421.4371405995,425431.9157897707
4.0,528284.6964467126,528186.3554989833,526098.7704064172,521438.14070552704,523962.8639346938
5.0,702160.7346431895,695847.8519644542,699481.1882793193,696115.9944485417,695790.5811934562
