,TRM,Local Ratio,GHS,RHS,TRHS
0,68783.99849600926,62650.34034464235,62650.34034464235,64223.21304770815,63505.224941021224
