,TRM,RLS,TRHS,GHS,LR
0.2,36545.92218994887,35156.98711755452,35156.98711755452,36845.648555189575,35156.98711755452
0.25,39984.94476511664,39463.0217489129,38903.35495677391,41893.42758978093,38841.7013805979
0.3333333333333333,63091.71752763339,61371.30280872497,60568.27449468462,62651.990231704745,60551.83361357832
0.5,102168.22123756846,100326.89259690724,99101.11515451915,100254.83201359109,98733.70316401454
1.0,221845.306821349,220024.76686095583,219988.1466418242,219552.17767923695,218106.09901526532
2.0,366709.1203993364,364173.33546569734,366709.1203993364,359765.7051049151,365089.43872531183
3.0,525990.8150757229,520046.07516152103,524177.98507828574,523154.1725838114,518377.5453898899
4.0,732305.6218273784,726235.5151264734,731605.1748660684,727729.9260353189,725019.8907414587
5.0,897116.9934764479,893958.9531635062,896604.7890371449,882920.6612543687,893702.5423686025
