,TRM,RLS,TRHS,GHS,LR
0.2,13586.086030356606,13249.867552478625,13249.867552478625,13249.867552478625,13188.526023087736
0.25,33089.83076667449,32770.850687767015,32676.126392656388,32648.12248759541,32641.99325413959
0.3333333333333333,40099.67048078684,38302.27786773995,36675.79893659008,36675.79893659008,36510.29977411256
0.5,56033.23679275564,54910.381394138436,55181.01127661298,54570.43703135958,54570.43703135958
1.0,103791.1922621749,95661.9332568803,95945.12367991623,95924.63585568714,95404.95204963832
2.0,238008.00111070037,233047.91043322787,236387.5215562718,233434.30170930646,228123.9916541605
3.0,345006.188679709,338527.07426199195,337749.7442658271,337330.5222473355,333880.6133504281
4.0,422678.7224779035,421949.78727073706,419772.15563120064,422290.60879167035,418383.7316174753
5.0,535897.0130681682,531736.8876336908,534472.049862204,531635.9950438853,529088.9225152034
