,TRM,RLS,TRHS,GHS,LR
0.2,17217.73258407827,16548.070090567027,16022.13952653186,16085.384285274955,16022.13952653186
0.25,38730.9021123357,40617.59789876753,38264.015804956056,38719.56610397508,38264.015804956056
0.3333333333333333,33723.48385926743,34271.88615335774,31970.60585878999,31420.453914935013,31420.453914935013
0.5,61272.53090899946,58674.33173041168,58674.33173041168,58674.33173041168,58674.33173041168
1.0,133776.52841796065,127697.04433251778,127301.15714552527,127665.02413452673,126447.20414493914
2.0,264920.19321036636,255480.499038359,260979.43003151315,254229.81415267295,252827.05143467805
3.0,352153.326989357,353031.1671148428,347865.44834818953,351400.20278619346,349964.5953645605
4.0,465052.1792965059,461927.4713893015,463345.777954297,467350.02695635695,462965.95786031004
5.0,557333.1584574443,554573.237399144,558231.882279471,557225.8582704995,555256.9883061749
