,TRM,RLS,TRHS,GHS,LR
0.2,32202.188511742686,31381.828230628427,31716.788272062797,33891.60077484322,31266.965674381518
0.25,33736.036145678,29113.90357569694,29113.90357569694,29948.970078901657,29113.90357569694
0.3333333333333333,47840.97025104615,44553.91188468006,43242.98651820167,45550.1873483462,42680.939001677885
0.5,63851.623589985604,62351.04216863088,62712.13400359459,65996.57939458483,62350.547881715494
1.0,218162.15840701206,213779.28533777708,213022.3555830949,213956.22831070062,212376.03289046814
2.0,349214.15224659024,342811.4840993361,348421.5154343937,343482.6361996488,340543.88187331986
3.0,474901.06308666,469693.86387196835,472505.5272183948,474083.0444473282,470546.6538552557
4.0,622410.8616949163,615928.3878511367,619485.3135703147,617891.2243402489,614914.2402376308
5.0,761406.2131540912,762316.6583397338,759863.3778650201,762653.1262744627,757542.1312471728
