,TRM,RLS,TRHS,GHS,LR
0.2,28791.437749035307,28424.365966281395,27976.917232432603,29682.26282599228,27644.22425065104
0.25,44808.81720342582,42483.397483384244,40784.40967566271,42826.039343872246,40784.40967566271
0.3333333333333333,73036.02432029262,70558.11024265256,69910.89629500466,71924.2120831861,69883.81845973102
0.5,83294.94422491165,82345.68410369486,78957.28837513737,84500.95297724502,78586.39398469431
1.0,203336.12869375973,200057.64578603767,199689.63882378335,201682.00205760024,197009.99060578918
2.0,313300.35548273264,308571.4398341582,309488.9674194956,309494.0545857873,307809.3787862523
3.0,509138.7282548785,502142.5823770582,505365.42330809444,502970.08410135616,498025.63451396546
4.0,637805.757643692,635081.962285692,636016.129991837,641278.7691989747,634747.9116515403
5.0,779060.6646226894,777583.2301576519,777174.7543396464,777365.6748724164,769971.8111647912
