,TRM,RLS,TRHS,GHS,LR
0.2,38070.621664371414,37550.058653851345,37405.71800468417,38678.60819940765,37297.2969453126
0.25,31145.412449082498,29261.289260073005,29302.2758466125,30622.37087008753,29261.289260073005
0.3333333333333333,42503.47027567865,41864.29142773297,41864.29142773297,45676.9222947391,41864.29142773297
0.5,63633.49604720141,59699.09553464398,59699.09553464398,62276.43316748417,58958.032246508534
1.0,158796.78567680926,153246.39721326582,152502.35122004614,153540.03996288343,149774.31731385196
2.0,400314.106926619,393363.4482772571,392806.0486672699,392720.88669392205,387120.70041267655
3.0,581067.2200799441,572378.8287935501,576485.6249154507,577188.1597544483,568660.212387207
4.0,620822.5513470403,610367.3961939072,615513.0130626587,613506.6165717903,613625.449058598
5.0,763365.4682555414,753536.8965065462,757335.2439700955,753310.5024444922,750077.2033257175
