,TRM,Local Ratio,GHS,RHS,TRHS
0,23402.748268685933,22575.13283678672,22575.13283678672,22575.13283678672,22575.13283678672
