,TRM,RLS,TRHS,GHS,LR
0.2,45320.34667231586,41141.30657154889,41051.7452466141,41051.7452466141,41051.7452466141
0.25,43201.99655780654,42745.41802455116,42376.57677841646,41463.35333631394,41463.35333631394
0.3333333333333333,55498.76885576128,50675.47306770256,50222.932956422315,49584.333594818236,49056.91477697232
0.5,93993.08671101247,92366.35072310816,92192.89847921857,92192.89847921857,91914.87685948187
1.0,194290.37032044603,186321.1669805463,184565.49578396854,184618.64866493226,184382.35983021627
2.0,387278.6396370623,368622.98101555946,373986.1377276402,373075.2705669298,372243.1616659564
3.0,477311.6690545962,469824.31760488544,473273.4751509496,479120.59119846305,471531.7608206134
4.0,687768.2132311297,686407.84619577,680667.2461972663,680587.8170674697,681948.432620952
5.0,855361.4878429277,843519.4462793246,851174.7465024493,854464.9518561652,848166.3774538774
