,TRM,RLS,TRHS,GHS,LR
0.2,35109.02139657849,34369.86715870073,32446.917578246517,32446.917578246517,32446.917578246517
0.25,40241.68156013004,39848.628601165175,38857.72948041253,38857.72948041253,38857.72948041253
0.3333333333333333,77712.6093364897,76697.82898783025,73965.95417307211,74048.0585988751,73851.18485015057
0.5,105101.13877656899,102062.67393395223,100450.87212289253,100159.60575917564,99308.68055089079
1.0,228185.034484294,222644.4346931164,223441.3480254226,222235.88565060313,220504.88783902067
2.0,399733.8859917883,396815.0757312698,397439.6355341529,394867.7778025379,394482.6261639193
3.0,586434.9974357276,572949.329213597,580078.2057492065,584283.4512036775,581881.017822751
4.0,842223.5231229777,835788.4797558365,840062.5213659257,840960.273853909,832318.7142568126
5.0,1004291.8930120004,1001235.9980392013,1002442.2866496532,1005505.0181742223,999812.9507854898
