,TRM,RLS,TRHS,GHS,LR
0.2,47057.004522185176,43214.372527230706,41184.80932568699,47373.34064437983,40711.37893884664
0.25,81469.07223225413,71310.09009631816,72151.75641743193,77579.55451759201,71192.44061180191
0.3333333333333333,94383.69099170105,79561.13957539052,75984.13081659953,82684.06169688364,75718.55033286684
0.5,144195.5799975379,124965.8064453958,124095.92674437321,132023.48098261296,123333.74744710367
1.0,288035.1726663264,279286.8170951744,279362.01551560406,280669.46912434406,278131.4972723598
2.0,475215.00704108324,470047.28292204655,469740.5305222538,469858.93947467627,468524.35975332645
3.0,761081.4437914726,749504.5596499705,750415.0323524642,751411.2316417439,747674.5180920318
4.0,925792.1888311404,919704.4900046708,920567.6563021892,921150.4996541835,918147.1215742626
5.0,1065893.7352792525,1062311.767755145,1057864.7015189305,1065025.7040410235,1051884.8916598042
