,TRM,RLS,TRHS,GHS,LR
0.2,34688.13453901977,34232.19217303316,34072.73186287156,33737.23478263945,33737.23478263945
0.25,49019.742467282354,50138.33086655551,46700.666157174564,46694.1772158247,46489.17117723386
0.3333333333333333,52239.97803871539,53862.85751655219,50185.994888491965,49731.324009704826,49674.15472112223
0.5,78845.72786619965,72280.244051186,71886.20054385281,71639.40644307986,71641.91609091674
1.0,207118.6085137211,201450.59494975363,202485.87103912001,202217.07260059682,198266.40792807442
2.0,363031.7001569845,349697.43762876885,357931.65903473605,357472.84344460024,348051.8390378249
3.0,484098.41208775644,478950.0251362683,480771.18313374446,479908.2728682394,474665.79647521145
4.0,627516.8634557383,623223.0219149725,624780.4721458801,626668.0202826489,622576.0216932462
5.0,816897.5889932367,808231.9328245518,815768.5671007589,809007.5641618797,810509.7121105841
