,TRM,RLS,TRHS,GHS,LR
0.2,17804.349341256915,15597.284424897854,16570.54462680972,17420.50972606873,15275.121396445602
0.25,41613.260181994374,41299.46002336082,40820.8806456765,52227.21360601837,40820.8806456765
0.3333333333333333,31623.99001034051,29097.123288295457,29097.123288295457,29097.123288295457,29097.123288295457
0.5,71824.62778594931,69829.74126560752,70464.436452677,72056.56318578837,69596.67316727876
1.0,151194.30434805347,149551.75545903217,149744.73065571292,150698.29554208004,149482.02622117632
2.0,260937.17236669484,258289.6829839884,259511.50078282043,259231.63548528007,256558.64098121534
3.0,342752.31796510576,337277.9960587524,336824.42711227445,334933.179367836,337260.173363121
4.0,438267.41242207814,431132.00264880044,437584.8574293889,431050.03259933746,433588.36859404325
5.0,567013.3164707032,563557.4519485806,566575.2290514854,561427.8236274582,561910.0617299324
