,TRM,RLS,TRHS,GHS,LR
0.2,28160.32772140862,24852.731562426583,23793.493869470425,28569.379373825886,23770.914068237962
0.25,58457.52152473713,58104.85543766686,55536.22199706054,58104.85543766686,54352.190904950054
0.3333333333333333,56137.44807381686,53860.24322321243,51013.11131932473,53166.29650827926,50138.4726712268
0.5,109821.77455011911,111302.2721230633,104336.82800880805,109572.83501220301,104007.31266035739
1.0,237112.60377961394,224878.97409517967,224052.58381677893,224860.78680696862,223244.52900467606
2.0,463898.5811313945,445737.8926727268,454335.25895980705,438780.58583671297,444455.7517897003
3.0,590279.4217355544,579147.5880982782,586626.4632920134,572291.9877331599,574974.2039051568
4.0,757149.9906400283,748929.2892452618,754029.0473948909,745451.4757316769,751037.8754084994
5.0,967523.6539141361,959601.9906119608,965281.7630680599,952476.893158021,959272.7156213094
