,TRM,RLS,TRHS,GHS,LR
0.2,25666.06980136006,22684.470556333494,22712.847411686453,24479.126206692716,22649.69253541564
0.25,29399.913612183278,27878.810925154787,27357.26691993588,27970.923903292776,27357.26691993588
0.3333333333333333,56328.51308398862,55211.89709911008,54008.483404954575,55484.523540096336,53316.10109042331
0.5,83633.1530219453,79606.65078745795,79594.68387554969,82729.28786011261,78369.53982486387
1.0,214421.15497112222,211726.5343007235,211906.9807173296,212786.07330250117,207354.89123327105
2.0,306071.88019858365,301945.04402889253,303216.59081177076,295176.33384640585,299891.3523439217
3.0,511861.47014567937,506776.45074429223,509412.876466714,507653.8212248074,507930.6602125597
4.0,644305.3003287431,639728.1574450724,643165.0864701059,643184.0214556991,640106.4656027606
5.0,780875.4937050567,776694.0748474371,776802.1969451172,776702.74918549,775163.4773038429
