,TRM,RLS,TRHS,GHS,LR
0.2,30236.6916878408,26758.467624354267,26944.89258798718,27211.36893138058,26224.880544946045
0.25,51476.27917367748,48415.508610177785,47186.35387232712,49178.68648059807,47020.216327667586
0.3333333333333333,68359.53681336992,60829.76176781971,59871.27817625905,61689.64289123166,59424.761936378156
0.5,104811.83515639143,90543.75993264178,91744.28535310841,92060.95468723997,90103.49448422976
1.0,242743.12025057114,236514.97389293637,236089.6944211005,236810.32194676084,233442.12285712134
2.0,402838.3960550965,397671.73187255394,396857.5324226662,384017.1854868993,394428.6462732333
3.0,478559.40477752464,464687.4548214535,466862.92958031024,452441.73302319343,463297.7744522948
4.0,628455.2730160677,622981.0859136565,623935.8870416656,624508.6968970882,615205.8078157108
5.0,767203.9934208454,758186.5004922637,763746.0152066239,757850.8644787149,757300.8470728324
