,TRM,RLS,TRHS,GHS,LR
0.2,30782.454690883864,36285.82745910597,30507.128042393928,30410.06211364525,30410.06211364525
0.25,59753.81947609652,60980.70209163283,57670.54791600403,57422.34108485645,57405.788505418546
0.3333333333333333,50496.394802449904,49415.952613647,48589.648208333296,48792.557359815095,48474.645854481416
0.5,110911.39606334454,105052.46021544449,104740.49831635115,104728.08442447,104564.25553177959
1.0,195970.48499617088,191185.4624892924,191543.8753626366,190572.4873192176,189211.32638184732
2.0,384340.2022114062,383009.11508739984,378030.6055485317,379590.78159899334,377500.75528696453
3.0,504440.5633304743,504997.3972622328,502739.51791589585,503989.04485750094,498422.0816145229
4.0,672499.6173597389,667520.0367536803,666904.7091337038,670819.2604027566,664811.1607930742
5.0,864832.65675665,865397.2756496856,862973.8523695958,866227.9424093809,862056.7737033059
