,TRM,RLS,TRHS,GHS,LR
0.2,20142.956131064926,20214.63379902101,18206.213466177658,18154.26110174736,18154.26110174736
0.25,33684.8831549075,32396.22456880859,32396.22456880859,32391.58872646009,32391.58872646009
0.3333333333333333,51603.431310464766,50460.43348659741,49929.64766453596,49813.6844507783,49813.6844507783
0.5,83050.10458638323,81109.94993114215,81068.31273554798,80420.95464259831,80420.95464259831
1.0,125591.60092503046,120655.74787326595,116684.57308186815,115553.90561608449,114403.99627799464
2.0,269222.7681325476,258185.36459340286,263294.3506176179,261838.0858712188,255249.98558993597
3.0,445913.9841233937,440451.72100014606,438582.23915922333,437756.91693389864,435967.0785153215
4.0,551725.44458763,551308.4003044432,549975.1491302584,550656.6276551116,547205.5524512904
5.0,624009.4843664443,617166.1771826781,619965.0895106271,619349.0852475053,615034.9873593117
