,TRM,Local Ratio,GHS,RHS,TRHS
0,166144.76323610163,154166.9775949317,148146.79649145762,150535.5517626994,148991.43523744098
