,TRM,Local Ratio,GHS,RHS,TRHS
0,60520.65741494036,55545.0460015316,55338.863093072294,58077.45970747331,55878.08964545323
