,TRM,RLS,TRHS,GHS,LR
0.2,31515.241559762737,30174.526927904106,30174.526927904106,31330.194885222325,30160.847424445874
0.25,24900.704534641478,24787.330684854795,24624.536942543942,25325.147539018588,24225.871391879526
0.3333333333333333,51151.55625031362,49878.91923758186,48446.49847718792,50436.10477950911,47695.8858277575
0.5,66788.32545305265,63182.21540289696,63070.24374139332,64255.35254815813,62073.07232072884
1.0,181466.76010379122,177458.3658301332,177529.91223659334,178769.23759115662,176101.62547550167
2.0,303364.7005795444,301463.5391253309,300533.47600209434,300074.5433451103,299601.5680560946
3.0,420930.5133447562,414988.33988166275,417691.83391675464,417622.78152864473,415947.2521244892
4.0,572081.059603904,573073.443212436,570112.6473222296,569920.6129942581,565651.0766928138
5.0,741234.5613076946,734223.6880412352,738102.0373629227,731371.818799925,734815.07584264
