,TRM,RLS,TRHS,GHS,LR
0.2,28216.832990009865,30049.117437416273,28184.538949124726,30932.648981684215,28124.835660207966
0.25,40370.47138565142,39483.90453501165,38718.38121106283,39067.52141785762,38665.25281665133
0.3333333333333333,42427.723165999254,37759.30131878669,39061.40540296413,39325.94161676674,37297.24008070945
0.5,92056.10844141818,89931.02305643586,86957.37098242423,90013.43017072634,86500.10338745742
1.0,209967.2349329757,202126.01761769396,201901.1958269795,203046.47569712787,195158.9680165029
2.0,338108.7411656776,336358.556944226,335832.01742153673,339999.1597792452,335171.62488975615
3.0,469417.4416968444,467341.1879337385,468349.9434017183,466083.6704968673,461745.86109229794
4.0,601297.9518380518,593252.743581834,600378.7915980174,599706.0931476579,590828.3460181049
5.0,732481.6341629751,722937.0406334198,727441.6984675177,714860.1054066923,721115.1166686425
