,TRM,Local Ratio,GHS,RHS,TRHS
0,84169.24720003175,89982.59464445987,73835.12913673364,77108.92423771266,75590.90589905244
