,TRM,RLS,TRHS,GHS,LR
0.2,40442.14941990307,39680.594219126964,36650.94227776093,39676.16962356619,36562.508021702655
0.25,43705.3369529025,38815.7559733243,38858.59948920985,41168.39062093273,38182.62178410789
0.3333333333333333,64960.761338727265,59374.429466892274,58937.60847976866,60542.893153754456,58574.07301590186
0.5,85702.22939904993,74169.05300481473,73762.1458034521,76775.32627360935,73625.4944065036
1.0,235007.47311220889,230040.3351809727,229162.17415396517,230848.48802748756,226687.78833872103
2.0,362337.24705839774,352394.07699856785,357637.22658971534,349903.20960580907,346675.33004346874
3.0,480046.9976867542,475385.40362977615,477295.2447885971,477091.3526067096,471377.9760654064
4.0,652099.0832005895,642555.1958776722,641974.3461563638,629694.9650884662,641165.9601152261
5.0,786061.732623844,774231.5684553188,781310.9257975613,776499.9124136155,775572.5218166936
