,TRM,RLS,TRHS,GHS,LR
0.2,41764.95225871399,41363.89950352597,40534.74187583578,41474.39717879708,40525.21578971998
0.25,66570.06580685946,67121.61609989594,66462.85171815135,69080.94628763545,66457.81271766391
0.3333333333333333,36537.4006685134,34047.05893256501,34180.888631266265,34600.256907711715,33536.03635473168
0.5,66002.8165348633,59208.933702023125,58615.94733894163,59875.54394253196,58360.77930646135
1.0,279675.23857114883,278437.05360314983,278510.02023816516,278864.26893280685,273582.59158564016
2.0,481790.171215131,481860.4228274017,480773.1223227668,481478.06862016005,480192.72266177053
3.0,531858.6039606471,530538.0857354406,528077.5065787259,524187.5357814462,526360.7697379767
4.0,766057.4725265949,763694.4752150076,763792.4438125049,762850.0627068757,762061.5301987776
5.0,879277.5130645735,871623.3136108015,877965.0336413259,873019.2606001877,871720.9835150414
