,TRM,RLS,TRHS,GHS,LR
0.2,48251.61627032591,48989.12977794261,47061.01429822703,46291.59912895523,46291.59912895523
0.25,43102.65184295439,39463.75984462926,40275.172196145926,39463.75984462926,39419.155966600985
0.3333333333333333,58850.9601341016,56586.29282973617,54944.1302539146,54787.49516004177,54787.49516004177
0.5,113447.89597923354,112667.36169352742,110196.34274357713,109749.63596641704,109448.91346443229
1.0,257108.90095877825,248874.2690846184,249201.07699300794,248576.7923931512,245837.55420962445
2.0,432618.1041609049,424067.8124213858,425919.9402662075,429903.4902603244,423622.052180848
3.0,580839.3717630802,577749.8139448125,580197.5422086968,578841.4524098187,572339.7101384258
4.0,773868.6244355137,770839.653110093,770820.3377680557,769413.4013656675,770409.6375235529
5.0,950932.0910001366,946359.4721387234,945892.53313303,946269.3231349571,937863.5612906492
