,TRM,RLS,TRHS,GHS,LR
0.2,42395.26548804374,41518.036547098134,41323.06979716834,41623.9656957554,41286.76241882095
0.25,55030.07800711313,52729.49521972943,52744.39453627166,55099.611177439576,52421.9574820573
0.3333333333333333,65046.3547233728,62508.51260252629,62508.51260252629,63951.119428370104,62508.51260252629
0.5,90347.4968183906,83467.86378478124,84257.66811704962,84495.62643049356,83160.1544595339
1.0,240356.33414189162,231154.9294269154,231258.84899324557,232218.09420765462,229397.49044426373
2.0,430483.78826701385,420360.25788557687,427536.34845272446,414973.3655927246,420172.5081657976
3.0,631192.0239145758,623623.1019333474,629413.553374947,621176.4684127964,623089.8195532042
4.0,775054.6129535006,767357.28897833,772612.8341329746,755294.3682124738,769392.8786563013
5.0,1015654.8671686691,1011868.2885534007,1013409.7074997808,1011100.2626648132,1010986.2657117042
