,TRM,Local Ratio,GHS,RHS,TRHS
0,82849.98144303645,78308.0300127538,78474.92992293432,80505.34156591393,79213.44897893787
