,TRM,Local Ratio,GHS,RHS,TRHS
0,93858.76626533948,90460.6565425146,90539.14025312793,91337.82319355865,91140.63026550728
