,TRM,RLS,TRHS,GHS,LR
0.2,35054.962923316525,32972.67114745708,32972.67114745708,32972.67114745708,32751.178110197758
0.25,21430.397658100166,15189.31898584847,15189.31898584847,15189.31898584847,15189.31898584847
0.3333333333333333,46641.76184209187,45606.77843335633,42826.45456430515,43033.93694124694,42826.45456430515
0.5,61119.04579223934,51392.509610680725,51594.86264825359,51448.34615686196,51228.1455498655
1.0,144815.1716767956,129275.94049251341,129655.76987115206,129983.46955877022,129228.60329137386
2.0,367377.17696407094,362532.25770164916,362519.6007158299,362519.6007158299,360887.8237858224
3.0,424619.9195374184,420608.99770786625,422108.6310635769,420152.01483291155,401023.94384418696
4.0,573597.5022767235,572547.3707284612,570183.8075488321,569629.5126759179,566788.1210400872
5.0,707104.8421152021,708798.1494673425,705607.0918364753,702709.8064632838,695913.308781679
