,TRM,RLS,TRHS,GHS,LR
0.2,31420.649193931255,31367.888935833165,30704.602117556762,30704.602117556762,30704.602117556762
0.25,20897.908109899472,20776.581481192494,19291.372610243372,18774.32944900773,18774.32944900773
0.3333333333333333,33958.46655536732,34462.26161888882,30600.476342373855,32860.09293778805,30375.17019231972
0.5,58350.82764072551,56684.43236794894,55754.57384826418,56386.267497756715,55754.57384826418
1.0,148252.82330246354,142886.33935044607,143651.41220369015,143404.3606371635,142330.3994983418
2.0,300567.1611515278,294709.1953198926,297037.68801092403,294793.25553734694,292580.1663683411
3.0,426526.68619679153,427562.59041451575,424656.6026872856,415178.3106438843,415043.84858463303
4.0,437196.16491186724,435147.86067473155,435473.8184854305,435952.92103096144,427702.02686439134
5.0,590522.9917182397,590994.8586337221,589149.9560999529,589105.1379766999,584549.7080326178
