,TRM,RLS,TRHS,GHS,LR
0.2,31407.637933271464,30983.901372789907,30172.278352902795,31317.067987661707,29836.823245569954
0.25,30646.744383149096,30634.14753577518,28378.988647541482,31208.841550499514,28378.988647541482
0.3333333333333333,59799.494597827004,55734.53295691131,55945.13251827492,59269.1275001956,55727.040408243796
0.5,63193.30609799055,59575.034113038346,59018.25462898116,61579.948088014644,58879.87765034675
1.0,136945.65141786178,129028.91604481684,130223.95368935248,130862.40377843389,128685.21677687831
2.0,293449.9163612948,294165.4535888548,291206.2613059399,287860.57900344115,291109.90310906357
3.0,402275.4887060733,397803.4385035774,400108.21253053535,396466.87836357486,390711.8882466531
4.0,532487.5093677235,527163.7399700497,527444.2040155177,528434.6965729158,526483.5077887059
5.0,582181.7916838513,579808.0339329289,579297.5059506581,570088.5743829329,578496.6888971629
