,TRM,RLS,TRHS,GHS,LR
0.25,17115.410288219984,14679.718953605097,14679.718953605097,14679.718953605097,14679.718953605097
0.3333333333333333,24928.55295179533,24243.636546588128,24243.636546588128,25953.605937792716,24243.636546588128
0.5,35798.042258550704,34712.46211685834,34505.346783514164,34712.46211685834,34505.346783514164
1.0,85676.67258193101,81531.8377388091,81398.01738962252,81531.8377388091,81146.30134889705
2.0,147786.08898308733,147315.78639331687,147053.696866056,147450.62248149328,147315.78639331687
3.0,221087.2470639616,221283.19542679525,220160.53028334925,221035.6297111295,220390.85221604502
4.0,272472.44680002605,274329.41763577156,272169.1062301609,270936.1944530993,272639.6729665932
