,TRM,RLS,TRHS,GHS,LR
0.2,27133.088297376707,26946.63869932304,25952.751293317986,25845.03631948859,25845.03631948859
0.25,37156.64614708451,34511.18122951285,34309.64632438776,34181.98198739549,34127.93318069567
0.3333333333333333,51934.5715261993,50607.09186203588,49677.89579050583,49665.291056846785,49581.04976990972
0.5,83599.33537842837,81756.05358377937,80770.60453554208,80644.07691462658,80644.07691462658
1.0,165330.65968464327,159886.97704603834,159447.78286926576,159090.51891332472,157848.7806815699
2.0,322901.89396760374,316315.1049717861,315540.8293296699,316308.62013151863,311382.12522129994
3.0,500781.52919942635,494731.98263649654,497923.0272523773,497735.6286988675,491865.3131354488
4.0,604441.2199731265,604728.3190596355,603491.5839144711,604995.7991084104,603311.3532066838
5.0,713292.8385983378,709742.1617936109,709271.5845956655,710373.1976428921,705166.6264555587
