,TRM,RLS,TRHS,GHS,LR
0.2,32635.63461257705,31925.380319919022,31702.129316501116,30944.248846041184,30944.248846041184
0.25,32854.100629843684,33966.87547518066,32360.577728393022,31891.109236455806,31891.109236455806
0.3333333333333333,40882.73219106994,39353.59249777917,38468.930049027236,38137.03537658959,38137.03537658959
0.5,65578.82186928178,64029.484443356785,63426.473602050544,62954.96794557698,62954.96794557698
1.0,142925.2096479259,136378.8838102751,134238.65423606,133934.84093829722,133021.4356105577
2.0,318089.10319365596,307404.2593832115,312930.0359963081,308127.267447963,305341.7046865616
3.0,442540.67064837145,421122.93431719835,427660.87208958063,424632.4033366018,418563.7166310686
4.0,550890.5887050729,543842.9515975934,546048.5248692143,549509.1549693033,538290.2091250631
5.0,694839.9033877688,691668.6571355873,690744.2369143518,688615.3978354399,684822.6469559416
