,TRM,RLS,TRHS,GHS,LR
0.2,14843.403232165518,14664.303373043062,14036.81219706133,14664.303373043062,15674.903654055344
0.25,12979.289996513782,12979.289996513782,12979.289996513782,12979.289996513782,12968.447627667381
0.3333333333333333,23646.4414051369,22351.699894071055,22291.74974953413,23927.864118736718,22291.74974953413
0.5,46489.99523223717,40300.30845926852,41224.99024570765,44175.34064195378,40300.30845926852
1.0,74380.36891542695,67973.35720903137,66826.69449516512,68906.8260967814,66588.21083105625
2.0,171941.83756799588,169553.02544669245,171073.2361684851,170428.2982027057,167693.23832043554
3.0,239916.71215745356,237299.23339990573,238162.02300470942,236946.62670730925,236345.2614907492
4.0,315786.4776972534,310358.37298957957,313988.4064359444,306298.59862743755,309915.9443576212
5.0,319852.17302553443,316483.54862742143,319203.30313981196,313852.8268471948,314264.4771836865
