,TRM,RLS,TRHS,GHS,LR
0.2,39665.05176487485,40202.56303918402,37727.888235495804,40514.748121535784,37448.805708220665
0.25,81752.08987496614,79635.24241474729,79238.0059929413,82156.27632920037,78851.68791072146
0.3333333333333333,68702.90814435469,62988.6848743093,62665.181581995275,65275.55905795729,62362.43629611032
0.5,134146.8207304505,129111.75941373453,128217.55130488005,129870.21561457947,127771.41194822639
1.0,266165.9220049338,260801.65363184822,260688.5685598584,261650.78135406133,259090.53213788223
2.0,459807.73425350484,453850.05735131184,454774.388539051,443235.9116841971,451757.9464257061
3.0,807781.964557551,804953.2573315671,801301.7453200793,797016.3384803176,795949.8915695898
4.0,817944.0930021475,812750.0446115024,813410.7426688072,813486.348491707,811024.2444560949
5.0,1032056.267880471,1025991.7266783009,1029230.0651298354,1013756.7762550409,1021698.0689776628
