,TRM,Local Ratio,GHS,RHS,TRHS
0,83496.21894053016,77167.49542198326,77322.72441647584,78134.54134822503,77536.96169264635
