,TRM,RLS,TRHS,GHS,LR
0.2,44456.664321326454,39526.56104497182,39526.56104497182,41660.10314802997,39302.80095823998
0.25,47187.86586590892,41294.470214769644,40447.38267665576,43897.037555824165,40420.43686871112
0.3333333333333333,63569.280424950004,56400.22623333149,56472.8015809238,60373.38967079413,56400.22623333149
0.5,103074.9879456228,94600.64184992801,94480.43985603364,96970.23123278894,94213.36879240964
1.0,202436.10902938285,191977.47258891392,193484.66840424034,196126.61438910742,190485.08312706952
2.0,380971.40542869375,363779.25099053816,375660.57026570046,366898.16734531743,363307.4384198963
3.0,526721.8294641022,516142.2023533965,521725.1116556512,514852.50625251705,508226.2630837994
4.0,691806.9459903021,679928.4576443791,685080.8203338031,677520.1993262167,677648.3109899784
5.0,850832.5343822372,842637.6883326789,849645.1135022476,835070.591534593,834420.2540540718
