,TRM,RLS,TRHS,GHS,LR
0.2,14237.263014960157,13780.951046130496,13780.951046130496,13780.951046130496,13780.951046130496
0.25,20345.099458031345,19080.5569690947,19080.5569690947,19080.5569690947,19080.5569690947
0.3333333333333333,30877.765586268062,29254.412419622393,29254.412419622393,29254.412419622393,29254.412419622393
0.5,58376.237632227145,55884.360026042275,55737.29831381172,55361.03699117104,55321.113526853595
1.0,112563.27990642276,106831.25143932228,107413.88737366292,107569.78011075425,105830.8208094004
2.0,236042.4219321102,235051.14893217693,231457.84890001413,230369.82684910722,229416.267937425
3.0,308523.39037838875,311307.7383035717,305405.0545249462,306737.60969553614,301549.2544951443
4.0,407334.2683027549,402067.5635733001,403916.28350333666,406148.4693347584,404851.01045625866
5.0,510852.326610077,504281.71537196427,505968.581609914,507707.2897417204,507339.07639003603
