,TRM,RLS,TRHS,GHS,LR
0.2,18004.23852637876,21125.91783380389,17316.69750944514,17247.240793835936,17247.240793835936
0.25,25529.866141624956,24101.439795257636,23934.864042770536,23934.864042770536,23812.388472282084
0.3333333333333333,35413.49469917569,34942.467779089,34148.513811823905,33565.228036757086,33519.69746414519
0.5,56105.67469119778,52533.602102194476,52324.821319461786,52209.67560023805,52209.67560023805
1.0,116034.27687915115,107248.73684795905,107355.28275141527,107104.30708939812,106825.68045009584
2.0,248381.5497346745,243679.41142268095,243941.548290518,246757.541521789,243034.97288422345
3.0,387029.69794575754,376077.8382351718,380692.4018186655,378220.10262701946,372194.7614731716
4.0,481318.53044386697,478724.0430968325,478049.5736085695,480443.15428028465,476292.9999013587
5.0,599707.9737711545,591382.560409433,595760.1054436426,597427.0945548357,595334.4393547338
