,TRM,Local Ratio,GHS,RHS,TRHS
0,66340.43889127555,59812.22814988078,59808.97221935852,67421.26244619266,60131.38073124277
