,TRM,RLS,TRHS,GHS,LR
0.2,34712.02954196893,31692.598949984535,31692.598949984535,36850.10441241007,31482.05374738707
0.25,55349.516542453566,50726.99771059628,51015.99925297075,56949.565531834516,50726.99771059628
0.3333333333333333,54174.11385111562,53545.589934159216,53365.14202205934,53545.589934159216,53365.14202205934
0.5,80885.05212518622,74668.08107403042,74679.11462021543,76633.75036181785,74116.47047437842
1.0,191094.33021511833,175683.1052648304,175976.89173204915,176597.65241653757,175485.846151785
2.0,337882.51935909706,330194.7172083406,334896.87838025443,307899.3670518754,327021.2039791056
3.0,510738.7393458439,495785.45433452644,505326.26307279815,477975.32336869935,500011.77866728406
4.0,694695.5973065625,691275.3475393832,691386.8184945378,690250.417104838,688608.8405701176
5.0,760430.8342857021,747363.9288427068,758459.9841439304,744339.6600025297,751219.7497257865
