,TRM,RLS,TRHS,GHS,LR
0.2,22808.224851343042,25026.180907519007,22577.026849380138,22577.026849380138,22577.026849380138
0.25,33493.49803569909,31290.046650412223,31785.76188787428,31290.046650412223,31192.94504744571
0.3333333333333333,55521.07709932324,54377.98453122465,53462.39121405868,52782.48313092678,52782.48313092678
0.5,70253.91576364532,68419.60062140673,66955.81802870201,66634.46846306196,66626.02102162568
1.0,163198.12741194834,154383.9921822616,155603.45162017754,155737.097359687,153775.9990821564
2.0,352305.01733114064,338950.1446287699,342016.8481325902,339766.3533149686,332933.73751101544
3.0,473297.1910446823,456568.33058926614,462545.3130505464,461862.3903770924,457109.9416153139
4.0,597432.5847074474,585475.0939212196,593666.8676229554,586737.9497177823,581820.4239443558
5.0,731185.0361233302,717808.836189684,722840.5809939656,728926.00011856,710797.1940805276
