,TRM,RLS,TRHS,GHS,LR
0.2,17222.175856425398,16538.547075253748,16538.547075253748,16538.547075253748,16538.547075253748
0.25,10738.025131579503,9742.702701091304,9742.702701091304,9742.702701091304,9742.702701091304
0.3333333333333333,22248.592005443857,21916.602955063572,21916.602955063572,21916.602955063572,21916.602955063572
0.5,51942.00692964296,51338.32493395559,51351.42754751637,51351.42754751637,51357.41394200919
1.0,104620.4493448142,104043.44982956866,104043.44982956866,104227.1172860693,104372.80856000145
2.0,159472.9020660764,161488.31765597046,159198.85434505867,161781.22076456426,163206.8256845834
3.0,236620.3443346965,236151.69428752334,235723.5653793147,240967.20108782014,235723.5653793147
4.0,339799.7630081165,338641.75625699485,339318.6605056481,342945.09068293724,339318.6605056481
5.0,345890.3598491892,345671.64839251665,345671.64839251665,345516.1749595712,345671.64839251665
