,TRM,RLS,TRHS,GHS,LR
0.2,30713.851902433315,33002.018912996406,28632.475417827278,29300.61824268556,28632.475417827278
0.25,29865.41017564328,31241.651043298956,29016.16395585037,28900.252143300542,28593.339114414965
0.3333333333333333,52406.797874359894,51333.83348076643,50398.129672695635,50398.129672695635,50372.03433856618
0.5,85664.61302156432,87203.03527120165,81644.037034826,81224.4479409712,81224.4479409712
1.0,148577.50057644295,146985.0654584047,146387.12924556108,145298.05983953772,144805.07770508077
2.0,316292.88011085603,311524.8676533085,308902.341501499,310757.9757032685,308333.9227448759
3.0,421548.4989648216,419421.0073930503,421130.69396082714,418536.69833396823,418384.0763420296
4.0,575135.9208583193,570207.1528613424,570531.3741715779,570975.1844676154,570574.936310067
5.0,690137.7779408329,686282.4865938133,688326.2165617116,695028.1883444663,687380.3669378749
