,TRM,Local Ratio,GHS,RHS,TRHS
0,202962.97132553524,178644.93364423382,179168.14943635435,204725.03325600488,179928.8435000263
