,TRM,RLS,TRHS,GHS,LR
0.2,25108.33254372866,24942.90853890492,23917.3987436342,25095.33116559963,23713.814159548834
0.25,39596.31017240273,37682.730895085886,37718.77123021386,38136.68958094526,36633.60789598101
0.3333333333333333,47922.81637220662,46051.47654435181,44876.50435393485,47075.989521543204,44756.3552034749
0.5,117792.56861547522,115933.05844972901,113514.70774793516,116268.15957400261,112841.99047664019
1.0,243835.77855215257,240405.1583221319,239977.7494956918,241559.6123725073,239060.79118424453
2.0,435770.1041494277,432715.4184222642,433775.69198482245,434595.68348134396,431740.0347820417
3.0,541366.9311170538,539993.5387773701,539839.7508545165,537995.9333961338,538149.0306345742
4.0,709109.1227284482,708779.6312735608,708390.6424599254,707832.8473239219,698420.5493097302
5.0,1047289.9065882682,1043317.1675985253,1044669.3502344902,1061166.050182078,1043256.7599939689
