,TRM,RLS,TRHS,GHS,LR
0.2,23391.31948305068,22479.943059238507,22479.943059238507,23158.01603042783,22479.943059238507
0.25,26207.306935764067,22777.95428109334,22777.95428109334,22777.95428109334,22777.95428109334
0.3333333333333333,23978.736775378853,21653.786570415563,20569.822207401212,22158.254928917147,20569.822207401212
0.5,75308.28010815298,75854.54290267083,73945.51049261693,75438.99559284236,73020.21443535952
1.0,138402.3449574662,136258.98069527547,136258.98069527547,136592.62079486917,136258.98069527547
2.0,253924.6407853514,253758.33750940388,252255.30929634796,256539.34248056146,252731.70867979288
3.0,268018.800653908,273412.50584898965,267846.9323163285,276712.00523590576,274547.4110756381
4.0,431969.6586076653,432687.22196925915,431241.641588548,427356.53853294515,429588.7949144304
5.0,467847.0401765769,464255.0880395111,466505.9758922224,473630.8257258457,464706.9230160317
