,TRM,Local_Ratio,RLS,UGA_RLS,TRHS
0,836469.8626964841,829949.3906367181,833231.1283742264,830642.1485203726,829788.2552930389
1,667662.0287181983,660962.082563486,660508.9861310842,661740.047005025,662011.1428236526
2,518948.7881644423,506497.8804982789,510844.7631547079,512935.12917548267,514619.5056754662
3,369217.4128029212,354382.8891446396,366306.93038170284,362515.01979645033,356085.7410055272
4,237171.00946385236,221913.74940576116,223123.31013590793,222573.33103965322,223304.26296517358
