,TRM,RLS,TRHS,GHS,LR
0.2,33312.25997592577,29503.858874465455,28461.70010665617,32523.46073042311,28461.70010665617
0.25,35473.298976455604,35344.182672285344,34199.75033885322,39143.475150503975,34199.75033885322
0.3333333333333333,64077.97003446551,66842.54386398784,60176.446198710415,70435.19078402466,59755.00725334153
0.5,100172.35126233292,92726.38965945091,90178.7996808724,93570.65413997551,89048.806181326
1.0,219280.67749699956,217865.64582132353,217865.64582132353,219249.1310704205,214875.53985618943
2.0,387785.15455714235,374855.96738447266,385181.7316747097,378704.7650738448,380459.2590325639
3.0,509657.6615127608,504722.00564212934,502553.06786579115,507070.66063996154,501594.50259046326
4.0,721220.7794256834,718017.5858740638,720362.6197669458,706911.7328670548,716757.1525520394
5.0,897756.535040661,895057.061768062,896080.1271980077,888664.9160794793,897101.5570192996
