,TRM,Local Ratio,GHS,RHS,TRHS
0,56401.56780040142,53271.128671812425,53397.317239984644,53577.71302935888,53628.085531171
