,TRM,RLS,TRHS,GHS,LR
0.2,27293.78364136345,25797.94699373476,25158.488150742538,29201.412811851667,25158.488150742538
0.25,46493.66673061854,45725.499376070824,44998.55624081653,51608.146935314464,44998.55624081653
0.3333333333333333,59678.633219740455,58780.94058747708,58589.1208216075,62505.51303101205,58104.8866918358
0.5,58372.58828399522,55654.01415023323,55493.70645002403,55921.62969787187,54934.083640430945
1.0,192595.81244966623,191287.9041131301,189865.3318963809,192471.73300148844,189727.00277045075
2.0,310988.81323818985,310078.9482236482,310182.46621520485,306968.0768313844,306036.7271948328
3.0,443588.3055827907,438758.225066261,440294.4681211915,437030.90902239195,436873.19459557615
4.0,609298.7984884685,606746.3898620647,605864.4809195977,605713.1581864308,604952.8378514969
5.0,745705.6615714093,740062.438164954,745085.7987817364,744807.577675981,741403.9027363532
