,TRM,Local Ratio,GHS,RHS,TRHS
0,118617.87085529024,108820.73760237834,108966.0861333947,109485.87898044713,109521.05895402413
