,TRM,RLS,TRHS,GHS,LR
0.2,17276.94138755887,16707.639857513615,16667.45664208612,16707.639857513615,16667.45664208612
0.25,28229.419735205018,27436.4506026041,25525.039370760896,27847.816477379172,25525.039370760896
0.3333333333333333,46048.921937438325,41212.698665220196,41810.1580923622,43237.45501146232,41531.70181171755
0.5,61497.81843589053,57446.397608231084,57469.45918103101,57850.06490465863,56295.336685760005
1.0,125659.4902739933,114487.70503929735,115958.96096925273,116935.92918635161,113919.98276926111
2.0,253558.06436481106,245690.96132265465,248643.4078463815,237110.21238831215,241751.3285057912
3.0,336923.8517211091,331232.6294993253,328980.34869157494,331477.0182393552,325096.08965702757
4.0,492794.1188760241,493021.5054288215,491049.50910008885,489122.8195818901,487891.67720240855
5.0,616668.2708134658,613353.1592530299,613890.9487091259,598675.1197895163,610219.8162369984
