,TRM,Local Ratio,GHS,RHS,TRHS
0,55093.165211279535,48874.65882158287,48874.65882158287,50485.432799248876,49889.388201408896
