,TRM,RLS,TRHS,GHS,LR
0.2,35188.607351220264,32493.22570265287,31951.84538401146,32852.9835431452,31560.363227864425
0.25,46965.92582918156,44365.62874692557,43989.75991581569,46650.81743233117,43491.057615638645
0.3333333333333333,56000.10923783228,50589.3448220844,49790.43485659113,50966.52329072399,49648.584702163615
0.5,101792.48754815127,92548.72470097987,93093.55338109583,93289.80037290046,92483.19794517077
1.0,256490.83309516707,251044.15525945358,251173.66514146476,252171.15760274974,250793.34336132585
2.0,515127.12458187516,504145.59396128636,510715.81098868325,502160.8351590823,504057.5046630633
3.0,543467.3246334051,543176.1635048747,538802.7015771355,541384.5998736221,537855.1224786018
4.0,779900.9432054965,775432.7186788664,777096.3757313702,781395.1814371065,776266.6415905962
5.0,1002187.0922191194,995057.8245106433,999832.9600468274,1000809.3213019638,989539.1028653805
