,TRM,RLS,TRHS,GHS,LR
0.2,14895.059686753159,14657.752142436777,14657.752142436777,18044.08591230763,14314.202718106124
0.25,24602.077495254867,22242.140073206752,22239.222170960067,25878.347081456785,22239.222170960067
0.3333333333333333,40495.093590219185,34353.20393854135,33293.501086134645,37324.719638192764,33282.66899618757
0.5,53548.16558538374,51482.3565835255,50692.85653407815,55259.58992631098,50507.8741639465
1.0,123868.15102068317,117961.77594238041,115638.1472291589,118468.29241546505,114943.67479367991
2.0,275189.6596627162,266181.05306839343,270610.83405978465,261278.63321595374,264708.2183211882
3.0,377464.5192828776,378015.2571640165,373976.5876563608,374649.89038749447,372301.07078267547
4.0,499014.7751017143,487721.91686536506,489044.46093703184,486693.9199019659,486292.8839569994
5.0,544731.7205359903,541732.9926071751,541767.6187779449,540695.2970745775,535682.2030413075
