,TRM,Local Ratio,GHS,RHS,TRHS
0,136731.5572763619,132284.43785688438,133485.14975278583,134080.41341275527,132656.6719636539
