,TRM,Local_Ratio,RLS,UGA_RLS,TRHS
0,638507.7812957448,630219.4289288739,637998.5444408716,631279.1783708244,636335.9846073743
1,488040.7501415198,478540.5036960461,489924.2552958137,483610.71535116126,486620.76013182895
2,385766.3938168753,373700.94079195097,384183.3698109001,376330.1541511906,379695.5524082916
3,303838.474867867,290931.33619094285,298918.87753592234,293460.1687528143,295707.6919993086
4,140475.52658453467,133741.91343141688,137273.92040920694,139104.28598908888,134773.8276079011
