,TRM,RLS,TRHS,GHS,LR
0.2,34587.674016170466,32506.350481088288,32044.50592242343,34811.15236152539,30033.064860735885
0.25,50078.7870737214,44830.25509139105,45662.10213356272,48356.998873885,44668.33634926899
0.3333333333333333,69815.85185296895,63186.92518217546,63152.52957355496,66742.12251389636,62544.61843445315
0.5,106965.2432172971,93786.26643304696,92230.62696339196,93636.52703389371,91224.96708267702
1.0,284757.42608473473,279895.38588205713,280249.7879159662,280473.2236109542,278123.28088982106
2.0,420392.55510725017,411698.71111384465,414494.29258122476,408963.4881276551,405820.042308854
3.0,616791.3839467901,613694.0922729564,612075.0059197614,615613.9738893975,607261.5386274242
4.0,804907.0202060904,804763.0310299211,802697.3689685116,804072.1167300289,800035.4311620854
5.0,988729.8778774369,984326.191415533,984245.7552540966,972859.9552164786,980815.4603608659
