,TRM,RLS,TRHS,GHS,LR
0.2,40574.01989638338,39939.29016914251,38372.82210533626,39625.84592152702,37662.18401832394
0.25,98589.8970649931,97620.20062340295,96750.46997057789,101335.02621276135,96750.46997057789
0.3333333333333333,127388.03842232225,124799.42656329322,124141.79825706164,125727.89353694985,123762.23814196068
0.5,254426.42049095826,250658.68419138598,250481.88597162487,253998.91539168073,250271.73444163846
1.0,550117.486768469,546661.5322475375,546982.0025892685,549089.3150101237,538259.2414766164
2.0,568424.9594235487,568002.5829026616,567402.4607677932,568748.5977163744,571498.6096532143
3.0,855172.1472520978,851261.4235022122,850400.2213942239,849413.4831744957,845822.4818521464
4.0,1110455.855093254,1104400.507243992,1104301.3821571798,1097438.1328712646,1100727.5152649318
5.0,1689153.0586701678,1678494.9704564863,1687296.4395654511,1670749.346704537,1679189.9760010866
