,TRM,RLS,TRHS,GHS,LR
0.2,28433.463567056086,24332.297897587658,24332.297897587658,26467.282873619046,24332.297897587658
0.25,45572.0767072487,40090.87763464134,40345.3896529804,40345.3896529804,38904.087520956695
0.3333333333333333,60659.270657972855,58175.45889013858,56837.07185794106,76180.80056016755,56837.07185794106
0.5,100031.66590770794,90876.6854349772,91509.59206667586,94463.75983786216,90797.44142875115
1.0,284698.9731424965,281396.1120890438,282053.6501643083,282551.9515506002,281396.1120890438
2.0,351464.37555453624,343835.70257415355,347419.76427497604,346201.6553601754,344677.57286858826
3.0,553664.6349592452,548243.2838195971,551187.5758261456,549206.0077062771,546381.1598249996
4.0,711215.5542740918,692696.759715034,708002.0209209602,693192.5824930643,691480.1376826937
5.0,811206.5599006056,794327.2416336375,807077.1686984878,798595.8476749989,794497.2211999991
