,TRM,RLS,TRHS,GHS,LR
0.2,21243.273146519983,19975.981360139376,19975.981360139376,22126.530790708053,19975.981360139376
0.25,41618.68979939248,41856.47142726423,39784.40184414435,41933.2676642765,39784.40184414435
0.3333333333333333,42486.38783542106,42291.292165983476,41763.872631163205,43699.98873531669,41763.872631163205
0.5,73670.94853052995,69694.98376776,68134.06524760062,70904.2000945603,68021.54814707348
1.0,188627.42929211343,182997.25367696423,183067.33343864005,183727.29054822744,181274.52861210416
2.0,308399.1122242014,309199.86985399225,306166.4772548069,307878.4655524546,308283.96059144294
3.0,446699.13761516905,444269.0031056886,443759.02129434637,444464.90123328875,443315.6100414047
4.0,609493.5884411472,606196.3351547163,605648.8457897305,602533.8933993655,605243.2871181783
5.0,712563.4154374464,710096.7499908763,707329.1988874158,709153.5033125731,703622.5445138717
