,TRM,RLS,TRHS,GHS,LR
0.2,39404.07653412141,37733.18051236263,34777.083400164076,43037.4511484533,34777.083400164076
0.25,28423.401077667942,24580.9224550292,23959.94512356976,27289.2937254251,23959.94512356976
0.3333333333333333,54804.59584595229,51291.84289228763,50709.66003972291,54457.42364356608,50099.50709293081
0.5,77021.92781772997,66741.84252552202,66429.01186678733,66995.4194344965,64691.04718204282
1.0,249770.0553868161,242506.6889416261,240767.77468133494,243860.83499623032,240640.90317102036
2.0,371288.00924001186,357811.75468661095,370288.3466437924,347415.2986021828,353100.6145067967
3.0,499221.04052774626,478489.4087952219,490787.6152829363,479563.58133299334,476878.3908395231
4.0,658070.0096882511,645458.6502687095,652482.5403473221,643720.787150986,638350.0728259305
5.0,798379.2679950296,783903.9246122745,792180.2574420647,789602.1512327745,786992.2558539126
