,TRM,RLS,TRHS,GHS,LR
0.2,16425.491037372012,16960.248315213023,15320.77647615613,17191.653060643363,15320.77647615613
0.25,19086.31166575921,17167.66520663521,17167.66520663521,17167.66520663521,17167.66520663521
0.3333333333333333,42634.37395291379,39734.27997765824,39818.9241386543,41383.84429908838,39561.68055700505
0.5,68132.38245430106,66596.38975761207,65597.66828596215,66840.31202085309,63535.815088228475
1.0,119468.54881660666,107326.20020287547,107186.44513372782,108410.96315205087,106208.86404403958
2.0,249952.57452118886,246099.99193578566,246913.48368851657,246677.26534840892,243914.33445519072
3.0,330272.46255477105,325415.85593903,326298.85868924216,320456.9413616541,324442.8012184934
4.0,523290.4930265763,521340.58341200324,518794.59720124106,520206.3123130231,518368.65433758416
5.0,707159.313199226,702057.0534530912,701543.0517869713,700560.447591237,698290.5601454761
