,TRM,RLS,TRHS,GHS,LR
0.2,27427.030335839816,27969.574941602463,25578.73766052336,25578.73766052336,25578.73766052336
0.25,45110.33650759705,41201.64689919241,41231.33012180322,41201.64689919241,41201.64689919241
0.3333333333333333,50991.80412979904,47688.62397545869,47666.2808908284,47681.483126253304,47535.27756728603
0.5,100163.43789302776,93808.86514049415,97182.46777271073,94179.1676035444,93808.86514049415
1.0,186854.28228718744,179675.9514343093,176208.2940418102,177194.99261709495,175305.62755649904
2.0,377199.1339008338,370406.05961992155,366578.1896706486,366273.0614255833,362178.86995347333
3.0,577937.0638846537,562287.4788551985,568643.415624464,570969.7906523355,566902.638315599
4.0,661386.8676651075,654129.2885491633,656352.7560879585,652091.4584260992,650331.7831115104
5.0,830379.5935065541,834646.7271699717,829067.9010803041,831036.3623970737,827805.8224014256
