,TRM,Local Ratio,GHS,RHS,TRHS
0,82721.86091497418,79766.20208924264,80033.59641418427,80533.93338773327,80506.14480760749
