,TRM,RLS,TRHS,GHS,LR
0.2,23169.347274205058,24915.9198856253,21591.459176995057,21591.459176995057,21591.459176995057
0.25,37696.508848930374,36631.85444046061,36631.85444046061,36631.85444046061,36631.85444046061
0.3333333333333333,46743.58179324732,52083.707496474315,38856.20252947383,39178.282862024425,38735.64282182451
0.5,71271.22055407272,67297.94074609259,66143.84942984681,65571.03586894079,65222.91252663486
1.0,213069.01550487083,202880.18290978752,200589.54912044527,200611.13795323548,200589.54912044527
2.0,271371.3554300194,267331.6789654559,270204.0025372384,265393.488361356,267818.8259921621
3.0,421588.37794697855,412033.3453066758,418603.653153099,413596.7897997459,411844.0770556957
4.0,518061.7137039366,500942.41449280543,512233.52762979706,507201.5085261532,507936.335123285
5.0,642841.7716148635,641373.3823182101,640007.5901368628,636260.8557408814,636538.3491131079
