,TRM,RLS,TRHS,GHS,LR
0.2,31155.135653681828,27730.206328235792,27730.206328235792,29933.27087034004,27730.206328235792
0.25,33814.30041269677,31120.23050370172,29690.919301403497,31299.614922559296,28739.37369251919
0.3333333333333333,60199.74041958977,57549.67988810975,57601.89605762661,61425.769082230065,57335.708026847424
0.5,93342.0848614636,90463.6134106237,89466.04457763213,95500.18091110843,88501.37753724151
1.0,254635.70778418562,246830.41935776675,247131.59589685808,249093.17831076594,246646.33766304638
2.0,372133.47496042174,364192.9904367088,366383.4706562046,365312.4510866419,361470.11644173576
3.0,579277.9934122801,571910.7702202759,573953.7694149917,574855.079819083,563717.5451141286
4.0,727528.5549542294,721357.1199657515,721034.4536949664,714273.554814759,718195.5153661721
5.0,917039.8787755589,909163.6507270157,915197.8855716019,904172.2978944584,907653.7979733782
