,TRM,RLS,TRHS,GHS,LR
0.2,24349.955623917707,20897.064123550015,21580.951373409738,24753.187540321043,20707.24296932221
0.25,38574.483596936945,35711.391552135334,34881.7843043732,36374.61897601079,34724.410003255165
0.3333333333333333,64743.46357677679,57846.31401513414,58222.01981964064,61605.588540642384,57047.60861603914
0.5,100308.65309974093,92217.56001313648,91756.36695713515,93548.35778311717,91002.87938042052
1.0,184165.76171257367,176591.7451475976,174845.39345558189,176021.4323105853,174652.43608458378
2.0,339534.98574423126,329808.03320725105,332742.42529263196,331826.1084546241,327888.34753740905
3.0,474138.3520407218,462943.6258004864,470292.19384663954,462931.55561028305,466091.7830618817
4.0,595966.8675822264,590989.1678184585,594022.0374973065,592983.6188109868,590915.4117581067
5.0,756836.528893457,754332.4030118126,755076.9788068449,752463.318965545,751119.6181906923
