,TRM,RLS,TRHS,GHS,LR
0.2,33814.30761317482,32312.586828968077,32772.39194634768,32796.83557885461,32247.855197750698
0.25,50209.946618325695,49073.12093580071,49025.94695643213,49373.90583232759,48939.50129278127
0.3333333333333333,67424.56839970818,64118.189572406285,63743.981401779834,67927.02745905447,63584.59239174894
0.5,105059.82220796638,97115.28233021435,97305.48157413669,97475.84788010937,96818.09433371668
1.0,251704.12960111216,246449.3521410665,247285.94271026173,247475.1642231911,243290.3089756017
2.0,410237.84320419526,407247.98973783205,408580.373351935,407761.612042329,404612.817556599
3.0,571240.1752729155,569727.5831474549,570587.6908110298,570516.1299896331,568566.8975738431
4.0,780151.0099233575,773028.1768462472,779364.818355605,776203.7639906837,772451.3548181404
5.0,1026562.7640499623,1023118.2454799312,1025480.6146484278,1023694.4902989977,1021172.7128588335
