,TRM,RLS,TRHS,GHS,LR
0.2,23971.100211109497,23694.725800703156,22437.446396542837,24457.172504471157,22437.446396542837
0.25,35501.73248999361,32153.0272218909,31741.445541266636,32204.646563347545,31279.68374765905
0.3333333333333333,35843.32726346763,33319.586939753615,31022.667720366302,33005.824490603634,30832.843708139648
0.5,59633.508328644864,53347.807138832606,51523.516173148295,53222.19120335732,51642.34525941436
1.0,130881.49540673029,115170.52343782519,115346.49635552785,116828.95303250295,112636.702130002
2.0,309636.6062848462,250650.3595502531,250699.0440141681,251171.81774415736,242057.66228320476
3.0,444718.83549918904,434841.3371487704,436934.2596395636,434841.3371487704,432803.5861823607
4.0,539261.0832680366,527732.0694119288,530115.0020101334,499509.24371013814,523128.93606627686
5.0,648632.8717350374,634696.0536135702,639025.4515093284,636723.6235868216,630716.8702810921
