,TRM,RLS,TRHS,GHS,LR
0.25,4438.739637376926,4438.739637376926,4438.739637376926,8510.91464267521,4438.739637376926
0.3333333333333333,7682.743151716204,13765.577237808362,7321.564302100456,13074.636308385463,7321.564302100456
0.5,24799.29764322938,22975.62812074954,22975.62812074954,26167.51460993523,22975.62812074954
1.0,63119.4214012813,62397.633626107316,62817.30678562631,62817.30678562631,62265.577939146075
2.0,71281.544531897,70572.90149950104,70572.90149950104,72685.17467119815,72225.88212002769
3.0,119714.95324567569,118675.66017722097,118675.66017722097,118821.18671494676,118675.66017722097
4.0,130161.91128902762,130161.91128902762,130161.91128902762,133638.65935853557,136571.81878317925
