,TRM,Local_Ratio,RLS,UGA_RLS,TRHS
0,756274.0533412508,742640.3365161498,746937.7228138283,750508.8125100947,751875.5587350476
1,593001.2722162954,579194.8985320126,588353.6984514731,587385.6394165619,587405.5412544989
2,477153.6535986978,473625.7470843269,467767.52759108634,474317.5252716693,476206.7080431318
3,349137.0807168874,337105.4324848357,341187.8674765404,339559.3251076739,340189.0489997904
4,143144.2496906421,137059.42120309902,141723.31329783108,138516.55596713824,137348.23406903105
