,TRM,Local Ratio,GHS,RHS,TRHS
0,141390.79581415813,135303.35555389084,135461.98706654433,138845.0652815106,135612.7099633587
