,TRM,RLS,TRHS,GHS,LR
0.2,45518.06866106144,44240.60935890055,43309.760964267014,43151.820009214345,43082.10193986387
0.25,56439.64761604256,50682.517815784646,50682.517815784646,51865.01523651764,50682.517815784646
0.3333333333333333,57182.455760632016,50852.67809387869,50839.10688036026,50538.3278736211,50516.59478531236
0.5,95017.86854835153,91936.713078689,89042.65332715829,88458.74119156854,87942.34526198439
1.0,218586.98052646365,208004.81430049846,209211.60261384622,207281.8027890236,207107.99286437663
2.0,443899.7326625931,433977.1732409056,434158.80201828555,435034.98016276985,428659.5711556478
3.0,631145.4177838799,617459.8526680854,623800.4765497866,619348.0175531511,619276.38777876
4.0,754213.2563197588,743296.1821348267,746156.9206479059,746650.6204907628,740818.0875739611
5.0,1005886.4127054267,1000785.6054642836,996912.1946482959,999888.3132221294,991494.4429784568
