,TRM,RLS,TRHS,GHS,LR
0.2,28753.16137791617,27169.591212179006,25266.902955429192,26135.589859017786,25189.58219558075
0.25,40446.28006045641,36357.67417831259,36085.063687789065,37497.81640085059,35878.611388760524
0.3333333333333333,44191.61303500317,41448.75348219016,39899.55994720292,41059.58512655572,39650.0412376159
0.5,71011.78536857398,60557.6941208685,60970.251143875226,61668.445885246176,60233.56687827344
1.0,175360.5026641402,170122.8245451157,170125.64803675126,171627.58655904594,169513.5673214047
2.0,313097.9093948076,302940.06820771564,307341.03571923444,309456.1228700207,298380.5708124625
3.0,470843.87045414245,467845.6911167904,469117.0036481448,464164.88000046473,467566.1151816278
4.0,549207.6357021813,544469.0273347809,544900.4914732529,540829.4518919348,540634.5708935075
5.0,700673.3172962894,694061.3155071938,699563.0133432492,690993.2776525569,691643.9752188016
