,TRM,RLS,TRHS,GHS,LR
0.2,27914.166644371035,25348.770969913698,25554.73911949211,27420.99527022883,24526.492110964133
0.25,57246.48321166358,53643.70639056335,54121.711391512,55474.11919794422,53643.70639056335
0.3333333333333333,44145.24982244677,43933.93620376205,42373.93314945629,45740.48157987945,42373.93314945629
0.5,89895.20666406286,78384.41223199794,76655.37967953073,79062.65613560787,76655.37967953073
1.0,215151.6869049201,213160.5061134148,213309.88792609808,213945.24648406194,212770.0650469102
2.0,389378.0342354513,379958.4144283618,384262.5875568329,378584.6333549691,372466.2595387001
3.0,590813.7631764334,585789.9880144339,588348.3282556218,588282.6859648471,585482.0834986515
4.0,753087.5569103586,747248.9624841794,747832.2389735525,744550.7254248337,741019.3236262107
5.0,952861.1114520609,946709.2114086809,948551.6303338996,940822.9477516544,942514.7609426903
