,TRM,RLS,TRHS,GHS,LR
0.2,28727.852771916507,27661.544062579596,27741.78401130505,30928.1196839711,27661.544062579596
0.25,42751.785882925324,41804.55874399985,40298.75245805862,42129.130041410026,40298.75245805862
0.3333333333333333,67722.06369564084,66325.89562812564,63496.18346646691,71586.57308617259,59883.10240383888
0.5,99378.00020198346,91192.43262424134,90146.44400784028,93949.4050223654,88757.81874895097
1.0,250395.7959573972,248705.2030437168,248798.62609005373,249538.12672656745,247721.78595147427
2.0,327604.221614004,323737.686230585,324637.9077100172,316009.6501770928,315964.26308188215
3.0,474842.20645606495,474024.7968152178,473787.8804750709,472984.10179523256,473722.1635619821
4.0,606106.4203478707,600854.0607126757,601410.8995220374,605283.9448425791,595815.7736410938
5.0,769845.7467230511,761862.7545932961,767118.199444734,765201.3365024445,761329.9091631799
