,TRM,RLS,TRHS,GHS,LR
0.2,53750.125396294876,56671.50429932772,51774.47945601762,57459.85886521316,50351.44713590529
0.25,56910.005762318535,57592.32756156605,55358.54071264169,58282.59880805561,55358.54071264169
0.3333333333333333,64294.16278162723,63111.98014629139,63023.8203575433,69412.03698713379,62242.56432735846
0.5,111570.66813571555,110566.58354961262,109581.67971090417,111044.10635510285,108894.32311800159
1.0,279800.02660787205,276204.0203233734,275359.2836120354,277813.64702284744,272708.00797075755
2.0,401218.31290935713,390116.17412669,397020.77245976916,392579.3629600882,391193.74218286044
3.0,574341.2537881994,562634.5764962852,573192.7235349865,563552.4938853901,566167.1538864226
4.0,786990.5566249873,781401.965100672,786058.3553409477,785846.3013234327,783498.3451069475
5.0,929513.959771735,912131.7142595296,927139.8325247582,907152.4605414321,913086.9287149545
