,TRM,RLS,TRHS,GHS,LR
0.2,39235.875150776155,38632.351700135776,35459.659769531274,35459.659769531274,35459.659769531274
0.25,37231.980620120245,34846.03525553253,34816.07103920997,34768.726384794994,34768.726384794994
0.3333333333333333,51495.264797051466,49325.939413331296,48743.19821255577,48657.15500074537,48657.15500074537
0.5,108961.94080343505,113446.57590905506,103277.90008995419,103575.18285713704,102715.71561663708
1.0,204554.2597727949,193382.1972164809,193868.08684352215,193806.03934361364,191075.66711355676
2.0,413787.8644569255,406648.8893569926,407619.3580914674,402790.2618604522,405032.6561263284
3.0,572743.7697997016,569970.0919149352,568780.5963998153,566765.799652494,566839.917043898
4.0,703667.6071387685,691758.406422026,694356.4045616711,694301.8480095286,694685.698563097
5.0,876049.5528834569,871356.6522440361,875835.8903523269,868105.4420617975,868685.1809204214
