,TRM,RLS,TRHS,GHS,LR
0.2,29770.625774332613,31969.30311233668,29708.32909206896,29530.433062054195,29530.433062054195
0.25,45889.3638566876,47296.31647340379,44727.024640270305,44587.59311664221,44587.59311664221
0.3333333333333333,43382.931226871166,45536.92770626408,42550.210354784846,42449.760965094276,42449.760965094276
0.5,98898.17397300585,97304.48643763884,95656.09520734368,95614.4934495271,95600.78745043058
1.0,188806.92063567054,185100.59374239814,185115.52838199507,185089.104354308,184963.88220574846
2.0,279353.27069010615,279535.8243630232,277024.55153526925,273595.42523339525,273923.00244333514
3.0,424758.8808754926,416212.61278187635,421747.344433124,420076.2721991572,418363.1506412157
4.0,589330.4606401435,585159.6187140902,587395.7163520749,585024.8542154961,581074.1635069244
5.0,694268.4634839516,694933.1153933435,693716.0601419146,696548.876616069,690801.0684940265
