,TRM,RLS,TRHS,GHS,LR
0.2,25529.88456743647,24588.4722589754,24580.43985652975,24588.4722589754,24580.43985652975
0.25,33183.88668618563,31904.2827317105,31600.10309732535,31534.32155449401,31534.32155449401
0.3333333333333333,62891.08285998034,61400.47121432903,60801.89146088739,59303.91216207452,59303.91216207452
0.5,99927.9587534445,103933.86750872522,97324.11404658708,97162.1495740254,97162.1495740254
1.0,206504.68596092376,194417.65473995364,192154.9239778549,191643.7738993614,191359.74986111635
2.0,344922.03421578737,336555.4812956053,342688.2201919025,345279.6963277051,336928.12964111293
3.0,461938.4264212055,453640.7148988156,460635.2045638024,460050.97745236714,458614.5340393567
4.0,674847.0412360302,661822.5957273302,672006.54966112,670852.3140433808,663693.9021033669
5.0,791897.176155472,779919.7348473329,790300.6366197875,786168.3296261596,780989.5859513634
