,TRM,RLS,TRHS,GHS,LR
0.2,28425.06689822119,28815.684463390688,27640.732429294847,28785.56124580891,27640.732429294847
0.25,58406.72913010983,58164.75516926149,56268.178004883055,60044.29420885547,55074.76334291353
0.3333333333333333,64084.36632810575,60684.38190997012,61413.76873387938,63272.75270142437,58963.12371817746
0.5,114684.22112331892,113928.76619588508,111108.58448365104,118384.60823702152,110991.44190973362
1.0,187787.75902163074,184994.50755793773,184758.53229235092,186807.2504780509,184758.53229235092
2.0,332095.58614884457,334507.3989878257,330387.44180845155,334316.6272954477,329661.7231794159
3.0,466106.00530057773,463231.7753821001,463981.0380834668,459983.6868676931,460275.25153611955
4.0,620917.9764584535,620526.7173460888,619914.5738380911,608701.2237033584,616463.1691820482
5.0,780062.0519183491,775188.4436053328,774906.410889174,776071.1829574136,778248.1538903784
