,TRM,Local Ratio,GHS,RHS,TRHS
0,65190.91139403873,60356.34913287085,60368.00607078587,67055.08164929903,60989.11093757924
