,TRM,RLS,TRHS,GHS,LR
0.2,39069.07587951098,35468.365983446165,35606.222177504125,44378.766159466366,35468.365983446165
0.25,36107.24073855734,36366.483478186026,32947.306883489604,36446.80907920865,31869.87751049275
0.3333333333333333,56763.255229539216,52846.23537622317,50674.81402471113,53771.51308490097,50204.88448884275
0.5,87533.03854538678,85009.0099358678,82692.57159425494,92982.36228345428,81386.06589067646
1.0,258277.2828080931,251084.38810460648,251309.65169554364,252635.5317933574,247408.63314662984
2.0,378281.7165624891,371584.1134010073,376297.4385257594,365267.0250983129,372183.8935344866
3.0,536181.3983191209,529964.6202169312,528444.1739461274,522225.81962072407,527409.1497963225
4.0,709586.4012979618,699018.8712402157,709586.4012979618,699264.3253595291,697545.001747459
5.0,935490.7884844269,923944.0556590564,933338.8445877174,909596.8010252524,928733.039846097
